IQ-TREE multicore version 2.4.0 for Linux x86 64-bit built Feb 12 2025
Developed by Bui Quang Minh, Nguyen Lam Tung, Olga Chernomor, Heiko Schmidt,
Dominik Schrempf, Michael Woodhams, Ly Trong Nhan, Thomas Wong

Host:    glacier-01 (AVX2, FMA3, 1007 GB RAM)
Command: iqtree -s results/alignments/class1_aligned.fasta --prefix results/trees/class1/AA_ -nt AUTO -bb 1000 -m MFP
Seed:    75392 (Using SPRNG - Scalable Parallel Random Number Generator)
Time:    Tue Mar 17 01:25:49 2026
Kernel:  AVX+FMA - auto-detect threads (16 CPU cores detected)

Reading alignment file results/alignments/class1_aligned.fasta ... Fasta format detected
Reading fasta file: done in 0.697177 secs using 32.87% CPU
Alignment most likely contains protein sequences
Alignment has 4166 sequences with 3651 columns, 2096 distinct patterns
1089 parsimony-informative, 562 singleton sites, 2000 constant sites
                                            Gap/Ambiguity  Composition  p-value
Analyzing sequences: done in 0.0119214 secs using 1206% CPU
   1  UP000000230|tr|A0A9J9KZX8|A0A9J9KZX8_ENT38   84.99%    passed      8.33%
   2  UP001335910|tr|A0ABU7UDK9|A0ABU7UDK9_LELAM   84.99%    passed     12.38%
   3  UP000002363|tr|A0A0H3CKX5|A0A0H3CKX5_ENTCC   84.99%    passed     36.42%
   4  UP000236063|tr|A0A2J7S4G5|A0A2J7S4G5_9ENTR   84.99%    passed     38.08%
   5  UP001219309|tr|A0ABY8EB94|A0ABY8EB94_9ENTR   84.99%    passed     38.08%
   6  UP001577381|tr|A0AA96MAI3|A0AA96MAI3_9ENTR   84.99%    passed     37.33%
   7  UP000033354|tr|A0AAW3HCR9|A0AAW3HCR9_9ENTR   84.99%    passed     44.45%
   8  UP000323234|tr|A0AAU7J601|A0AAU7J601_9ENTR   84.99%    passed     41.87%
   9  UP001175344|tr|A0AAQ1BEI6|A0AAQ1BEI6_ENTAS   84.99%    passed     40.68%
  10  UP001163211|tr|A0ABT3XBY5|A0ABT3XBY5_9ENTR   84.99%    passed     34.17%
  11  UP001270266|tr|A0ABU5CZX1|A0ABU5CZX1_9ENTR   84.99%    passed     33.49%
  12  UP000064715|tr|A0A0X4EJV3|A0A0X4EJV3_9ENTR   84.99%    passed     37.88%
  13  UP001146015|tr|A0ABT3VSS2|A0ABT3VSS2_9ENTR   84.99%    passed     38.23%
  14  UP001567731|tr|A0ABV4JIH8|A0ABV4JIH8_9ENTR   84.99%    passed     40.58%
  15  UP000077063|tr|A0ABD7KE21|A0ABD7KE21_9ENTR   84.99%    passed     33.80%
  16  UP000278241|tr|A0ABY0AZA9|A0ABY0AZA9_9ENTR   84.99%    passed     36.55%
  17  UP000250603|tr|A0ABX9F916|A0ABX9F916_9ENTR   84.99%    passed     42.10%
  18  UP001306510|tr|A0ABU6DY05|A0ABU6DY05_9ENTR   84.99%    passed     38.59%
  19  UP000787201|tr|A0AAE4IZJ8|A0AAE4IZJ8_9ENTR   84.99%    passed     33.10%
  20  UP001210538|tr|A0AAX3LIJ9|A0AAX3LIJ9_9ENTR   84.99%    passed     28.93%
  21  UP001330482|tr|A0A4R0G9F2|A0A4R0G9F2_9ENTR   84.99%    passed     25.59%
  22  UP000076880|tr|A0ABR5YSU2|A0ABR5YSU2_9ENTR   84.99%    passed     21.09%
  23  UP001490940|tr|A0ABU9PLI8|A0ABU9PLI8_9ENTR   84.99%    passed     21.79%
  24  UP001296720|tr|A0ABR9Q2S4|A0ABR9Q2S4_9ENTR   84.99%    passed     25.62%
  25  UP001467192|tr|A0ABV1ZDE4|A0ABV1ZDE4_9ENTR   84.99%    passed     19.70%
  26  UP000237025|tr|A0ABX5A7P1|A0ABX5A7P1_9ENTR   84.99%    passed     14.06%
  27  UP000323910|tr|A0ABD4KE91|A0ABD4KE91_9ENTR   84.99%    passed     10.15%
  28  UP001223214|tr|A0AAP4FWQ7|A0AAP4FWQ7_9ENTR   84.99%    passed     15.75%
  29  UP001062027|tr|A0ABT2RHH9|A0ABT2RHH9_9ENTR   84.99%    passed     16.40%
  30  UP001225042|tr|A0AAW8HAT9|A0AAW8HAT9_9ENTR   84.99%    passed     16.20%
  31  UP001310558|tr|A0A3R9PX13|A0A3R9PX13_9ENTR   84.99%    passed     15.67%
  32  UP001357437|tr|A0ABU6I107|A0ABU6I107_9ENTR   84.99%    passed     11.04%
  33  UP001061282|tr|A0A9J6QQ58|A0A9J6QQ58_9ENTR   84.99%    passed     22.77%
  34  UP001063816|tr|A0A9J6Q7K4|A0A9J6Q7K4_9ENTR   84.99%    passed     20.57%
  35  UP000706580|tr|A0ABS7RVC7|A0ABS7RVC7_9ENTR   84.99%    passed     19.36%
  36  UP000683583|tr|A0AB38PAR6|A0AB38PAR6_9ENTR   84.99%    passed     12.24%
  37  UP000683497|tr|A0ABX8JS31|A0ABX8JS31_9ENTR   84.99%    passed     13.92%
  38  UP001561463|tr|A0ABV4A4A1|A0ABV4A4A1_9ENTR   84.99%    passed     32.51%
  39  UP000006872|tr|E3G6P7|E3G6P7_ENTLS           84.99%    passed     59.06%
  40  UP000295530|tr|A0A4R6EPK4|A0A4R6EPK4_SCAGO   84.99%    passed     41.36%
  41  UP001205357|tr|A0ABT2E1N3|A0ABT2E1N3_9ENTR   84.99%    passed     38.19%
  42  UP001275664|tr|A0ABU4QS03|A0ABU4QS03_9ENTR   84.99%    passed     34.85%
  43  UP000036196|tr|A0A089PLZ0|A0A089PLZ0_PLUGE   84.99%    passed     42.06%
  44  UP000028630|tr|A0A084ZFS2|A0A084ZFS2_9ENTR   84.99%    passed     42.74%
  45  UP000037393|tr|A0A0L0GYV6|A0A0L0GYV6_9ENTR   85.02%    passed     32.24%
  46  UP000267341|tr|A0ABX9S191|A0ABX9S191_9ENTR   84.99%    passed     54.38%
  47  UP000078386|tr|A0A1B7JX70|A0A1B7JX70_9ENTR   84.99%    passed     33.57%
  48  UP000240892|tr|A0A2T2Y2B6|A0A2T2Y2B6_9ENTR   84.99%    passed     36.43%
  49  UP000503580|tr|A0A6G9RP47|A0A6G9RP47_9ENTR   84.99%    passed     34.59%
  50  UP000607331|tr|A0ABR6RMM8|A0ABR6RMM8_9ENTR   84.99%    passed     51.91%
  51  UP001331691|tr|A0A378GLV9|A0A378GLV9_9ENTR   84.99%    passed     45.68%
  52  UP000344450|tr|A0ABX6DN35|A0ABX6DN35_KLUIN   84.99%    passed     43.53%
  53  UP000253201|tr|A0ABX9G6V2|A0ABX9G6V2_9ENTR   84.99%    passed     23.03%
  54  UP001199659|tr|A0ABY3S2D1|A0ABY3S2D1_9ENTR   84.99%    passed     26.14%
  55  UP001152651|tr|A0ABM9FCP8|A0ABM9FCP8_9ENTR   84.99%    passed     29.83%
  56  UP001444146|tr|A0ABV0HDX7|A0ABV0HDX7_9ENTR   84.99%    passed     36.88%
  57  UP000010297|tr|H5V215|H5V215_ATLHE           84.99%    passed     28.66%
  58  UP001187066|tr|A0A3R9F6A5|A0A3R9F6A5_9ENTR   84.99%    passed     39.65%
  59  UP000000558|sp|Q8X4P8|FUMA_ECO57             84.99%    passed     32.58%
  60  UP000000625|sp|P0AC33|FUMA_ECOLI             84.99%    passed     33.76%
  61  UP000000747|tr|B7M9W5|B7M9W5_ECO45           84.99%    passed     33.76%
  62  UP000001122|tr|A7ZM72|A7ZM72_ECO24           84.99%    passed     33.76%
  63  UP000001410|sp|P0AC34|FUMA_ECOL6             84.99%    passed     33.76%
  64  UP000008205|tr|B7URV2|B7URV2_ECO27           84.99%    passed     33.76%
  65  UP000008216|tr|A0A0H2YZF0|A0A0H2YZF0_ECOK1   84.99%    passed     33.76%
  66  UP000008614|tr|A0A0H3EHQ5|A0A0H3EHQ5_ECO8N   84.99%    passed     33.76%
  67  UP000002716|tr|Q32FG6|Q32FG6_SHIDS           84.99%    passed     31.78%
  68  UP001235723|tr|A0A2B7MLH0|A0A2B7MLH0_9ESCH   84.99%    passed     32.05%
  69  UP001256818|tr|A0ABU1DMB3|A0ABU1DMB3_9ESCH   84.99%    passed     33.84%
  70  UP000001006|tr|A0A0H2UZL0|A0A0H2UZL0_SHIFL   84.99%    passed     33.00%
  71  UP000001030|tr|B2U2B0|B2U2B0_SHIB3           84.99%    passed     38.89%
  72  UP000002529|tr|Q3Z1W5|Q3Z1W5_SHISS           84.99%    passed     38.89%
  73  UP000000746|tr|B7L5G4|B7L5G4_ECO55           84.99%    passed     34.99%
  74  UP000605603|tr|A0ABR8T8G1|A0ABR8T8G1_9ESCH   84.99%    passed     39.28%
  75  UP000240382|tr|A0ABX5HKB9|A0ABX5HKB9_ESCAL   85.59%    passed     25.48%
  76  UP000000745|tr|B7LQQ2|B7LQQ2_ESCF3           84.99%    passed     44.62%
  77  UP000001014|sp|P40720|FUMA_SALTY             84.11%    passed     15.78%
  78  UP000002084|tr|A9MRV3|A9MRV3_SALAR           84.99%    passed     27.52%
  79  UP000002670|tr|Q8Z6R5|Q8Z6R5_SALTI           84.99%    passed     28.58%
  80  UP000002695|tr|A0A0F6B162|A0A0F6B162_SALT1   84.99%    passed     24.71%
  81  UP000008962|tr|A0A0H3NGF6|A0A0H3NGF6_SALTS   84.99%    passed     24.71%
  82  UP000248731|tr|A0A2X4TSX8|A0A2X4TSX8_SALER   84.99%    passed     26.20%
  83  UP000197991|tr|A0A248K9F0|A0A248K9F0_SALBN   84.99%    passed     26.21%
  84  UP000298196|tr|A0A4Z0KHT4|A0A4Z0KHT4_SALET   85.10%    passed     23.66%
  85  UP000746649|tr|A0ABS0ZLG1|A0ABS0ZLG1_9ENTR   84.99%    passed     29.01%
  86  UP000001889|tr|D2THM1|D2THM1_CITRI           84.99%    passed     39.01%
  87  UP000008148|tr|A8AGZ1|A8AGZ1_CITK8           84.99%    passed     50.72%
  88  UP000215286|tr|A0ACA8D6Q9|A0ACA8D6Q9_9ENTR   84.99%    passed     34.53%
  89  UP000292985|tr|A0AAP5RMW2|A0AAP5RMW2_CITAM   84.99%    passed     38.82%
  90  UP000475079|tr|A0A6L5EEF7|A0A6L5EEF7_9ENTR   84.99%    passed     37.68%
  91  UP001174867|tr|A0ABT8PV63|A0ABT8PV63_9ENTR   84.99%    passed     35.61%
  92  UP000195338|tr|A0ABY0JXC0|A0ABY0JXC0_9ENTR   84.99%    passed     40.19%
  93  UP000293850|tr|A0A4P6WKB7|A0A4P6WKB7_9ENTR   84.99%    passed     44.20%
  94  UP000586346|tr|A0ABR6TW99|A0ABR6TW99_CITBR   84.99%    passed     52.56%
  95  UP000837205|tr|A0A9N8CRZ8|A0A9N8CRZ8_9ENTR   84.99%    passed     39.54%
  96  UP001318920|tr|A0ABS1A6G1|A0ABS1A6G1_9ENTR   84.99%    passed     39.64%
  97  UP001164536|tr|A0AAE5LAW3|A0AAE5LAW3_CITFR   84.99%    passed     39.81%
  98  UP001302613|tr|A0A5A9C5M2|A0A5A9C5M2_9ENTR   84.99%    passed     45.77%
  99  UP000683579|tr|A0A6N6K4K5|A0A6N6K4K5_9ENTR   84.99%    passed     48.29%
 100  UP000835792|tr|A0ABN7GR51|A0ABN7GR51_9ENTR   84.99%    passed     50.72%
 101  UP001139290|tr|A0ABT1B7T8|A0ABT1B7T8_9ENTR   84.99%    passed     42.79%
 102  UP000296284|tr|A0ABX5T302|A0ABX5T302_9ENTR   84.99%    passed     46.14%
 103  UP000729009|tr|A0ABD6M3A8|A0ABD6M3A8_9ENTR   84.99%    passed     47.57%
 104  UP000306790|tr|A0ABY2PPB5|A0ABY2PPB5_9ENTR   84.99%    passed     57.88%
 105  UP000187000|tr|A0ACC8SBU8|A0ACC8SBU8_9ENTR   84.99%    passed     33.79%
 106  UP000005723|tr|D4E1S4|D4E1S4_SEROD           84.99%    passed     26.13%
 107  UP000430368|tr|A0ABX6GP63|A0ABX6GP63_9GAMM   84.99%    passed     36.04%
 108  UP000624159|tr|A0ABS0MDN3|A0ABS0MDN3_SERRU   84.99%    passed     38.03%
 109  UP000019030|tr|W0LAN7|W0LAN7_9GAMM           84.99%    passed     26.94%
 110  UP000216021|tr|A0A1S8CGA7|A0A1S8CGA7_9GAMM   84.99%    passed     27.02%
 111  UP001589792|tr|A0ABV6EBZ7|A0ABV6EBZ7_9GAMM   84.99%    passed     29.87%
 112  UP001165275|tr|A0ABT0KCL2|A0ABT0KCL2_9GAMM   84.99%    passed     40.76%
 113  UP001235341|tr|A0A0F7H6X8|A0A0F7H6X8_SERFO   84.99%    passed     47.62%
 114  UP000028721|tr|A0A9C7V5T9|A0A9C7V5T9_9GAMM   84.99%    passed     33.67%
 115  UP000639004|tr|A0A4Q4LGE3|A0A4Q4LGE3_SERPR   84.99%    passed     41.11%
 116  UP001558101|tr|A0ABV3UKW7|A0ABV3UKW7_9GAMM   84.99%    passed     40.26%
 117  UP000595237|tr|A0ABX7D7L4|A0ABX7D7L4_SERLI   84.99%    passed     34.12%
 118  UP000284338|tr|A0AA92X4A0|A0AA92X4A0_9GAMM   84.99%    passed     35.38%
 119  UP000594967|tr|A0A7T2WAA2|A0A7T2WAA2_SERPL   84.99%    passed     40.77%
 120  UP000183031|tr|A0A1G5IFR8|A0A1G5IFR8_9GAMM   84.99%    passed     20.14%
 121  UP001177872|tr|A0ABU0VKG4|A0ABU0VKG4_9GAMM   84.99%    passed     21.34%
 122  UP001174748|tr|A0AAW6XAB1|A0AAW6XAB1_9GAMM   84.99%    passed     19.24%
 123  UP000635335|tr|A0ABS0M162|A0ABS0M162_9GAMM   84.99%    passed     20.45%
 124  UP001622968|tr|A0ABW8QPH3|A0ABW8QPH3_9GAMM   84.99%    passed     17.83%
 125  UP000247823|tr|A0A0G3SR61|A0A0G3SR61_SERMA   84.99%    passed     21.59%
 126  UP001199135|tr|A0ABS8J705|A0ABS8J705_9GAMM   84.99%    passed     22.05%
 127  UP001176500|tr|A0ABT8LTF5|A0ABT8LTF5_9GAMM   84.99%    passed     21.72%
 128  UP000215134|tr|A0A240CAJ4|A0A240CAJ4_SERFI   84.99%    passed     20.63%
 129  UP001056873|tr|A0ABY5CR08|A0ABY5CR08_9GAMM   84.99%    passed     15.70%
 130  UP000013568|tr|E9CLS3|E9CLS3_9GAMM           84.96%    passed     31.41%
 131  UP000029986|tr|A0A097R3A8|A0A097R3A8_HAFAL   84.99%    passed     27.78%
 132  UP000078431|tr|A0AA91EBG0|A0AA91EBG0_9GAMM   84.22%    passed     31.49%
 133  UP000218796|tr|A0A2A2MEJ2|A0A2A2MEJ2_9GAMM   84.99%    passed     27.31%
 134  UP000028653|tr|A0A085GEU7|A0A085GEU7_9ENTR   84.99%    passed     48.95%
 135  UP000276295|tr|A0A3A5K8F7|A0A3A5K8F7_9ENTR   84.99%    passed     46.39%
 136  UP000078407|tr|A0ABX2W4J5|A0ABX2W4J5_9ENTR   84.99%    passed     55.10%
 137  UP001246690|tr|A0ABY9S4D3|A0ABY9S4D3_9ENTR   84.99%    passed     54.90%
 138  UP001555342|tr|A0ABV3P151|A0ABV3P151_9ENTR   84.99%    passed     43.78%
 139  UP000078286|tr|A0A1B7HVR9|A0A1B7HVR9_9ENTR   84.25%    passed     46.53%
 140  UP000078410|tr|A0A1B7ISU4|A0A1B7ISU4_9ENTR   84.99%    passed     53.83%
 141  UP000268615|tr|A0A3N5EH42|A0A3N5EH42_9ENTR   84.99%    passed     56.08%
 142  UP000697927|tr|A0ABX0VKF8|A0ABX0VKF8_9ENTR   84.99%    passed     22.15%
 143  UP001150641|tr|A0A9X3AP76|A0A9X3AP76_9ENTR   84.99%    passed     25.11%
 144  UP000029481|tr|A0A089PTE4|A0A089PTE4_9ENTR   84.99%    passed     41.93%
 145  UP000274122|tr|A0A3S4INM4|A0A3S4INM4_9ENTR   84.99%    passed     37.61%
 146  UP000686327|tr|A0ABS6DL06|A0ABS6DL06_9ENTR   84.99%    passed     38.55%
 147  UP000037315|tr|A0A0J8VR49|A0A0J8VR49_9ENTR   84.99%    passed     34.33%
 148  UP001447374|tr|A0ABV1PHB5|A0ABV1PHB5_9ENTR   84.99%    passed     29.81%
 149  UP000240212|tr|A0A2P8VG96|A0A2P8VG96_9ENTR   84.99%    passed     52.39%
 150  UP001156318|tr|A0ABY6JLD8|A0ABY6JLD8_9ENTR   84.99%    passed     33.88%
 151  UP000000260|tr|A7MMM4|A7MMM4_CROS8           84.99%    passed     43.30%
 152  UP000009342|tr|A0ABP1W7D9|A0ABP1W7D9_9ENTR   84.99%    passed     44.53%
 153  UP000254849|tr|A0AAC8ZRC9|A0AAC8ZRC9_9ENTR   84.99%    passed     45.45%
 154  UP000244731|tr|V5TZ68|V5TZ68_9ENTR           84.99%    passed     56.54%
 155  UP000469927|tr|A0A2T7B084|A0A2T7B084_9ENTR   84.99%    passed     55.20%
 156  UP000002069|tr|C9Y3P8|C9Y3P8_CROTZ           84.99%    passed     46.92%
 157  UP000067320|tr|K7ZX61|K7ZX61_9ENTR           84.99%    passed     47.73%
 158  UP000017834|tr|A0ABN0Q3L6|A0ABN0Q3L6_ENTCL   84.99%    passed     15.36%
 159  UP000187148|tr|A0A807LF23|A0A807LF23_9ENTR   84.99%    passed     15.36%
 160  UP001466893|tr|A0ABZ3AZR4|A0ABZ3AZR4_9ENTR   84.99%    passed     18.42%
 161  UP000078227|tr|A0AA94H238|A0AA94H238_9ENTR   84.99%    passed     24.28%
 162  UP000198515|tr|A0A1C4G6A8|A0A1C4G6A8_9ENTR   84.99%    passed     23.94%
 163  UP000198760|tr|A0AAX2ENI4|A0AAX2ENI4_9ENTR   84.99%    passed     23.23%
 164  UP000199187|tr|A0A1I6ZI53|A0A1I6ZI53_9ENTR   84.99%    passed     30.14%
 165  UP000219642|tr|A0ABX4IIK8|A0ABX4IIK8_9ENTR   84.99%    passed     18.44%
 166  UP001302368|tr|A0ABZ0MJ32|A0ABZ0MJ32_9ENTR   84.99%    passed     24.54%
 167  UP000291793|tr|A0A4R0GWG4|A0A4R0GWG4_9ENTR   84.99%    passed     15.15%
 168  UP000198975|tr|A0A1C4CV81|A0A1C4CV81_9ENTR   84.99%    passed      5.98%
 169  UP001286589|tr|A0AB35RM71|A0AB35RM71_9ENTR   84.99%    passed      9.06%
 170  UP001320460|tr|A0ABN6LNM8|A0ABN6LNM8_9ENTR   84.99%    passed     11.91%
 171  UP001596169|tr|A0ABW1Q295|A0ABW1Q295_9ENTR   84.99%    passed     16.80%
 172  UP001411173|tr|A0ABU9VB28|A0ABU9VB28_9ENTR   84.99%    passed     14.58%
 173  UP000007841|tr|A0A0H3GP67|A0A0H3GP67_KLEPH   84.99%    passed      6.57%
 174  UP000019183|tr|W1DJ17|W1DJ17_KLEPN           84.99%    passed      6.57%
 175  UP000255382|tr|A0A378B3H4|A0A378B3H4_KLEPO   84.99%    passed      6.12%
 176  UP000245760|tr|A0AAI8ISH5|A0AAI8ISH5_9ENTR   84.99%    passed     11.02%
 177  UP000259400|tr|A0A223UBV2|A0A223UBV2_9ENTR   84.99%    passed     10.03%
 178  UP001057074|tr|A0ACD4AHA9|A0ACD4AHA9_9ENTR   84.99%    passed      9.73%
 179  UP000789617|tr|A0A9P0UVT5|A0A9P0UVT5_KLEVA   84.99%    passed      8.22%
 180  UP000008881|tr|A0A0H3FS66|A0A0H3FS66_KLEAK   84.99%    passed      8.19%
 181  UP000036305|tr|A0A0J2HYC4|A0A0J2HYC4_9ENTR   84.99%    passed      7.65%
 182  UP001221816|tr|A0ABD5HQ04|A0ABD5HQ04_9ENTR   84.99%    passed     10.54%
 183  UP001458070|tr|A0A285B4T7|A0A285B4T7_9ENTR   84.99%    passed     14.23%
 184  UP000317652|tr|A0A564L9S3|A0A564L9S3_9ENTR   84.99%    passed     11.46%
 185  UP001075001|tr|A0ABT6EDX9|A0ABT6EDX9_9ENTR   84.99%    passed     10.40%
 186  UP000673434|tr|A0A2X4YZY0|A0A2X4YZY0_KLEOX   84.99%    passed     18.39%
 187  UP001210130|tr|A0AAJ5UGB6|A0AAJ5UGB6_9ENTR   84.99%    passed      9.01%
 188  UP001293169|tr|A0AAN5L1R2|A0AAN5L1R2_RAOPL   84.99%    passed     11.47%
 189  UP001350972|tr|A0A7T8CHQ9|A0A7T8CHQ9_RAOOR   84.99%    passed     14.93%
 190  UP001312893|tr|A0ABU9F4X6|A0ABU9F4X6_9ENTR   84.99%    passed     11.51%
 191  UP001334005|tr|A0ABU8Z4F4|A0ABU8Z4F4_9ENTR   84.99%    failed      2.03%
 192  UP000307430|tr|A0A5R9LP35|A0A5R9LP35_9ENTR   84.96%    passed      6.58%
 193  UP000029462|tr|A0A090V3Y8|A0A090V3Y8_PSEVU   84.99%    passed     40.08%
 194  UP000267630|tr|A0A7Z9CRH7|A0A7Z9CRH7_RAOTE   84.96%    passed     17.71%
 195  UP000237073|tr|A0A2P5GU06|A0A2P5GU06_9ENTR   84.99%    passed     15.96%
 196  UP000044377|tr|A0A0G4JTA8|A0A0G4JTA8_9GAMM   84.99%    passed     34.65%
 197  UP000671960|tr|A0ABX7UXV5|A0ABX7UXV5_9GAMM   84.99%    passed     52.71%
 198  UP001309705|tr|A0ABU6JV34|A0ABU6JV34_9GAMM   84.99%    passed     36.73%
 199  UP000217182|tr|A0A250B305|A0A250B305_9GAMM   84.96%    passed     24.57%
 200  UP001499994|tr|A0ABP7LGF1|A0ABP7LGF1_9GAMM   84.96%    passed     22.24%
 201  UP000001955|tr|I2B9Y3|I2B9Y3_SHIBC           84.99%    passed     43.89%
 202  UP000001702|tr|D4GFG6|D4GFG6_PANAM           84.44%    passed     33.55%
 203  UP000192380|tr|H3RKL2|H3RKL2_PANSE           84.99%    passed     39.30%
 204  UP001197236|tr|A0ABS6VFI1|A0ABS6VFI1_9GAMM   84.99%    passed     39.23%
 205  UP000198968|tr|A0A1I5E1W5|A0A1I5E1W5_9GAMM   84.99%    passed     20.51%
 206  UP000254640|tr|A0A379LQZ0|A0A379LQZ0_ENTAG   84.99%    passed     19.82%
 207  UP001244623|tr|A0ABT9TBT1|A0ABT9TBT1_9GAMM   84.99%    passed     20.78%
 208  UP000610459|tr|A0ACC5PIE3|A0ACC5PIE3_ENTAG   84.99%    passed     23.07%
 209  UP000324255|tr|A0AB34CL88|A0AB34CL88_9GAMM   84.99%    passed     20.66%
 210  UP000426772|tr|A0ABY3LIK7|A0ABY3LIK7_9GAMM   84.99%    passed     19.32%
 211  UP000315469|tr|A0ABY2ZQM5|A0ABY2ZQM5_9GAMM   84.99%    passed     29.12%
 212  UP000316142|tr|A0ABY2Z8N8|A0ABY2Z8N8_9GAMM   84.99%    passed     22.15%
 213  UP000317747|tr|A0A506QJC0|A0A506QJC0_9GAMM   84.99%    passed     23.82%
 214  UP001468095|tr|A0ABU9MNF4|A0ABU9MNF4_9GAMM   84.99%    passed     16.32%
 215  UP000001726|tr|B2VDT3|B2VDT3_ERWT9           84.99%    passed     29.55%
 216  UP000018217|tr|V5Z7P6|V5Z7P6_9GAMM           84.99%    passed     42.63%
 217  UP000662840|tr|A0ABX7MQZ3|A0ABX7MQZ3_ERWAM   84.99%    passed     55.69%
 218  UP001058553|tr|A0ABY5X3G4|A0ABY5X3G4_ERWPY   84.99%    passed     15.70%
 219  UP000480164|tr|A0A6I6ELR3|A0A6I6ELR3_9GAMM   84.99%    passed     23.04%
 220  UP000661012|tr|A0ABR8ZP47|A0ABR8ZP47_9GAMM   84.99%    passed     10.12%
 221  UP000633731|tr|A0ACC5RQ97|A0ACC5RQ97_ENTAG   84.99%    passed     32.40%
 222  UP000677515|tr|A0ABM7MZG4|A0ABM7MZG4_ERWRD   84.99%    passed     32.10%
 223  UP000239181|tr|A0A2S9IFL4|A0A2S9IFL4_9GAMM   85.02%    passed     29.27%
 224  UP000244334|tr|A0A1E7YXG6|A0A1E7YXG6_9GAMM   84.99%    passed     15.53%
 225  UP001306592|tr|A0ABU8DLR1|A0ABU8DLR1_ERWAP   84.99%    passed     14.65%
 226  UP000288794|tr|A0A443ICE1|A0A443ICE1_9GAMM   84.99%    passed     37.17%
 227  UP000505325|tr|A0A6M8U8F2|A0A6M8U8F2_9GAMM   84.99%    passed      9.05%
 228  UP000029495|tr|A0ABM5RKZ6|A0ABM5RKZ6_9GAMM   85.02%    passed     30.44%
 229  UP001515780|tr|A0ABX0RM04|A0ABX0RM04_9GAMM   85.02%    passed     35.87%
 230  UP000780690|tr|A0ABX0QQQ6|A0ABX0QQQ6_9GAMM   85.02%    passed     40.91%
 231  UP000232062|tr|A0A2M9WA34|A0A2M9WA34_9GAMM   85.02%    passed     44.48%
 232  UP000069096|tr|A0A0U3JUW3|A0A0U3JUW3_9GAMM   85.02%    passed     45.38%
 233  UP000198841|tr|A0A1I3QWI7|A0A1I3QWI7_9GAMM   85.02%    passed     32.93%
 234  UP001300015|tr|A0ABT1VJ58|A0ABT1VJ58_9GAMM   85.02%    passed     32.93%
 235  UP000219271|tr|A0A286BMA5|A0A286BMA5_9GAMM   85.02%    passed     37.88%
 236  UP001362100|tr|A0ABU8PW78|A0ABU8PW78_9GAMM   85.02%    passed     33.53%
 237  UP000234296|tr|A0ABX4SVV6|A0ABX4SVV6_9GAMM   85.02%    passed     25.17%
 238  UP001548992|tr|A0ABV2DV02|A0ABV2DV02_9GAMM   85.02%    passed     29.00%
 239  UP001288620|tr|A0ABU5LFF4|A0ABU5LFF4_9GAMM   85.02%    passed     25.27%
 240  UP000193104|tr|A0A1X1D4A6|A0A1X1D4A6_9GAMM   85.02%    passed     33.32%
 241  UP000319715|tr|A0ABY3A4R8|A0ABY3A4R8_9GAMM   85.02%    passed     21.24%
 242  UP000193749|tr|A0A1X1ETP1|A0A1X1ETP1_PANCY   85.02%    passed     35.24%
 243  UP000319411|tr|A0A518XBZ3|A0A518XBZ3_9GAMM   85.02%    passed     29.29%
 244  UP001171299|tr|A0AAP9KP25|A0AAP9KP25_9GAMM   85.02%    passed     23.67%
 245  UP000809137|tr|A0ABS1Z1S8|A0ABS1Z1S8_9GAMM   85.02%    passed     23.55%
 246  UP000192769|tr|A0A1V9DCG1|A0A1V9DCG1_9GAMM   84.99%    passed     32.93%
 247  UP000193785|tr|A0ABX3UX85|A0ABX3UX85_9GAMM   84.99%    passed     13.38%
 248  UP001211544|tr|A0AAJ5QG68|A0AAJ5QG68_9GAMM   84.99%    passed     23.03%
 249  UP000281332|tr|A0A3N4NUL4|A0A3N4NUL4_9GAMM   84.99%    passed     29.06%
 250  UP000059419|tr|A0A0U5GSI6|A0A0U5GSI6_9GAMM   84.99%    passed     19.49%
 251  UP000009010|tr|H2J224|H2J224_RAHAC           84.99%    passed     44.20%
 252  UP001598201|tr|A0A0H3FHH6|A0A0H3FHH6_RAHSY   84.99%    passed     43.85%
 253  UP000699865|tr|A0ABS6L3Y8|A0ABS6L3Y8_9GAMM   84.99%    passed     42.52%
 254  UP000284853|tr|A0ABX9PSG2|A0ABX9PSG2_9GAMM   84.99%    passed     43.00%
 255  UP000739284|tr|A0ABS6LJD4|A0ABS6LJD4_9GAMM   84.99%    passed     40.42%
 256  UP000734343|tr|A0ABS6LWU7|A0ABS6LWU7_9GAMM   84.99%    passed     45.04%
 257  UP000284908|tr|A0A419N7T9|A0A419N7T9_9GAMM   84.99%    passed     56.28%
 258  UP000600307|tr|A0ABS0DX79|A0ABS0DX79_9GAMM   84.99%    passed     42.31%
 259  UP000284119|tr|A0ABX9NZN7|A0ABX9NZN7_9GAMM   84.99%    passed     54.84%
 260  UP000627464|tr|A0ABQ1H178|A0ABQ1H178_9GAMM   84.99%    passed     51.81%
 261  UP000317663|tr|A0A502GV98|A0A502GV98_9GAMM   84.99%    passed     35.09%
 262  UP000239197|tr|A0A2L1UXG3|A0A2L1UXG3_9GAMM   84.99%    passed     22.79%
 263  UP000476696|tr|A0A6M2B7Q6|A0A6M2B7Q6_9GAMM   84.99%    passed     34.23%
 264  UP000636811|tr|A0ABS0E1E8|A0ABS0E1E8_9GAMM   84.99%    passed     31.55%
 265  UP000028640|tr|A0A085G655|A0A085G655_EWIA3   84.96%    passed     63.96%
 266  UP000585363|tr|A0A848MGK7|A0A848MGK7_9GAMM   84.99%    passed     31.51%
 267  UP000008793|tr|D8MR10|D8MR10_ERWBE           84.99%    passed      9.14%
 268  UP001228139|tr|A0AA50HNT9|A0AA50HNT9_9GAMM   84.99%    passed      7.75%
 269  UP000030351|tr|A0A0A3YL45|A0A0A3YL45_9GAMM   84.99%    passed      7.05%
 270  UP000190667|tr|A0A1S8YQN1|A0A1S8YQN1_9GAMM   85.02%    failed      2.70%
 271  UP000242222|tr|A0A1I4UX28|A0A1I4UX28_9GAMM   85.02%    passed     33.10%
 272  UP000019918|tr|A0A014NCI2|A0A014NCI2_9GAMM   84.99%    passed     22.45%
 273  UP001554567|tr|A0ABV3N7B4|A0ABV3N7B4_9GAMM   84.99%    passed     23.47%
 274  UP000279457|tr|A0A3N6RUP6|A0A3N6RUP6_9GAMM   84.99%    passed     40.27%
 275  UP000033924|tr|A0A0M2KJU1|A0A0M2KJU1_9GAMM   84.99%    passed     63.15%
 276  UP000401081|tr|A0A2X3E766|A0A2X3E766_KLUCR   84.96%    passed     22.77%
 277  UP000294555|tr|A0A4R1N7N0|A0A4R1N7N0_9GAMM   84.99%    passed     45.42%
 278  UP001515683|tr|A0ABX0RIU4|A0ABX0RIU4_9GAMM   84.99%    passed     74.62%
 279  UP000002230|tr|A0A0H3DUB2|A0A0H3DUB2_EDWTF   84.99%    passed     31.25%
 280  UP000002634|tr|A0AAU8P416|A0AAU8P416_EDWPI   84.99%    passed     31.25%
 281  UP001238370|tr|A0ABY8SFA1|A0ABY8SFA1_9GAMM   84.99%    passed     37.77%
 282  UP000175893|tr|A0A376DD21|A0A376DD21_9GAMM   84.99%    passed     39.16%
 283  UP000245918|tr|A0AC61TLB1|A0AC61TLB1_EDWTA   84.99%    passed     43.16%
 284  UP000254848|tr|A0A370R2Z9|A0A370R2Z9_9GAMM   84.99%    passed     28.58%
 285  UP000030665|tr|A0A077ZE82|A0A077ZE82_TRITR   84.99%    passed     27.63%
 286  UP000477739|tr|A0A6L6IRU9|A0A6L6IRU9_9ENTR   86.31%    passed     20.96%
 287  UP000009073|tr|C4LAH1|C4LAH1_TOLAT           84.96%    passed     27.32%
 288  UP000585721|tr|A0A841G7Q8|A0A841G7Q8_9GAMM   84.99%    passed     18.88%
 289  UP000078225|tr|A0A1B7L273|A0A1B7L273_9ENTR   89.48%    passed     33.62%
 290  UP000000815|tr|A0A2U2H0M8|A0A2U2H0M8_YERPE   85.02%    passed     53.06%
 291  UP000268669|tr|A0ABN5R210|A0ABN5R210_YERPU   85.02%    passed     53.06%
 292  UP000019439|tr|A0A0T9R1J3|A0A0T9R1J3_9GAMM   85.02%    passed     48.02%
 293  UP000047420|tr|A0ABP1ZJ46|A0ABP1ZJ46_9GAMM   85.02%    passed     55.17%
 294  UP000003027|tr|A0ABP2EAN5|A0ABP2EAN5_YERMW   85.02%    passed     41.32%
 295  UP000010319|tr|A0ABP2E9B7|A0ABP2E9B7_YERBE   85.02%    passed     46.61%
 296  UP000069914|tr|A0A0T9TTE4|A0A0T9TTE4_YERAE   85.02%    passed     35.48%
 297  UP000029430|tr|A0ABR4W1A4|A0ABR4W1A4_YERFR   85.02%    passed     34.05%
 298  UP001057860|tr|A0ABY5URK0|A0ABY5URK0_9GAMM   85.02%    passed     37.29%
 299  UP000041601|tr|A0A0E1NDY8|A0A0E1NDY8_YEREN   85.02%    passed     36.64%
 300  UP001629523|tr|A0ABW9F2Q8|A0ABW9F2Q8_9GAMM   85.02%    passed     35.85%
 301  UP000195840|tr|A0A0T9LK06|A0A0T9LK06_YERKR   85.02%    passed     36.49%
 302  UP000038647|tr|A0ABP1YP87|A0ABP1YP87_YERAL   85.02%    passed     41.00%
 303  UP000464402|tr|A0A857EXK5|A0A857EXK5_9GAMM   85.02%    passed     29.77%
 304  UP000031883|tr|A0A386HBW7|A0A386HBW7_9GAMM   85.02%    passed     35.22%
 305  UP000041882|tr|A0A0T9PKJ9|A0A0T9PKJ9_9GAMM   85.02%    passed     29.77%
 306  UP000424966|tr|A0ABX6FC37|A0ABX6FC37_YERIN   85.02%    passed     44.31%
 307  UP000031914|tr|A0ABM5SFF0|A0ABM5SFF0_YERRO   85.02%    passed     33.77%
 308  UP000288804|tr|A0ABX5R2A4|A0ABX5R2A4_9GAMM   85.02%    passed     27.85%
 309  UP000240908|tr|A0A2R4NT95|A0A2R4NT95_9GAMM   85.02%    passed     38.62%
 310  UP000044625|tr|A0A0T9Q9K7|A0A0T9Q9K7_9GAMM   85.02%    passed     40.06%
 311  UP000040578|tr|A0AAW7K614|A0AAW7K614_9GAMM   85.02%    passed     26.85%
 312  UP000266744|tr|A0ABN4PZN3|A0ABN4PZN3_YERET   85.02%    passed     27.57%
 313  UP000255169|tr|A0A085U407|A0A085U407_YERRU   85.02%    passed     33.58%
 314  UP000001446|tr|D2BT79|D2BT79_DICZ5           85.02%    passed     34.26%
 315  UP000824976|tr|A0ABX8VWS6|A0ABX8VWS6_9GAMM   85.02%    passed     33.56%
 316  UP000810130|tr|A0AB39IK06|A0AB39IK06_9GAMM   85.02%    passed     33.60%
 317  UP001359469|tr|A0ABU8JHI8|A0ABU8JHI8_DICCH   85.02%    passed     27.26%
 318  UP000271870|tr|A0A3N0FYK8|A0A3N0FYK8_9GAMM   85.02%    passed     26.06%
 319  UP000320591|tr|A0A5B8HQ07|A0A5B8HQ07_9GAMM   85.02%    passed     35.12%
 320  UP000006859|tr|E0SB60|E0SB60_DICD3           85.02%    passed     23.90%
 321  UP000231901|tr|A0A2K8QIS8|A0A2K8QIS8_9GAMM   85.02%    passed     20.43%
 322  UP001187868|tr|A0ABU4EF18|A0ABU4EF18_9GAMM   85.02%    passed     17.11%
 323  UP000266633|tr|A0AAX1C9I8|A0AAX1C9I8_9GAMM   85.02%    passed     32.56%
 324  UP000294820|tr|A0A375A7J2|A0A375A7J2_9GAMM   85.02%    passed     32.81%
 325  UP001219630|tr|A0ABY8GAU4|A0ABY8GAU4_9GAMM   85.02%    passed     31.48%
 326  UP000002734|tr|C6CD77|C6CD77_MUSP7           84.96%    passed     34.23%
 327  UP000007966|tr|Q6D8R8|Q6D8R8_PECAS           85.02%    passed     32.23%
 328  UP000032869|tr|A0A093T5H7|A0A093T5H7_9GAMM   85.02%    passed     29.80%
 329  UP000029447|tr|A0ABR4VKJ2|A0ABR4VKJ2_9GAMM   85.02%    passed     34.29%
 330  UP000256817|tr|A0AA93DQE2|A0AA93DQE2_9GAMM   85.02%    passed     25.03%
 331  UP000806577|tr|A0A9Q2ENC2|A0A9Q2ENC2_9GAMM   85.02%    passed     34.12%
 332  UP001058167|tr|A0AAI9L4X0|A0AAI9L4X0_PECCC   85.02%    passed     34.12%
 333  UP001617689|tr|A0ABW8GCM6|A0ABW8GCM6_9GAMM   85.02%    passed     34.12%
 334  UP001617714|tr|A0AAP9IHL8|A0AAP9IHL8_9GAMM   85.02%    passed     32.02%
 335  UP001313132|tr|A0A221TD89|A0A221TD89_9GAMM   85.02%    passed     28.51%
 336  UP000762586|tr|A0A086F294|A0A086F294_9GAMM   85.02%    passed     28.10%
 337  UP001617702|tr|A0ABW8GV94|A0ABW8GV94_9GAMM   85.02%    passed     29.28%
 338  UP000530038|tr|A0ABR5ZFE3|A0ABR5ZFE3_9GAMM   85.02%    passed     20.82%
 339  UP000502681|tr|A0ABX6KYR7|A0ABX6KYR7_9GAMM   85.02%    passed     27.48%
 340  UP001463408|tr|A0ABV1P792|A0ABV1P792_9GAMM   85.02%    passed     29.80%
 341  UP000234468|tr|A0ABX4S4E5|A0ABX4S4E5_9GAMM   85.02%    passed     30.72%
 342  UP001138460|tr|A0A9X8JKN7|A0A9X8JKN7_9GAMM   85.02%    passed     40.18%
 343  UP001194579|tr|A0A0H3I004|A0A0H3I004_PECPM   85.02%    passed     39.59%
 344  UP000029436|tr|A0AAW3EKA6|A0AAW3EKA6_9GAMM   85.02%    passed     38.44%
 345  UP000053038|tr|A0A7V8IJD3|A0A7V8IJD3_9GAMM   85.02%    passed     28.12%
 346  UP001055618|tr|A0AAQ0WX76|A0AAQ0WX76_9GAMM   85.02%    passed     31.98%
 347  UP001377830|tr|A0AAN0K953|A0AAN0K953_9GAMM   85.02%    passed     39.51%
 348  UP000295433|tr|A0A4V2VTR8|A0A4V2VTR8_9GAMM   85.02%    passed     25.60%
 349  UP001379444|tr|A0ABZ2GDF0|A0ABZ2GDF0_9GAMM   85.02%    passed     24.15%
 350  UP000245138|tr|A0A2U1TRA1|A0A2U1TRA1_9GAMM   85.02%    passed     21.24%
 351  UP000253046|tr|A0A366HVT1|A0A366HVT1_9GAMM   85.02%    passed     14.05%
 352  UP001165568|tr|A0AA41Y0T1|A0AA41Y0T1_9GAMM   85.02%    passed     14.23%
 353  UP000299580|tr|A0A4P8QTY5|A0A4P8QTY5_9GAMM   85.02%    passed     28.08%
 354  UP000285648|tr|A0A421DMT4|A0A421DMT4_9GAMM   85.02%    passed     33.06%
 355  UP000296159|tr|A0A2U1TX52|A0A2U1TX52_9GAMM   85.02%    passed     26.20%
 356  UP001203069|tr|A0ABT0MTC6|A0ABT0MTC6_9GAMM   85.02%    passed     24.31%
 357  UP000303847|tr|A0A2U1UEY3|A0A2U1UEY3_9GAMM   85.02%    passed     22.37%
 358  UP000825886|tr|A0ABX9ANR8|A0ABX9ANR8_9ENTR   85.02%    passed     16.52%
 359  UP000187280|tr|A0A1H4D6N4|A0A1H4D6N4_9GAMM   85.02%    passed     31.36%
 360  UP000263881|tr|A0AAD0SGV8|A0AAD0SGV8_9GAMM   85.02%    passed     28.16%
 361  UP000194040|tr|A0ABX3XIH9|A0ABX3XIH9_9GAMM   85.02%    passed     33.38%
 362  UP000249893|tr|A0ACD1JF83|A0ACD1JF83_9GAMM   85.02%    passed     10.48%
 363  UP000250186|tr|A0ABX9ESA5|A0ABX9ESA5_9GAMM   85.02%    passed     10.48%
 364  UP000017700|tr|A0A2I5TP72|A0A2I5TP72_SERS3   85.02%    passed     29.36%
 365  UP000302163|tr|A0A4P8YK90|A0A4P8YK90_9ENTR   84.99%    passed     54.22%
 366  UP000659047|tr|A0A8K0V458|A0A8K0V458_9ENTR   84.99%    passed     18.13%
 367  UP000746420|tr|A0A949Q606|A0A949Q606_9ENTR   84.99%    passed     18.13%
 368  UP000028602|tr|A0A085JPW4|A0A085JPW4_9GAMM   84.94%    passed      7.70%
 369  UP001596230|tr|A0ABW1VU10|A0ABW1VU10_9GAMM   84.94%    passed     12.66%
 370  UP000029577|tr|A0A095TIW2|A0A095TIW2_9GAMM   84.99%    passed     28.44%
 371  UP000195729|tr|A0A1Y0L4N3|A0A1Y0L4N3_TATCI   84.99%    passed     35.46%
 372  UP001596215|tr|A0ABW1VNU6|A0ABW1VNU6_9GAMM   84.99%    passed     34.44%
 373  UP001565243|tr|A0ABV4EA76|A0ABV4EA76_9GAMM   84.99%    passed     37.49%
 374  UP001605250|tr|A0ABW7CQA8|A0ABW7CQA8_9GAMM   84.99%    passed     38.23%
 375  UP001064262|tr|A0A9J6PI14|A0A9J6PI14_9GAMM   84.96%    passed     13.45%
 376  UP001195624|tr|A0ABS4PC62|A0ABS4PC62_9GAMM   84.96%    passed     16.78%
 377  UP000242515|tr|A0A1H9JSP9|A0A1H9JSP9_9GAMM   84.94%    passed     12.10%
 378  UP000790096|tr|A0ABS5T063|A0ABS5T063_9GAMM   84.94%    passed     22.57%
 379  UP000786875|tr|A0ABS5T555|A0ABS5T555_9GAMM   84.94%    failed      4.42%
 380  UP000335415|tr|A0A5J5FWK0|A0A5J5FWK0_9GAMM   85.02%    passed     28.91%
 381  UP000305202|tr|A0ABY2SFX9|A0ABY2SFX9_9HYPH   84.96%    passed     35.78%
 382  UP000242642|tr|A0A1H9ZD74|A0A1H9ZD74_9GAMM   84.83%    passed     16.08%
 383  UP001589758|tr|A0ABV6C9P7|A0ABV6C9P7_9GAMM   84.94%    passed      5.23%
 384  UP000004913|tr|F5IV32|F5IV32_9BACT           85.05%    passed      7.52%
 385  UP001596023|tr|A0ABV9L135|A0ABV9L135_9BACT   85.05%    passed     14.26%
 386  UP000555103|tr|A0A840CFE7|A0A840CFE7_9BACT   85.05%    passed     20.50%
 387  UP000006420|tr|F8X2U9|F8X2U9_9BACT           85.05%    passed     16.34%
 388  UP000184480|tr|A0A1M5FCC6|A0A1M5FCC6_9BACT   85.02%    passed     10.61%
 389  UP000297861|tr|A0A4Y8L1G0|A0A4Y8L1G0_9BACT   85.02%    failed      4.27%
 390  UP000247973|tr|A0A2V3PTQ6|A0A2V3PTQ6_9BACT   85.02%    passed     16.45%
 391  UP000182761|tr|A0A0X3AR64|A0A0X3AR64_9FLAO   85.07%    failed      2.27%
 392  UP000238042|tr|A0A2S8ADQ4|A0A2S8ADQ4_9FLAO   85.05%    failed      2.45%
 393  UP000032417|tr|A0A098C2D8|A0A098C2D8_9BACT   85.05%    passed     20.63%
 394  UP000187464|tr|A0A1R3T423|A0A1R3T423_9BACT   85.05%    passed     21.90%
 395  UP000178485|tr|A0A1G4G4M0|A0A1G4G4M0_9BACT   85.05%    passed     29.79%
 396  UP000224974|tr|A0A2C6BV85|A0A2C6BV85_9GAMM   85.24%    passed     11.85%
 397  UP000244908|tr|A0A2Y9TYT3|A0A2Y9TYT3_9GAMM   85.24%    passed     18.43%
 398  UP001296969|tr|A0A9D7FV34|A0A9D7FV34_9GAMM   85.24%    passed     20.75%
 399  UP000293154|tr|A0A411WQI0|A0A411WQI0_9GAMM   85.24%    passed     21.59%
 400  UP001139171|tr|A0A9X1MY83|A0A9X1MY83_9GAMM   85.24%    passed     19.26%
 401  UP001296921|tr|A0ABS1IQ88|A0ABS1IQ88_9GAMM   85.24%    passed     17.91%
 402  UP001059610|tr|A0ABQ5LLJ2|A0ABQ5LLJ2_9GAMM   85.24%    passed     17.87%
 403  UP000249005|tr|A0A2X4UFJ9|A0A2X4UFJ9_9GAMM   85.24%    passed     19.66%
 404  UP001058124|tr|A0AAV5N4J4|A0AAV5N4J4_9GAMM   85.24%    passed     27.62%
 405  UP000000566|tr|A6LFL4|A6LFL4_PARD8           85.15%    passed     42.76%
 406  UP000236725|tr|A0A8G2BXJ7|A0A8G2BXJ7_9BACT   85.05%    failed      4.24%
 407  UP000434916|tr|A0A6N3GKP3|A0A6N3GKP3_9BACT   85.05%    passed     24.24%
 408  UP001213431|tr|A0ACC6D152|A0ACC6D152_9BACT   85.05%    passed     30.62%
 409  UP000651475|tr|A0ABR7DP71|A0ABR7DP71_9BACT   85.05%    passed     34.37%
 410  UP000629596|tr|A0A3D8HG60|A0A3D8HG60_9BACT   85.05%    passed     43.95%
 411  UP000001414|tr|Q8A5I3|Q8A5I3_BACTN           85.10%    passed     37.59%
 412  UP001060104|tr|A0ABY5TAU5|A0ABY5TAU5_9BACE   85.10%    passed     45.23%
 413  UP000002965|tr|I9EAL4|I9EAL4_9BACE           85.07%    passed     21.04%
 414  UP000501780|tr|A0A6H0KK51|A0A6H0KK51_9BACE   85.07%    passed     15.36%
 415  UP000092631|tr|A0A1C7H1P0|A0A1C7H1P0_9BACE   85.07%    passed     27.01%
 416  UP000305751|tr|A0A4S2AMA2|A0A4S2AMA2_9BACE   85.07%    passed     26.09%
 417  UP000435059|tr|A0A1H4BMF1|A0A1H4BMF1_9BACE   85.07%    passed     16.87%
 418  UP000473905|tr|A0A139LF22|A0A139LF22_BACOV   85.07%    passed     16.87%
 419  UP001269297|tr|A0ABU3IVE6|A0ABU3IVE6_9BACE   85.07%    passed     16.87%
 420  UP001292913|tr|A0ABU5HQQ4|A0ABU5HQQ4_9BACE   85.07%    passed     16.94%
 421  UP000440198|tr|A0A7J4YI75|A0A7J4YI75_9BACE   85.07%    passed     21.39%
 422  UP000600600|tr|A0ABR7CCF8|A0ABR7CCF8_9BACE   85.07%    passed     20.63%
 423  UP001215398|tr|A0ABT5H8M1|A0ABT5H8M1_9BACE   85.07%    passed     20.63%
 424  UP000003416|tr|F3PRS2|F3PRS2_9BACE           85.05%    passed     16.78%
 425  UP000004110|tr|A0ABC9N8M1|A0ABC9N8M1_BACUC   85.05%    passed     19.60%
 426  UP000310532|tr|A0A4S2B233|A0A4S2B233_9BACE   85.05%    passed     19.60%
 427  UP000600230|tr|A0ABR7BZY9|A0ABR7BZY9_9BACE   85.05%    passed     19.60%
 428  UP001143192|tr|A0A9X2NT89|A0A9X2NT89_9BACE   85.05%    passed     19.60%
 429  UP001491715|tr|A0ABV0I0K4|A0ABV0I0K4_9BACE   85.05%    passed     19.60%
 430  UP000008630|tr|E6SSU2|E6SSU2_BACT6           85.05%    passed     27.57%
 431  UP000010321|tr|A0ABN0CJM8|A0ABN0CJM8_9BACE   85.05%    passed     21.15%
 432  UP000335496|tr|A0A380ZJX4|A0A380ZJX4_9BACE   85.05%    passed     16.69%
 433  UP000056419|tr|A0A125MG87|A0A125MG87_BACSE   85.05%    passed     22.84%
 434  UP000238304|tr|A0ABM6T8V3|A0ABM6T8V3_9BACE   85.07%    passed     27.46%
 435  UP000279562|tr|A0A2R3MRP1|A0A2R3MRP1_9BACE   85.07%    passed     20.34%
 436  UP000184436|tr|A0A1M4WA66|A0A1M4WA66_9BACE   84.99%    passed     33.53%
 437  UP000288079|tr|A0A401LVX5|A0A401LVX5_9BACE   84.99%    passed     27.99%
 438  UP000324383|tr|A0A5D3EHK3|A0A5D3EHK3_9BACE   85.07%    passed     40.26%
 439  UP000003741|tr|I8UVG2|I8UVG2_9BACE           85.05%    passed     33.87%
 440  UP000291191|tr|A0A3E4KT69|A0A3E4KT69_9BACE   85.05%    passed     44.22%
 441  UP000009872|tr|K9EHA8|K9EHA8_9BACE           85.05%    passed     42.72%
 442  UP000184192|tr|A0A1M6KBF7|A0A1M6KBF7_9BACE   85.05%    passed     30.01%
 443  UP000019131|tr|W4UXB0|W4UXB0_9BACE           84.52%    passed     39.34%
 444  UP000560658|tr|A0A840D0I8|A0A840D0I8_9BACE   85.07%    passed     37.61%
 445  UP000003089|tr|I8XN24|I8XN24_9BACE           84.94%    passed     26.33%
 446  UP000005150|tr|I8Z4A9|I8Z4A9_9BACE           84.94%    passed     27.21%
 447  UP000005101|tr|A0ABN0BDV8|A0ABN0BDV8_BACFG   84.99%    passed     45.14%
 448  UP001185704|tr|A0ABU4A934|A0ABU4A934_9BACE   84.99%    passed     45.14%
 449  UP000006731|tr|D1JRR4|D1JRR4_BACFN           84.99%    passed     35.49%
 450  UP000651085|tr|A0A926F123|A0A926F123_9BACT   85.07%    passed     42.91%
 451  UP000006044|tr|K0X589|K0X589_9BACT           85.05%    passed     17.50%
 452  UP000018901|tr|W0ENE9|W0ENE9_9BACT           85.05%    passed     35.94%
 453  UP000007486|tr|F0R1G1|F0R1G1_PHOSB           85.02%    passed     18.76%
 454  UP000620874|tr|A0ABR8YAK4|A0ABR8YAK4_9BACT   84.99%    passed     14.47%
 455  UP001167871|tr|A0ABT7X4E3|A0ABT7X4E3_9BACE   84.99%    passed     14.47%
 456  UP001169458|tr|A0ABT7VCT9|A0ABT7VCT9_9BACE   85.02%    passed     17.54%
 457  UP000014073|tr|S0FBG9|S0FBG9_9BACT           85.02%    passed     47.43%
 458  UP000260862|tr|A0A1Q6GFU3|A0A1Q6GFU3_9BACT   85.02%    passed     42.43%
 459  UP001141933|tr|A0ABT4PHP8|A0ABT4PHP8_9BACT   85.02%    passed     41.25%
 460  UP001204579|tr|A0AAW5N325|A0AAW5N325_9BACT   85.02%    passed     39.55%
 461  UP000616346|tr|A0ABR8VCJ8|A0ABR8VCJ8_9BACT   85.02%    passed     31.41%
 462  UP000782117|tr|A0ABS2F877|A0ABS2F877_9BACE   85.02%    passed     31.41%
 463  UP000285864|tr|A0A412GWU2|A0A412GWU2_9BACT   85.02%    passed     32.25%
 464  UP000703295|tr|A0ABS2EUC6|A0ABS2EUC6_9BACE   85.02%    passed     29.55%
 465  UP001228403|tr|A0ABT7U3E1|A0ABT7U3E1_9BACE   84.99%    passed     21.94%
 466  UP000698924|tr|A0AA41DCC6|A0AA41DCC6_9BACT   85.07%    passed     33.37%
 467  UP000766986|tr|A0ABS2E103|A0ABS2E103_9BACT   85.07%    passed     33.37%
 468  UP001165444|tr|A0ABT0C5M0|A0ABT0C5M0_9BACT   84.99%    passed     40.01%
 469  UP001320603|tr|A0ABZ2IKX3|A0ABZ2IKX3_9BACT   84.99%    passed     37.59%
 470  UP000004219|tr|I9UGB7|I9UGB7_PHOVU           85.02%    passed     24.71%
 471  UP000005974|tr|I9Q8N2|I9Q8N2_9BACT           85.02%    passed     26.74%
 472  UP001196342|tr|A0ABS5X2L2|A0ABS5X2L2_BACUN   85.02%    passed     26.74%
 473  UP000014200|tr|R9I014|R9I014_9BACT           85.02%    passed     25.93%
 474  UP000017831|tr|U6RQ52|U6RQ52_9BACT           85.02%    passed     22.30%
 475  UP000003598|tr|G5STC6|G5STC6_9BACT           85.02%    passed     84.31%
 476  UP000005546|tr|F3QY18|F3QY18_9BACT           84.77%    passed     67.40%
 477  UP000014140|tr|S0GGT4|S0GGT4_9BACT           85.05%    passed     37.64%
 478  UP000644010|tr|A0ABR7DW28|A0ABR7DW28_9BACT   85.05%    passed     38.11%
 479  UP000033035|tr|A0A0F5JM90|A0A0F5JM90_9BACT   85.05%    passed     56.90%
 480  UP000533637|tr|A0ABR6KS17|A0ABR6KS17_9BACT   85.05%    passed     38.88%
 481  UP000243525|tr|A0A2T5C4B4|A0A2T5C4B4_9BACT   85.29%    passed     12.65%
 482  UP000005436|tr|G8UJ52|G8UJ52_TANFA           85.05%    passed     55.15%
 483  UP000249375|tr|A0A5P8E9K2|A0A5P8E9K2_9BACT   85.05%    passed     92.17%
 484  UP000004001|tr|D1VYA4|D1VYA4_9BACT           84.96%    passed     70.52%
 485  UP000005283|tr|D1W5B2|D1W5B2_9BACT           84.96%    passed     84.31%
 486  UP000004394|tr|E0NPP2|E0NPP2_9BACT           84.96%    passed     58.84%
 487  UP000010433|tr|L1NH70|L1NH70_9BACT           84.96%    passed     52.15%
 488  UP000027442|tr|A0A069QSD0|A0A069QSD0_HOYLO   84.96%    passed     52.49%
 489  UP000248314|tr|A0A318I1Y4|A0A318I1Y4_9BACT   85.21%    passed     39.14%
 490  UP000016600|tr|U2MVV3|U2MVV3_9BACT           84.96%    passed     71.52%
 491  UP000056252|tr|A0A0S2KKG2|A0A0S2KKG2_9BACT   84.96%    passed     68.91%
 492  UP000036951|tr|A0A8E1R3S8|A0A8E1R3S8_9BACT   84.99%    passed     53.09%
 493  UP001167831|tr|A0AAW7JM28|A0AAW7JM28_9BACT   84.99%    passed     65.01%
 494  UP000706891|tr|A0A938WTM6|A0A938WTM6_9BACT   85.02%    passed     76.36%
 495  UP000764045|tr|A0A938WLM8|A0A938WLM8_9BACT   84.96%    passed     77.88%
 496  UP000820977|tr|A0ABX2B648|A0ABX2B648_9BACT   84.96%    passed     69.84%
 497  UP000714420|tr|A0ABX2ANX0|A0ABX2ANX0_9BACT   84.96%    passed     41.12%
 498  UP000005580|tr|E7RPZ6|E7RPZ6_9BACT           84.94%    passed     52.99%
 499  UP000788426|tr|A0ABS6YCL9|A0ABS6YCL9_9BACT   84.99%    passed     11.39%
 500  UP000308886|tr|A0AC61QTD3|A0AC61QTD3_9BACT   85.24%    passed     54.28%
 501  UP000018439|tr|F3ZSD9|F3ZSD9_9BACE           84.96%    passed      8.60%
 502  UP000027601|tr|A0A069D074|A0A069D074_9BACE   84.99%    passed      5.71%
 503  UP000184509|tr|A0A1M5HDT2|A0A1M5HDT2_9BACE   85.05%    failed      4.48%
 504  UP001496674|tr|A0ABM8IJW9|A0ABM8IJW9_9BACE   85.05%    passed      7.47%
 505  UP000190852|tr|A0A1T5A3I0|A0A1T5A3I0_9BACT   85.05%    passed     10.32%
 506  UP000574332|tr|A0A8E2D5E3|A0A8E2D5E3_9PORP   85.05%    passed     12.05%
 507  UP000015993|tr|G5GD38|G5GD38_9BACT           85.02%    passed     31.16%
 508  UP000003460|tr|C9LIZ1|C9LIZ1_9BACT           85.05%    passed     97.34%
 509  UP000005835|tr|K1JJY7|K1JJY7_9BURK           84.96%    passed     30.14%
 510  UP000271003|tr|A0A2Z6IHL8|A0A2Z6IHL8_9BURK   84.91%    passed     32.40%
 511  UP000715095|tr|A0ABS2DT34|A0ABS2DT34_9BURK   84.88%    passed     65.19%
 512  UP000308889|tr|A0ABX5VB38|A0ABX5VB38_9BURK   84.91%    passed     37.13%
 513  UP000469462|tr|A0AAI9SCE8|A0AAI9SCE8_9BURK   84.91%    passed     37.13%
 514  UP000777002|tr|A0ABS2GSS3|A0ABS2GSS3_9BURK   84.96%    passed     43.72%
 515  UP000269493|tr|A0A495VKN4|A0A495VKN4_9BACT   84.99%    passed     13.44%
 516  UP000594042|tr|A0A7G1I1H6|A0A7G1I1H6_9BACT   84.99%    passed     24.09%
 517  UP001205603|tr|A0ABT1MK23|A0ABT1MK23_9BACT   84.94%    passed     24.53%
 518  UP000186351|tr|A0A1B1SBA1|A0A1B1SBA1_9BACT   84.96%    passed     45.15%
 519  UP000297031|tr|A0A4P7VKH0|A0A4P7VKH0_9BACT   84.96%    passed     69.27%
 520  UP001565200|tr|A0ABV4CTZ8|A0ABV4CTZ8_9BACT   84.96%    passed     83.15%
 521  UP000305401|tr|A0AC61S6C3|A0AC61S6C3_9BACT   84.94%    passed     48.84%
 522  UP000244905|tr|A0A2V1ILX0|A0A2V1ILX0_9BACT   84.88%    passed     42.03%
 523  UP000297635|tr|A0A4Z0V044|A0A4Z0V044_9BACT   84.96%    passed     35.33%
 524  UP000244925|tr|A0A2V1J076|A0A2V1J076_9BACT   84.99%    passed     65.11%
 525  UP000306319|tr|A0AC61RH42|A0AC61RH42_9BACT   84.99%    passed      7.72%
 526  UP000000588|tr|Q7MUS2|Q7MUS2_PORGI           84.99%    passed     92.64%
 527  UP000030146|tr|A0A0A2FUP3|A0A0A2FUP3_9PORP   84.55%    passed     83.70%
 528  UP000245462|tr|A0A2U1FPR6|A0A2U1FPR6_9PORP   84.99%    passed     94.95%
 529  UP000030103|tr|A0A0A2EFL4|A0A0A2EFL4_9PORP   84.96%    passed     14.79%
 530  UP000249300|tr|A0A2X4PLB6|A0A2X4PLB6_9PORP   85.32%    passed     39.43%
 531  UP001596020|tr|A0ABV9K717|A0ABV9K717_9PORP   84.96%    passed     26.55%
 532  UP000030101|tr|A0ABR4XK53|A0ABR4XK53_9PORP   84.80%    passed     41.26%
 533  UP001628220|tr|A0ABQ0E368|A0ABQ0E368_9PORP   84.99%    passed     44.09%
 534  UP000030134|tr|A0A0A2G4L8|A0A0A2G4L8_9PORP   84.94%    passed     67.22%
 535  UP000190121|tr|A0A1T4NYZ8|A0A1T4NYZ8_9PORP   84.94%    passed     51.51%
 536  UP000003303|tr|C2MBE9|C2MBE9_9PORP           85.02%    passed     90.17%
 537  UP000006545|tr|F4KJU7|F4KJU7_PORAD           84.61%    passed     83.81%
 538  UP000030125|tr|A0A099WXN6|A0A099WXN6_PORCN   85.05%    passed     68.03%
 539  UP000297225|tr|A0A4Y8WRR0|A0A4Y8WRR0_9PORP   85.15%    passed     16.28%
 540  UP000076586|tr|A0A170ZJN2|A0A170ZJN2_9BACT   85.13%    passed     28.45%
 541  UP000544222|tr|A0A7W5DPQ8|A0A7W5DPQ8_9PORP   85.05%    passed     41.02%
 542  UP000008718|tr|E4T5M4|E4T5M4_PALPW           85.13%    passed      8.11%
 543  UP000000927|tr|D5EVI5|D5EVI5_XYLR2           84.96%    passed      7.85%
 544  UP000199373|tr|A0A1I0Q456|A0A1I0Q456_9BACT   84.96%    passed     14.71%
 545  UP000198779|tr|A0A1H0HZS1|A0A1H0HZS1_9BACT   84.96%    passed     10.02%
 546  UP000002786|tr|I4ZA21|I4ZA21_9BACT           85.05%    passed     29.15%
 547  UP000029614|tr|A0A096AUQ9|A0A096AUQ9_9BACT   85.05%    passed     13.14%
 548  UP000003155|tr|F0H8H4|F0H8H4_9BACT           84.99%    passed     14.60%
 549  UP000005697|tr|F0F8U8|F0F8U8_9BACT           84.99%    passed     20.79%
 550  UP000003327|tr|C9MT08|C9MT08_9BACT           84.99%    passed     23.88%
 551  UP000482295|tr|A0A7C9HEZ5|A0A7C9HEZ5_9BACT   84.99%    passed     23.70%
 552  UP000004597|tr|G6ADV6|G6ADV6_9BACT           84.99%    passed     11.18%
 553  UP000184105|tr|A0AAX2F0R6|A0AAX2F0R6_9BACT   84.99%    passed     22.75%
 554  UP000682195|tr|A0ABX7XSF3|A0ABX7XSF3_9BACT   84.99%    passed     19.96%
 555  UP000812077|tr|A0A7D4KRD0|A0A7D4KRD0_9BACT   84.99%    passed     11.10%
 556  UP000198427|tr|A0A2N9QSB6|A0A2N9QSB6_9BACT   84.99%    passed     15.97%
 557  UP000682005|tr|A0A0K1NNL8|A0A0K1NNL8_9BACT   84.99%    passed     18.07%
 558  UP000016023|tr|H1Q3L3|H1Q3L3_9BACT           84.99%    passed     27.34%
 559  UP000010862|tr|F9D4C5|F9D4C5_PREDD           84.96%    passed     60.11%
 560  UP001589688|tr|A0ABV5ZHF2|A0ABV5ZHF2_9BACT   84.96%    passed     60.11%
 561  UP000003112|tr|E6K3K1|E6K3K1_9BACT           84.77%    passed     34.14%
 562  UP001319045|tr|A0ABM7NZ78|A0ABM7NZ78_9BACT   84.91%    passed     44.07%
 563  UP000003167|tr|H1HMK0|H1HMK0_9BACT           84.91%    passed     55.97%
 564  UP000003805|tr|D7NBR1|D7NBR1_9BACT           84.91%    passed     38.98%
 565  UP000003874|tr|E6MNK4|E6MNK4_9BACT           84.91%    passed     34.98%
 566  UP000005141|tr|G1WBK4|G1WBK4_9BACT           84.91%    passed     61.66%
 567  UP000016648|tr|U2P7U3|U2P7U3_9BACT           84.91%    passed     58.90%
 568  UP000664265|tr|A0ABS3M764|A0ABS3M764_9BACT   84.91%    passed     58.39%
 569  UP000004477|tr|D1PD95|D1PD95_9BACT           84.88%    passed      7.73%
 570  UP001465717|tr|A0ABV1FVI8|A0ABV1FVI8_9BACT   84.88%    passed     10.00%
 571  UP000297872|tr|A0A4Y8VRT4|A0A4Y8VRT4_9BACT   84.88%    passed     18.83%
 572  UP000384372|tr|A0A6A7WAB6|A0A6A7WAB6_9BACT   84.88%    passed     17.51%
 573  UP001193734|tr|A0ABX2AVD3|A0ABX2AVD3_9BACT   84.96%    passed     75.65%
 574  UP001200470|tr|A0ABS9CDS3|A0ABS9CDS3_9BACT   85.02%    passed     68.66%
 575  UP000032046|tr|A0A0D0I3G8|A0A0D0I3G8_9BACT   84.96%    passed     43.95%
 576  UP000286598|tr|A0A3R6IS09|A0A3R6IS09_9BACT   84.96%    passed     66.00%
 577  UP000016660|tr|A0ABN0NRL7|A0ABN0NRL7_9BACT   84.83%    failed      2.25%
 578  UP000018727|tr|V8CFY6|V8CFY6_9BACT           85.02%    failed      1.46%
 579  UP000283868|tr|A0A425VS74|A0A425VS74_PREIN   85.02%    failed      1.73%
 580  UP000249852|tr|A0ABX9DSE9|A0ABX9DSE9_9BACT   85.02%    failed      2.43%
 581  UP000070533|tr|A0A133QQF8|A0A133QQF8_9BACT   85.02%    passed      8.78%
 582  UP000321612|tr|A0A5C8GKY1|A0A5C8GKY1_9BACT   85.02%    passed     26.67%
 583  UP000483362|tr|A0A6L5XGV0|A0A6L5XGV0_9BACT   84.91%    passed     67.33%
 584  UP000825483|tr|A0A9R1CA56|A0A9R1CA56_9BACT   84.88%    passed     31.80%
 585  UP001487296|tr|A0ABV1FPU6|A0ABV1FPU6_9BACT   84.94%    passed     34.27%
 586  UP000004524|tr|D8DVN2|D8DVN2_9BACT           84.88%    passed     16.38%
 587  UP000216189|tr|A0AA37MJ99|A0AA37MJ99_SEGBR   84.88%    passed     16.38%
 588  UP000278983|tr|A0A3S0PVL4|A0A3S0PVL4_9BACT   84.99%    passed     54.40%
 589  UP000003160|tr|D1PYX9|D1PYX9_9BACT           84.91%    passed     38.50%
 590  UP000245870|tr|A0A2U0U4N5|A0A2U0U4N5_9BACT   84.91%    passed     62.84%
 591  UP000002772|tr|F8N5M3|F8N5M3_9BACT           85.02%    passed     43.83%
 592  UP000438914|tr|A0A7K0KCN9|A0A7K0KCN9_9BACT   84.96%    passed     56.61%
 593  UP001204015|tr|A0ABT1BZ52|A0ABT1BZ52_9BACT   84.88%    passed     29.16%
 594  UP000000577|tr|Q74EG8|Q74EG8_GEOSL           85.18%    passed     23.31%
 595  UP000031433|tr|A0A0C1U5D6|A0A0C1U5D6_9BACT   85.18%    passed     21.19%
 596  UP000618926|tr|A0ABR9NS19|A0ABR9NS19_9BACT   85.18%    passed     21.04%
 597  UP000057609|tr|A0A0B5BB91|A0A0B5BB91_9BACT   85.18%    passed     22.56%
 598  UP000319449|tr|A0A562WRB5|A0A562WRB5_9BACT   85.18%    passed     10.66%
 599  UP001317705|tr|A0ABM8EJ12|A0ABM8EJ12_9BACT   85.18%    passed     24.70%
 600  UP000811899|tr|A0AAW4L947|A0AAW4L947_9BACT   85.18%    passed     22.26%
 601  UP000007073|tr|Q39SI5|Q39SI5_GEOMG           85.18%    passed     13.87%
 602  UP001144352|tr|A0A9W6LDI1|A0A9W6LDI1_9BACT   85.18%    passed     12.79%
 603  UP000663651|tr|A0ABX7Q4G7|A0ABX7Q4G7_9BACT   85.18%    passed     18.65%
 604  UP000006695|tr|A5GEJ1|A5GEJ1_GEOUR           85.18%    passed      8.68%
 605  UP000007721|tr|B9LZA2|B9LZA2_GEODF           85.15%    passed     15.07%
 606  UP000006732|tr|A1AM09|A1AM09_PELPD           85.18%    passed     10.25%
 607  UP000756860|tr|A0ABS5SGF4|A0ABS5SGF4_9BACT   85.18%    passed      5.14%
 608  UP000784128|tr|A0ABS5UCG7|A0ABS5UCG7_9BACT   85.18%    passed     17.89%
 609  UP000324298|tr|A0A5A9XPN9|A0A5A9XPN9_9BACT   85.18%    passed     14.86%
 610  UP000420562|tr|A0A7J4ZM13|A0A7J4ZM13_9BACT   85.18%    passed     12.23%
 611  UP000798046|tr|A0ABQ6TKX1|A0ABQ6TKX1_9BACT   85.18%    passed     12.10%
 612  UP000035036|tr|A0A0B5FTZ2|A0A0B5FTZ2_9BACT   85.24%    failed      4.32%
 613  UP000317155|tr|A0A550JKD3|A0A550JKD3_9BACT   85.24%    failed      3.99%
 614  UP000057158|tr|A0A0M5IZ88|A0A0M5IZ88_9BACT   85.24%    passed     10.86%
 615  UP000184171|tr|A0A1M6B4T2|A0A1M6B4T2_MALRU   85.24%    passed     11.56%
 616  UP000632828|tr|A0A8J6QWI7|A0A8J6QWI7_9BACT   85.24%    passed     31.01%
 617  UP000002420|tr|B3E6I1|B3E6I1_TRIL1           85.15%    passed      6.53%
 618  UP000190102|tr|A0A1T4L7K7|A0A1T4L7K7_9BACT   85.15%    passed      6.62%
 619  UP001295463|tr|A0ABN8HF86|A0ABN8HF86_9BACT   85.15%    passed      5.68%
 620  UP000199409|tr|A0A1H3YV28|A0A1H3YV28_9BACT   85.24%    passed     26.28%
 621  UP000193136|tr|A0A1X0Y8U1|A0A1X0Y8U1_9BACT   85.21%    passed     11.90%
 622  UP000324159|tr|A0A5D3WM72|A0A5D3WM72_9BACT   85.21%    passed     33.11%
 623  UP000002572|tr|E6W2V6|E6W2V6_DESIS           85.24%    passed     12.95%
 624  UP000528322|tr|A0A7W7Y4L5|A0A7W7Y4L5_9BACT   85.24%    passed     22.88%
 625  UP000035068|tr|A0A0C2HV41|A0A0C2HV41_9BACT   85.24%    passed     23.68%
 626  UP001060414|tr|A0ABY5ZLE6|A0ABY5ZLE6_9BACT   85.24%    passed     18.67%
 627  UP001319827|tr|A0ABM8HXQ6|A0ABM8HXQ6_9BACT   85.26%    passed      7.07%
 628  UP000008825|tr|B5EFK6|B5EFK6_CITBB           85.18%    passed     11.30%
 629  UP000194153|tr|A0ABQ0MPK6|A0ABQ0MPK6_9BACT   85.18%    passed      8.02%
 630  UP000515472|tr|A0A6S6M9F1|A0A6S6M9F1_9BACT   85.18%    passed      5.05%
 631  UP000306416|tr|A0A4S1C9R9|A0A4S1C9R9_9BACT   85.18%    passed      8.87%
 632  UP000614714|tr|A0ABS0YI64|A0ABS0YI64_9BACT   85.18%    passed     18.69%
 633  UP000641025|tr|A0ABS0YV00|A0ABS0YV00_9BACT   85.18%    passed     33.00%
 634  UP000683493|tr|A0ABX8JHU5|A0ABX8JHU5_9BACT   85.18%    passed     19.16%
 635  UP000831485|tr|A0A6V8MZJ5|A0A6V8MZJ5_9BACT   85.18%    passed     24.02%
 636  UP000683557|tr|A0ABX8J2Z4|A0ABX8J2Z4_9BACT   85.18%    passed     20.35%
 637  UP000683559|tr|A0ABX8LF93|A0ABX8LF93_9BACT   85.18%    passed     24.96%
 638  UP000556026|tr|A0A6V8MP76|A0A6V8MP76_9BACT   85.18%    passed      6.96%
 639  UP000587586|tr|A0A6V8NIC6|A0A6V8NIC6_9BACT   85.18%    passed      6.98%
 640  UP000636888|tr|A0A8J7LWK1|A0A8J7LWK1_9BACT   85.18%    passed      7.08%
 641  UP000007039|tr|E4THW8|E4THW8_CALNY           85.24%    passed      5.61%
 642  UP000007089|tr|B8J740|B8J740_ANAD2           85.21%    failed      3.03%
 643  UP000503640|tr|A0A7I9VP15|A0A7I9VP15_9BACT   85.21%    passed     13.10%
 644  UP001162734|tr|A0ABM7X698|A0ABM7X698_9BACT   85.21%    passed     16.77%
 645  UP001162891|tr|A0ABN6MJ50|A0ABN6MJ50_9BACT   85.21%    failed      3.34%
 646  UP000184603|tr|A0A1M7YC36|A0A1M7YC36_9BACT   85.26%    passed     57.91%
 647  UP000199073|tr|A0A1H0M5T8|A0A1H0M5T8_9BACT   85.26%    passed     41.35%
 648  UP000826725|tr|A0A8D5FW18|A0A8D5FW18_9BACT   85.26%    passed     21.71%
 649  UP000001784|tr|A0LKR5|A0LKR5_SYNFM           85.26%    passed     18.53%
 650  UP001144372|tr|A0A9W6FRG5|A0A9W6FRG5_9BACT   85.26%    passed      9.99%
 651  UP000006365|tr|A0A7U3YJK6|A0A7U3YJK6_DESPD   85.24%    passed     44.57%
 652  UP000596092|tr|A0A7T6APU3|A0A7T6APU3_9BACT   85.26%    passed     44.55%
 653  UP000239867|tr|A0A2L1GKK9|A0A2L1GKK9_9BACT   85.24%    passed     85.05%
 654  UP000478417|tr|A0A6B2M4Q8|A0A6B2M4Q8_9BACT   85.10%    passed     21.67%
 655  UP000001031|tr|B2UPS4|B2UPS4_AKKM8           84.99%    passed     89.25%
 656  UP001202031|tr|A0AAE6W2Y1|A0AAE6W2Y1_9BACT   84.99%    passed     92.98%
 657  UP001062263|tr|A0ABN6QMP2|A0ABN6QMP2_9BACT   84.99%    passed     86.73%
 658  UP000176204|tr|A0A1C7PFB0|A0A1C7PFB0_9BACT   84.99%    passed     64.11%
 659  UP000007013|tr|B1ZTH6|B1ZTH6_OPITP           85.02%    passed     26.77%
 660  UP000825051|tr|A0A8F9TV22|A0A8F9TV22_9BACT   85.02%    passed     50.94%
 661  UP000095228|tr|A0A1D8AUQ5|A0A1D8AUQ5_9BACT   85.05%    passed      8.35%
 662  UP000290218|tr|A0A4Q1C7X8|A0A4Q1C7X8_9BACT   85.05%    passed     45.54%
 663  UP000078486|tr|A0A178ING6|A0A178ING6_9BACT   85.05%    passed     33.03%
 664  UP000244896|tr|A0A2U8E6L0|A0A2U8E6L0_9BACT   84.94%    passed     18.71%
 665  UP000738431|tr|A0ABZ1C610|A0ABZ1C610_9BACT   85.05%    passed     30.00%
 666  UP001218638|tr|A0AAE9ZYD3|A0AAE9ZYD3_9BACT   85.05%    passed     79.63%
 667  UP000217265|tr|A0A290Q8E0|A0A290Q8E0_9BACT   84.94%    passed     53.70%
 668  UP000315648|tr|A0A556QRF8|A0A556QRF8_9BACT   84.77%    failed      3.47%
 669  UP000546464|tr|A0A842HDN4|A0A842HDN4_9BACT   85.21%    passed     17.36%
 670  UP000642829|tr|A0A8J3DGI5|A0A8J3DGI5_9BACT   85.07%    passed     36.93%
 671  UP000526501|tr|A0A7X1E819|A0A7X1E819_9BACT   85.02%    passed     15.69%
 672  UP000622317|tr|A0A927IGZ4|A0A927IGZ4_9BACT   85.02%    failed      4.99%
 673  UP000617628|tr|A0A934VKJ4|A0A934VKJ4_9BACT   85.02%    passed     20.03%
 674  UP000000925|tr|D5EIE9|D5EIE9_CORAD           84.61%    passed     34.54%
 675  UP001225316|tr|A0ABU1AWS1|A0ABU1AWS1_9BACT   84.63%    passed     27.21%
 676  UP001324993|tr|A0ABZ0RS04|A0ABZ0RS04_9BACT   84.63%    passed     26.32%
 677  UP001243717|tr|A0ABU1ALS5|A0ABU1ALS5_9BACT   84.63%    passed     33.45%
 678  UP000525652|tr|A0A7X1E361|A0A7X1E361_9BACT   84.96%    passed     56.37%
 679  UP000000723|tr|B6YRA9|B6YRA9_AZOPC           85.15%    failed      0.09%
 680  UP001275932|tr|A0ABU4WF06|A0ABU4WF06_9BACT   85.24%    passed     16.44%
 681  UP000190774|tr|A0A1T4YK79|A0A1T4YK79_9BACT   85.05%    passed     73.48%
 682  UP000534294|tr|A0A7W7YPQ1|A0A7W7YPQ1_9BACT   85.05%    passed     70.46%
 683  UP001499852|tr|A0ABP9NUC4|A0ABP9NUC4_9BACT   85.05%    passed     70.92%
 684  UP000295662|tr|A0A4R7S3I2|A0A4R7S3I2_9BACT   85.05%    passed     78.74%
 685  UP000321577|tr|A0A512MFN3|A0A512MFN3_9BACT   85.05%    passed     61.98%
 686  UP000590740|tr|A0A7W7YAJ8|A0A7W7YAJ8_9BACT   85.05%    passed     47.61%
 687  UP001596052|tr|A0ABW0KPN5|A0ABW0KPN5_9BACT   85.05%    passed     49.32%
 688  UP000315010|tr|A0A5C5Z664|A0A5C5Z664_9BACT   85.13%    passed     59.53%
 689  UP000315471|tr|A0A5C6DYS4|A0A5C6DYS4_9BACT   85.13%    passed     69.54%
 690  UP000319143|tr|A0A5C6DCA4|A0A5C6DCA4_9BACT   85.13%    passed     53.51%
 691  UP000321083|tr|A0A5C6M852|A0A5C6M852_9PLAN   85.68%    passed     13.52%
 692  UP000500961|tr|A0A7D4CAR9|A0A7D4CAR9_9BACT   85.21%    failed      0.16%
 693  UP000010798|tr|L0DED1|L0DED1_SINAD           85.18%    passed      7.80%
 694  UP000186309|tr|A0A1U7CPD3|A0A1U7CPD3_9BACT   85.18%    passed     46.34%
 695  UP001216907|tr|A0ABT6F6A3|A0ABT6F6A3_9BACT   85.15%    passed     11.50%
 696  UP000324233|tr|A0A5B9W267|A0A5B9W267_9BACT   85.18%    passed     12.84%
 697  UP000184510|tr|A0A1M6N996|A0A1M6N996_9BACT   85.13%    passed     35.44%
 698  UP001424741|tr|A0ABP9V2S8|A0ABP9V2S8_9BACT   85.13%    passed     35.32%
 699  UP001597297|tr|A0ABW5E614|A0ABW5E614_9BACT   85.10%    passed     12.99%
 700  UP001597389|tr|A0ABW4Z5T9|A0ABW4Z5T9_9BACT   85.10%    passed     11.25%
 701  UP000475117|tr|A0A6B3LAK1|A0A6B3LAK1_9BACT   85.13%    passed     54.06%
 702  UP000501812|tr|A0A858RF48|A0A858RF48_9BACT   85.15%    passed     28.53%
 703  UP001165653|tr|A0ABT3G5E2|A0ABT3G5E2_9BACT   85.07%    passed     44.56%
 704  UP001207930|tr|A0ABT3FTL4|A0ABT3FTL4_9BACT   85.15%    passed     16.41%
 705  UP001320876|tr|A0ABT3GIJ2|A0ABT3GIJ2_9BACT   85.15%    passed     24.98%
 706  UP001371305|tr|A0ABU9B145|A0ABU9B145_9BACT   85.15%    passed     27.10%
 707  UP000676169|tr|A0A975G9L0|A0A975G9L0_9BACT   85.10%    passed     63.20%
 708  UP000603141|tr|A0A934S8H9|A0A934S8H9_9BACT   85.13%    passed     31.41%
 709  UP000557717|tr|A0A840VFN6|A0A840VFN6_9BACT   85.13%    passed     61.27%
 710  UP001374893|tr|A0ABM7RG02|A0ABM7RG02_9BACT   85.13%    passed     82.29%
 711  UP000600139|tr|A0A934R9U3|A0A934R9U3_9BACT   85.10%    passed     40.97%
 712  UP000658278|tr|A0A934RDT6|A0A934RDT6_9BACT   85.13%    passed     64.52%
 713  UP001476282|tr|A0ABP9UJP3|A0ABP9UJP3_9BACT   84.99%    passed     46.66%
 714  UP001597375|tr|A0ABW5D4S3|A0ABW5D4S3_9BACT   85.13%    passed     61.21%
 715  UP001596472|tr|A0ABW2L341|A0ABW2L341_9BACT   85.10%    passed     27.20%
 716  UP000634206|tr|A0AAE2S9B3|A0AAE2S9B3_9BACT   85.13%    passed     47.97%
 717  UP000557872|tr|A0A851GM51|A0A851GM51_9BACT   85.13%    passed     27.50%
 718  UP000624703|tr|A0A8J7MHQ0|A0A8J7MHQ0_9BACT   85.07%    passed     57.06%
 719  UP000288892|tr|A0A444JD83|A0A444JD83_9BACT   91.81%    passed     59.46%
 720  UP000316238|tr|A0A521G4L0|A0A521G4L0_9BACT   85.15%    failed      0.98%
 721  UP001063350|tr|A0A915XID4|A0A915XID4_9BACT   84.09%    passed     88.70%
 722  UP000287853|tr|A0A3S4TBV3|A0A3S4TBV3_9BACT   87.76%    passed     53.21%
 723  UP000004295|tr|C3J9B9|C3J9B9_POREA           85.54%    passed     18.38%
 724  UP000005156|tr|F3QGV3|F3QGV3_9BURK           84.96%    passed     36.20%
 725  UP000472580|tr|A0A6L6YG08|A0A6L6YG08_9BURK   84.96%    passed     15.95%
 726  UP000214610|tr|A0A227KNN3|A0A227KNN3_9BURK   85.13%    passed     21.24%
 727  UP000005695|tr|Q1JYN9|Q1JYN9_DESA6           85.29%    passed     42.65%
 728  UP000243205|tr|A0A1G7B6K8|A0A1G7B6K8_9BACT   85.29%    passed     68.62%
 729  UP000242869|tr|A0A1I4ZXE2|A0A1I4ZXE2_9NEIS   84.22%    failed      0.16%
 730  UP000001822|tr|A0A6N4SW57|A0A6N4SW57_CYTH3   85.37%    failed      0.47%
 731  UP000321721|tr|A0A5C6S122|A0A5C6S122_9FLAO   85.37%    passed      8.12%
 732  UP001500298|tr|A0ABP9DA58|A0ABP9DA58_9BACT   85.35%    passed     46.87%
 733  UP000004892|tr|H1DFY5|H1DFY5_9BACT           85.32%    passed     57.82%
 734  UP000006657|tr|F9Z637|F9Z637_ODOSD           85.32%    passed     39.86%
 735  UP000031980|tr|A0A0C3R480|A0A0C3R480_9PORP   85.32%    passed     25.30%
 736  UP000270673|tr|A0A3S9VRZ2|A0A3S9VRZ2_9BACT   85.32%    passed     33.57%
 737  UP000546007|tr|A0A7W6MXH0|A0A7W6MXH0_9BACT   85.32%    passed     32.49%
 738  UP000654720|tr|A0A415QS77|A0A415QS77_9BACT   85.32%    passed     32.49%
 739  UP001302374|tr|A0A7X5YFS3|A0A7X5YFS3_9BACT   85.32%    passed     20.73%
 740  UP000646484|tr|A0ABR7CZI7|A0ABR7CZI7_9BACT   85.32%    passed     26.83%
 741  UP000019402|tr|W7Y9D3|W7Y9D3_9BACT           85.35%    failed      4.75%
 742  UP000319040|tr|A0A521AIR7|A0A521AIR7_SACCC   85.35%    passed     20.41%
 743  UP001207408|tr|A0AAE3MGQ2|A0AAE3MGQ2_9BACT   85.35%    passed     18.72%
 744  UP001209229|tr|A0AAE3M611|A0AAE3M611_9BACT   85.35%    failed      4.24%
 745  UP000218267|tr|A0A1Y1CQ65|A0A1Y1CQ65_9BACT   85.37%    passed     10.75%
 746  UP000233618|tr|A0A2N3IB45|A0A2N3IB45_9BACT   85.37%    passed      6.09%
 747  UP000285951|tr|A0A7M4D7R3|A0A7M4D7R3_9BACT   85.37%    passed      6.88%
 748  UP000233535|tr|A0A2N3I0J9|A0A2N3I0J9_9BACT   85.37%    passed     17.97%
 749  UP000285794|tr|A0A425Y4Q7|A0A425Y4Q7_9BACT   85.37%    passed      8.08%
 750  UP000289703|tr|A0A4Q1JMA6|A0A4Q1JMA6_9BACT   85.37%    failed      4.39%
 751  UP000293562|tr|A0A4Q7VJA5|A0A4Q7VJA5_9BACT   85.37%    passed      5.45%
 752  UP001528920|tr|A0ABT5VN23|A0ABT5VN23_9BACT   85.37%    passed     13.09%
 753  UP000248079|tr|A0A2V4A1L8|A0A2V4A1L8_9BACT   85.37%    passed      5.51%
 754  UP000284531|tr|A0A419XB85|A0A419XB85_9BACT   85.37%    failed      4.56%
 755  UP000732105|tr|A0ABX1WR54|A0ABX1WR54_9BACT   85.37%    failed      3.86%
 756  UP000282985|tr|A0A434AX75|A0A434AX75_9BACT   85.37%    failed      2.44%
 757  UP000023772|tr|X5DL74|X5DL74_9BACT           85.37%    failed      3.86%
 758  UP000032544|tr|A0A0D8JAU3|A0A0D8JAU3_9BACT   85.37%    passed      5.74%
 759  UP000474630|tr|A0A6C0RFT4|A0A6C0RFT4_9BACT   85.37%    passed      7.00%
 760  UP001145087|tr|A0A9X3F9X2|A0A9X3F9X2_9BACT   85.37%    passed     11.27%
 761  UP000265926|tr|A0A399SUF7|A0A399SUF7_9BACT   85.37%    failed      4.16%
 762  UP000605676|tr|A0ABS1HFN4|A0ABS1HFN4_9BACT   85.37%    passed     21.01%
 763  UP000679220|tr|A0A941J234|A0A941J234_9BACT   85.37%    passed     19.76%
 764  UP000721861|tr|A0ABS5KCX8|A0ABS5KCX8_9BACT   85.37%    passed     17.29%
 765  UP000708576|tr|A0ABS5JUI0|A0ABS5JUI0_9BACT   85.37%    passed      8.15%
 766  UP000428260|tr|A0A6I6K3E8|A0A6I6K3E8_9BACT   85.37%    failed      0.61%
 767  UP000184050|tr|A0A1M6MJK7|A0A1M6MJK7_9BACT   85.37%    passed     10.37%
 768  UP000184164|tr|A0A1M4WEZ4|A0A1M4WEZ4_9BACT   85.37%    failed      3.74%
 769  UP000266441|tr|A0A399D3C6|A0A399D3C6_9BACT   85.37%    passed     19.42%
 770  UP000036958|tr|A0A0L8VBW8|A0A0L8VBW8_9BACT   85.37%    passed     19.13%
 771  UP000198964|tr|A0A1I2JBF6|A0A1I2JBF6_9BACT   85.37%    passed     12.76%
 772  UP000032900|tr|A0A0E9M310|A0A0E9M310_9BACT   87.65%    passed     27.92%
 773  UP000191055|tr|A0A1T5HTZ7|A0A1T5HTZ7_9BACT   85.37%    passed     10.48%
 774  UP000295221|tr|A0A4R2GM40|A0A4R2GM40_9BACT   85.37%    failed      4.94%
 775  UP001056426|tr|A0A9J6ZSK6|A0A9J6ZSK6_9BACT   85.35%    failed      1.59%
 776  UP000249239|tr|A0A2W7NVD7|A0A2W7NVD7_9BACT   85.37%    passed      9.85%
 777  UP000283387|tr|A0A419VYQ0|A0A419VYQ0_9BACT   85.37%    passed      8.60%
 778  UP001163821|tr|A0AA42C8D7|A0AA42C8D7_9BACT   85.37%    passed     15.85%
 779  UP000294830|tr|A0A4R2E6Q5|A0A4R2E6Q5_9BACT   85.32%    passed     45.01%
 780  UP001193389|tr|A0A5K7SGY1|A0A5K7SGY1_9BACT   85.37%    passed      9.96%
 781  UP000005819|tr|B0MUV7|B0MUV7_9BACT           85.32%    passed     52.88%
 782  UP000008794|tr|D4INH4|D4INH4_9BACT           85.29%    passed     67.87%
 783  UP000183253|tr|A0A1H4EH86|A0A1H4EH86_9BACT   85.29%    passed     54.61%
 784  UP001058267|tr|A0ABY5V2G9|A0ABY5V2G9_9BACT   85.29%    passed     49.37%
 785  UP001460202|tr|A0ABV1GU25|A0ABV1GU25_9BACT   85.29%    passed     55.34%
 786  UP000324870|tr|A0ABQ6S6G8|A0ABQ6S6G8_9BACT   85.29%    passed     42.72%
 787  UP000317465|tr|A0ACA8QWW5|A0ACA8QWW5_9BACT   85.29%    passed     26.45%
 788  UP000319374|tr|A0A4Y1WZW7|A0A4Y1WZW7_9BACT   85.29%    passed     70.08%
 789  UP000318946|tr|A0A4Y1WSZ6|A0A4Y1WSZ6_9BACT   85.29%    passed     66.50%
 790  UP000006008|tr|G5HAH9|G5HAH9_9BACT           85.32%    passed      9.86%
 791  UP000636891|tr|A0ABR7CJW6|A0ABR7CJW6_9BACT   85.13%    passed     25.62%
 792  UP001059295|tr|A0ABY5UZI9|A0ABY5UZI9_9BACT   85.32%    passed     46.87%
 793  UP000255233|tr|A0A379MRH0|A0A379MRH0_9BACT   85.32%    passed     51.35%
 794  UP000030889|tr|A0ABR4YJT0|A0ABR4YJT0_9BACT   85.32%    passed     43.53%
 795  UP000027616|tr|A0A060R7V6|A0A060R7V6_9BACT   85.37%    passed     32.63%
 796  UP000053091|tr|A0A0S7BNS1|A0A0S7BNS1_9BACT   85.37%    passed     17.45%
 797  UP000179797|tr|A0A1S1Z1U1|A0A1S1Z1U1_FLAPC   85.37%    passed     21.28%
 798  UP000678679|tr|A0AAX1N3U0|A0AAX1N3U0_9BACT   85.37%    passed     26.42%
 799  UP000576082|tr|A0A7X9P3N8|A0A7X9P3N8_9BACT   85.37%    passed     20.68%
 800  UP000585050|tr|A0A7X8SMH6|A0A7X8SMH6_9BACT   85.37%    passed     20.15%
 801  UP000682802|tr|A0ABX8GRQ9|A0ABX8GRQ9_9BACT   85.37%    passed     20.99%
 802  UP000267268|tr|A0A3S9P7C1|A0A3S9P7C1_9BACT   85.37%    passed     21.57%
 803  UP000245535|tr|A0A315ZI61|A0A315ZI61_SEDFL   85.37%    passed      9.86%
 804  UP001348817|tr|A0AAU9CVS9|A0AAU9CVS9_9BACT   85.10%    passed      9.18%
 805  UP001185092|tr|A0AAE3XNR8|A0AAE3XNR8_9BACT   84.91%    failed      0.73%
 806  UP000391834|tr|A0A5M4B2T4|A0A5M4B2T4_9BACT   85.37%    failed      0.43%
 807  UP000396862|tr|A0A2P8C7I0|A0A2P8C7I0_9BACT   85.37%    failed      1.21%
 808  UP001310022|tr|A0AAN4W2F7|A0AAN4W2F7_9BACT   85.37%    passed     34.55%
 809  UP001354989|tr|A0ABM7VIX5|A0ABM7VIX5_9BACT   85.37%    passed     13.91%
 810  UP000826212|tr|A0AC61NPT8|A0AC61NPT8_9BACT   85.29%    passed     20.45%
 811  UP000198384|tr|A0A238VMG4|A0A238VMG4_9FLAO   85.35%    passed     36.27%
 812  UP000198412|tr|A0A238VGX5|A0A238VGX5_9FLAO   85.35%    passed     33.96%
 813  UP000199312|tr|A0A1I6NTV4|A0A1I6NTV4_9FLAO   85.35%    passed     22.93%
 814  UP000298517|tr|A0A4Y8AW09|A0A4Y8AW09_9FLAO   85.35%    passed     17.10%
 815  UP001589665|tr|A0ABV5JYV7|A0ABV5JYV7_9FLAO   85.35%    passed     17.10%
 816  UP000199595|tr|A0A1H2VXI3|A0A1H2VXI3_9FLAO   85.35%    passed     18.07%
 817  UP001597032|tr|A0ABW2Z7U5|A0ABW2Z7U5_9FLAO   85.32%    passed      9.97%
 818  UP000256429|tr|A0A3D9RPA2|A0A3D9RPA2_9FLAO   85.35%    passed     22.64%
 819  UP001597241|tr|A0ABW3WQF5|A0ABW3WQF5_9FLAO   85.35%    passed     29.66%
 820  UP000192907|tr|A0A1Y6CQF1|A0A1Y6CQF1_9BACT   85.35%    passed     59.07%
 821  UP000002969|tr|A0ABN0AW01|A0ABN0AW01_CHRGE   85.35%    failed      4.58%
 822  UP000256769|tr|A0A3D9CRF4|A0A3D9CRF4_9FLAO   85.35%    failed      3.81%
 823  UP000306038|tr|A0ABY2RBG4|A0ABY2RBG4_9FLAO   85.35%    failed      3.18%
 824  UP000238325|tr|A0A2S9CKY7|A0A2S9CKY7_CHRCI   85.35%    passed      9.48%
 825  UP000281899|tr|A0ABX9XEA2|A0ABX9XEA2_9FLAO   85.35%    failed      4.49%
 826  UP000316437|tr|A0A543E4R8|A0A543E4R8_9FLAO   85.35%    passed      8.80%
 827  UP000316916|tr|A0A521E861|A0A521E861_9FLAO   85.35%    passed      8.80%
 828  UP001184376|tr|A0ACC6IZ90|A0ACC6IZ90_9FLAO   85.35%    passed      8.80%
 829  UP000587367|tr|A0ABR6Q686|A0ABR6Q686_9FLAO   85.35%    passed      8.37%
 830  UP001184833|tr|A0ACC6JDN7|A0ACC6JDN7_9FLAO   85.35%    passed      8.74%
 831  UP000323884|tr|A0A5D8ZG72|A0A5D8ZG72_9FLAO   85.35%    passed      8.64%
 832  UP001260959|tr|A0ABU1E5Q3|A0ABU1E5Q3_9FLAO   85.35%    passed      8.45%
 833  UP000326384|tr|A0A316WB98|A0A316WB98_9FLAO   85.35%    passed      5.79%
 834  UP000257030|tr|A0A3D9D6L6|A0A3D9D6L6_9FLAO   85.35%    passed      8.62%
 835  UP001235513|tr|A0ABT9SHP9|A0ABT9SHP9_9FLAO   85.35%    passed      5.34%
 836  UP000031167|tr|A0A0B4D6T0|A0A0B4D6T0_9FLAO   85.35%    passed      5.57%
 837  UP000618240|tr|A0ABS8A043|A0ABS8A043_9FLAO   85.35%    passed      6.16%
 838  UP000228740|tr|A0A2M9C2S7|A0A2M9C2S7_9FLAO   85.35%    failed      4.23%
 839  UP000198869|tr|A0A1G8JS06|A0A1G8JS06_9FLAO   85.35%    passed      5.45%
 840  UP000199450|tr|A0A1H8B0D6|A0A1H8B0D6_9FLAO   85.35%    failed      3.87%
 841  UP000830552|tr|A0ABY4K0W9|A0ABY4K0W9_9FLAO   85.35%    failed      3.74%
 842  UP000281741|tr|A0AAD0YD52|A0AAD0YD52_9FLAO   85.35%    passed     10.10%
 843  UP001157960|tr|A0ABY1N8I5|A0ABY1N8I5_9FLAO   85.35%    passed     12.77%
 844  UP000199469|tr|A0A1I0RTN0|A0A1I0RTN0_9FLAO   85.35%    failed      4.80%
 845  UP000272428|tr|A0A495SA44|A0A495SA44_9FLAO   85.35%    failed      3.66%
 846  UP000295709|tr|A0A3N0VTY4|A0A3N0VTY4_9FLAO   85.35%    passed      5.51%
 847  UP001350005|tr|A0ABU7QV21|A0ABU7QV21_9FLAO   85.35%    failed      3.90%
 848  UP000501570|tr|A0ABX6KTH4|A0ABX6KTH4_CHRGL   85.35%    passed      8.63%
 849  UP000092651|tr|A0A1B8ZA94|A0A1B8ZA94_9FLAO   85.35%    passed      6.65%
 850  UP000186744|tr|A0A1N7Q1J4|A0A1N7Q1J4_9FLAO   85.35%    passed      7.32%
 851  UP000199426|tr|A0A2X2V6W2|A0A2X2V6W2_CHRJE   85.35%    passed      6.33%
 852  UP000236594|tr|A0A316X7W7|A0A316X7W7_9FLAO   85.35%    passed      9.87%
 853  UP000278288|tr|A0AAD0YM13|A0AAD0YM13_CHRNA   85.35%    passed      7.72%
 854  UP001595735|tr|A0ABV7XQ97|A0ABV7XQ97_9FLAO   85.35%    passed     10.39%
 855  UP000093508|tr|A0A1M7HN86|A0A1M7HN86_9FLAO   85.35%    failed      4.99%
 856  UP000271193|tr|A0A3G6T445|A0A3G6T445_9FLAO   85.35%    passed      6.01%
 857  UP000236182|tr|A0A316WIW7|A0A316WIW7_9FLAO   85.35%    failed      4.92%
 858  UP000256686|tr|A0A3D9CBH6|A0A3D9CBH6_9FLAO   85.35%    failed      4.61%
 859  UP000279541|tr|A0A1N7JVG8|A0A1N7JVG8_9FLAO   85.35%    passed      5.34%
 860  UP001163719|tr|A0ABT3HM66|A0ABT3HM66_9FLAO   85.35%    failed      4.20%
 861  UP000036261|tr|A0A0J7IKY5|A0A0J7IKY5_9FLAO   85.35%    passed      7.63%
 862  UP000184047|tr|A0A1M5VXQ7|A0A1M5VXQ7_9FLAO   85.35%    passed      8.08%
 863  UP000661696|tr|A0ABS1QFN6|A0ABS1QFN6_9FLAO   85.35%    passed      6.31%
 864  UP001634154|tr|A0ABW9K5A7|A0ABW9K5A7_9FLAO   85.35%    passed      9.46%
 865  UP000589738|tr|A0A841N2L3|A0A841N2L3_9FLAO   85.35%    passed     10.04%
 866  UP000186373|tr|A0A1N7J5B3|A0A1N7J5B3_9FLAO   85.35%    passed     11.95%
 867  UP000273270|tr|A0A1M7A8A9|A0A1M7A8A9_CHRCU   85.35%    passed     10.29%
 868  UP000544054|tr|A0A7Y0FU50|A0A7Y0FU50_9FLAO   85.35%    failed      3.91%
 869  UP001142057|tr|A0ABT2IIH1|A0ABT2IIH1_9FLAO   85.35%    failed      3.95%
 870  UP000198769|tr|A0A1I5BEU4|A0A1I5BEU4_CHROL   85.35%    passed      7.04%
 871  UP001525566|tr|A0ABT2J092|A0ABT2J092_9FLAO   85.35%    passed      6.12%
 872  UP000028719|tr|A0A1M4TKT6|A0A1M4TKT6_9FLAO   85.35%    failed      3.58%
 873  UP000028703|tr|A0A085ZYC1|A0A085ZYC1_9FLAO   85.35%    passed     10.72%
 874  UP000184236|tr|A0A1M4X3H4|A0A1M4X3H4_9FLAO   85.35%    passed     14.43%
 875  UP000552615|tr|A0A7Y0FJN8|A0A7Y0FJN8_9FLAO   85.35%    passed     16.72%
 876  UP001348397|tr|A0ABU6HV96|A0ABU6HV96_9FLAO   85.35%    passed     14.18%
 877  UP000028713|tr|A0A085Z295|A0A085Z295_9FLAO   85.35%    passed     16.06%
 878  UP000184782|tr|A0A1N6HKW5|A0A1N6HKW5_9FLAO   85.35%    passed      8.29%
 879  UP000190669|tr|A0ABY1L712|A0ABY1L712_9FLAO   85.35%    passed     12.19%
 880  UP000256512|tr|A0A3D9BV98|A0A3D9BV98_9FLAO   85.35%    passed     12.19%
 881  UP000603715|tr|A0A9Q3UWA1|A0A9Q3UWA1_9FLAO   85.35%    passed     15.51%
 882  UP000637299|tr|A0ABR8ZDB8|A0ABR8ZDB8_9FLAO   85.35%    passed     11.30%
 883  UP001163731|tr|A0ABT3I015|A0ABT3I015_9FLAO   85.35%    passed     13.75%
 884  UP001208649|tr|A0ABT2W7E8|A0ABT2W7E8_9FLAO   85.35%    passed      9.77%
 885  UP001070176|tr|A0ABT3Y5R6|A0ABT3Y5R6_9FLAO   85.35%    passed     10.49%
 886  UP001108025|tr|A0A9Q3YTI5|A0A9Q3YTI5_9FLAO   85.35%    passed      5.06%
 887  UP001073122|tr|A0ABT3XJY6|A0ABT3XJY6_9FLAO   85.35%    passed     13.92%
 888  UP000662618|tr|A0A9N8MG98|A0A9N8MG98_9FLAO   85.35%    passed      9.77%
 889  UP000185725|tr|A0A381F6U5|A0A381F6U5_9FLAO   85.35%    passed     21.93%
 890  UP000238314|tr|A0A1N7K447|A0A1N7K447_9FLAO   85.35%    passed     13.48%
 891  UP000199627|tr|A0A1H1B9U7|A0A1H1B9U7_9FLAO   85.35%    passed     16.42%
 892  UP001500353|tr|A0ABP9MMP9|A0ABP9MMP9_9FLAO   85.35%    passed     11.77%
 893  UP001184853|tr|A0ABU1LII8|A0ABU1LII8_9FLAO   85.35%    passed      8.64%
 894  UP001210978|tr|A0ABY7QHR6|A0ABY7QHR6_9FLAO   85.35%    passed     10.14%
 895  UP000077824|tr|A0A172Y1P5|A0A172Y1P5_9FLAO   85.35%    passed      9.51%
 896  UP000182034|tr|A0A1K2INV8|A0A1K2INV8_9FLAO   85.35%    passed      9.52%
 897  UP000184364|tr|A0A1M7G7K3|A0A1M7G7K3_9FLAO   85.35%    passed      5.50%
 898  UP001629058|tr|A0ABW8Y2Y6|A0ABW8Y2Y6_9FLAO   85.35%    passed      7.20%
 899  UP000831068|tr|A0ABY4BGG1|A0ABY4BGG1_9FLAO   85.35%    failed      3.23%
 900  UP000321863|tr|A0A511YKP2|A0A511YKP2_9FLAO   85.35%    passed      7.83%
 901  UP000051682|tr|A0A0Q3HVN8|A0A0Q3HVN8_9FLAO   85.35%    passed      8.96%
 902  UP000184518|tr|A0A1M5ECQ6|A0A1M5ECQ6_9FLAO   85.35%    passed      6.54%
 903  UP001596550|tr|A0ABW2LZ53|A0ABW2LZ53_9FLAO   85.35%    passed      8.40%
 904  UP000196355|tr|A0A202C3S8|A0A202C3S8_9FLAO   85.35%    passed      8.95%
 905  UP000256924|tr|A0A3D9BFJ4|A0A3D9BFJ4_9FLAO   85.35%    failed      4.15%
 906  UP001168128|tr|A0ABT8U0Q6|A0ABT8U0Q6_9FLAO   85.35%    passed      6.58%
 907  UP001380186|tr|A0ABN7CES9|A0ABN7CES9_9FLAO   85.35%    passed      6.84%
 908  UP001430374|tr|A0ABS9CA82|A0ABS9CA82_9FLAO   85.35%    passed      7.01%
 909  UP000199242|tr|A0ABY0QXH5|A0ABY0QXH5_9FLAO   85.35%    failed      4.14%
 910  UP000256491|tr|A0AAE3Y7K5|A0AAE3Y7K5_9FLAO   85.35%    passed      9.05%
 911  UP000256257|tr|A0A3D9B4U4|A0A3D9B4U4_9FLAO   85.35%    failed      3.74%
 912  UP000279972|tr|A0A3G6RW69|A0A3G6RW69_CHRLC   85.35%    failed      3.05%
 913  UP000267524|tr|A0A3M7LCY8|A0A3M7LCY8_9FLAO   85.35%    failed      4.29%
 914  UP000445144|tr|A0A6N4X8C3|A0A6N4X8C3_9FLAO   85.35%    failed      3.39%
 915  UP000445309|tr|A0A6N4XJ41|A0A6N4XJ41_9FLAO   85.35%    failed      3.46%
 916  UP000007509|tr|J2T6K9|J2T6K9_9FLAO           85.35%    passed      8.08%
 917  UP000198555|tr|A0A1H6JIW4|A0A1H6JIW4_9FLAO   85.35%    passed      6.07%
 918  UP000592180|tr|A0A840KHP0|A0A840KHP0_9FLAO   85.35%    passed      5.37%
 919  UP000028705|tr|A0A086ACR8|A0A086ACR8_9FLAO   85.35%    passed      9.59%
 920  UP001208114|tr|A0ABT2VXF6|A0ABT2VXF6_9FLAO   85.35%    passed     23.99%
 921  UP001225072|tr|A0ABU0TM19|A0ABU0TM19_9FLAO   84.74%    passed     11.43%
 922  UP000028709|tr|A0A086BMH7|A0A086BMH7_9FLAO   85.35%    failed      1.37%
 923  UP000628669|tr|A0ABS1FRA5|A0ABS1FRA5_9FLAO   85.35%    passed      6.17%
 924  UP000095601|tr|A0A1E5UBP2|A0A1E5UBP2_9FLAO   85.35%    passed      5.28%
 925  UP000620064|tr|A0ABQ2NJA7|A0ABQ2NJA7_9FLAO   85.35%    failed      4.59%
 926  UP000005638|tr|G8X8M1|G8X8M1_FLACA           85.40%    failed      0.42%
 927  UP001621706|tr|A0ABW8PC19|A0ABW8PC19_9FLAO   85.40%    failed      1.71%
 928  UP001621713|tr|A0ABW8PEW6|A0ABW8PEW6_9FLAO   85.40%    failed      0.43%
 929  UP000288951|tr|A0A437UBJ8|A0A437UBJ8_9FLAO   85.40%    failed      1.34%
 930  UP001621813|tr|A0ABW8PKJ7|A0ABW8PKJ7_9FLAO   85.40%    failed      1.64%
 931  UP000007599|tr|H8XS44|H8XS44_FLAIG           85.35%    passed     13.48%
 932  UP001317191|tr|A0ABT0TQB3|A0ABT0TQB3_9FLAO   85.26%    passed     18.13%
 933  UP000184488|tr|A0A1M6APD3|A0A1M6APD3_9FLAO   85.40%    failed      4.72%
 934  UP001500141|tr|A0ABP8ZPK9|A0ABP8ZPK9_9FLAO   85.40%    passed      8.88%
 935  UP000290283|tr|A0A4Q1K563|A0A4Q1K563_9FLAO   85.40%    passed     10.61%
 936  UP000018004|tr|V6STY6|V6STY6_9FLAO           85.40%    passed      8.06%
 937  UP000030149|tr|V6SCR9|V6SCR9_9FLAO           85.40%    passed      6.60%
 938  UP000018234|tr|A0ABN0QDM4|A0ABN0QDM4_9FLAO   85.40%    passed     12.21%
 939  UP000319848|tr|V6S695|V6S695_9FLAO           85.40%    passed     19.37%
 940  UP000030121|tr|A0A0A2M783|A0A0A2M783_9FLAO   85.40%    passed     31.63%
 941  UP000184611|tr|A0A1M7ZU39|A0A1M7ZU39_9FLAO   85.40%    passed     13.06%
 942  UP000249620|tr|A0A327YRT4|A0A327YRT4_9FLAO   85.40%    passed     16.89%
 943  UP000761423|tr|A0ABX0I8D1|A0ABX0I8D1_9FLAO   85.40%    passed     18.91%
 944  UP001203342|tr|A0ABT0TEX2|A0ABT0TEX2_9FLAO   85.40%    passed     27.61%
 945  UP000656274|tr|A0ABR9WR38|A0ABR9WR38_9FLAO   85.40%    passed     13.12%
 946  UP001393056|tr|A0ABU9I544|A0ABU9I544_9FLAO   85.40%    passed     15.52%
 947  UP000315312|tr|A0A562KH89|A0A562KH89_9FLAO   85.40%    passed     18.60%
 948  UP001165677|tr|A0ABT3EE57|A0ABT3EE57_9FLAO   85.40%    passed     13.02%
 949  UP001180481|tr|A0ABY9RBD9|A0ABY9RBD9_9FLAO   85.35%    passed     13.01%
 950  UP000198648|tr|A0A1H9BMF3|A0A1H9BMF3_9FLAO   85.40%    passed     18.98%
 951  UP000605990|tr|A0ABR7IYN5|A0ABR7IYN5_9FLAO   85.40%    passed     18.48%
 952  UP000800984|tr|A0ABX0IA45|A0ABX0IA45_9FLAO   85.40%    passed      9.03%
 953  UP000199702|tr|A0A1H6TUR1|A0A1H6TUR1_9FLAO   85.40%    passed     14.43%
 954  UP001597549|tr|A0ABW5Z7F2|A0ABW5Z7F2_9FLAO   85.40%    passed     17.95%
 955  UP000293300|tr|A0A4Q9Z4C7|A0A4Q9Z4C7_9FLAO   85.35%    passed     25.84%
 956  UP000184147|tr|A0A1M4W222|A0A1M4W222_9FLAO   85.35%    passed     23.98%
 957  UP000289857|tr|A0A4Q1KCQ1|A0A4Q1KCQ1_9FLAO   85.35%    passed     26.39%
 958  UP000625735|tr|A0A916XWY3|A0A916XWY3_9FLAO   85.13%    passed     38.28%
 959  UP000009186|tr|G2Z4I3|G2Z4I3_FLABF           85.40%    passed      6.81%
 960  UP000029554|tr|A0A095V1X3|A0A095V1X3_9FLAO   85.40%    passed      6.74%
 961  UP001500367|tr|A0ABP7VJZ2|A0ABP7VJZ2_9FLAO   85.40%    passed     12.54%
 962  UP001500426|tr|A0ABP7UR77|A0ABP7UR77_9FLAO   85.40%    passed      7.17%
 963  UP000490922|tr|A0A7J5AJ03|A0A7J5AJ03_9FLAO   85.40%    failed      4.07%
 964  UP001597051|tr|A0ABW3J3P1|A0ABW3J3P1_9FLAO   85.40%    failed      3.83%
 965  UP001232117|tr|A0ABY8N6K7|A0ABY8N6K7_9FLAO   85.40%    passed      8.11%
 966  UP001319865|tr|A0ABM7UXS7|A0ABM7UXS7_9FLAO   85.40%    failed      3.43%
 967  UP001319867|tr|A0ABM7V3U8|A0ABM7V3U8_9FLAO   85.40%    passed      7.11%
 968  UP000248840|tr|A0A328YCF2|A0A328YCF2_9FLAO   85.35%    failed      4.91%
 969  UP000295260|tr|A0A4R6QBX2|A0A4R6QBX2_9FLAO   85.40%    passed      7.54%
 970  UP000759529|tr|A0ABS2CYD7|A0ABS2CYD7_9FLAO   85.40%    passed      7.98%
 971  UP000767947|tr|A0ABX1QTW9|A0ABX1QTW9_9FLAO   85.40%    failed      2.22%
 972  UP000536509|tr|A0A7Y3R6Z2|A0A7Y3R6Z2_9FLAO   85.40%    failed      3.24%
 973  UP001500968|tr|A0ABP7TZH1|A0ABP7TZH1_9FLAO   85.40%    passed      8.43%
 974  UP001230035|tr|A0ABT6XM75|A0ABT6XM75_9FLAO   85.40%    passed     12.86%
 975  UP000027064|tr|A0A066WJE4|A0A066WJE4_9FLAO   85.40%    passed     10.07%
 976  UP000178198|tr|A0A1D9P9A8|A0A1D9P9A8_9FLAO   85.40%    passed     12.89%
 977  UP000285211|tr|A0A3S3SZZ0|A0A3S3SZZ0_9FLAO   85.40%    passed     13.24%
 978  UP000182367|tr|A0A1B9DNY6|A0A1B9DNY6_9FLAO   85.40%    passed      9.65%
 979  UP000658793|tr|A0ABQ1HBZ5|A0ABQ1HBZ5_9FLAO   85.40%    passed      9.57%
 980  UP001398556|tr|A0ABU9HJD6|A0ABU9HJD6_9FLAO   85.40%    passed      9.04%
 981  UP000316775|tr|A0A4Y4AR73|A0A4Y4AR73_9FLAO   85.40%    passed     21.58%
 982  UP001574170|tr|A0ABV4TIT7|A0ABV4TIT7_9FLAO   85.40%    passed     14.04%
 983  UP001629260|tr|A0ABW8XQC8|A0ABW8XQC8_9FLAO   85.40%    passed     16.81%
 984  UP001574169|tr|A0ABV4TEZ3|A0ABV4TEZ3_9FLAO   85.40%    passed     16.58%
 985  UP000237771|tr|A0A1M5K7E0|A0A1M5K7E0_9FLAO   85.40%    passed     11.88%
 986  UP000175968|tr|A0AAC9N3G8|A0AAC9N3G8_9FLAO   85.40%    passed      6.19%
 987  UP000249177|tr|A0A2W7UJL7|A0A2W7UJL7_9FLAO   85.40%    passed     10.72%
 988  UP001261871|tr|A0ABU1S229|A0ABU1S229_9FLAO   85.40%    passed     14.79%
 989  UP000237310|tr|A0A2S5ABR6|A0A2S5ABR6_9FLAO   85.40%    passed     11.07%
 990  UP000184516|tr|A0A1M5ETW7|A0A1M5ETW7_9FLAO   85.40%    passed     12.33%
 991  UP000257136|tr|A0A3E0E259|A0A3E0E259_9FLAO   85.40%    passed     11.29%
 992  UP000245618|tr|A0A2U1K279|A0A2U1K279_9FLAO   85.40%    passed     16.87%
 993  UP000812031|tr|A0ABS6Y0D9|A0ABS6Y0D9_9FLAO   85.40%    passed      9.46%
 994  UP000661715|tr|A0ABR7UL41|A0ABR7UL41_9FLAO   85.40%    passed     13.76%
 995  UP000316371|tr|A0A553E5X3|A0A553E5X3_9FLAO   85.40%    passed     19.49%
 996  UP000093807|tr|A0A199XQ45|A0A199XQ45_9FLAO   85.40%    passed     11.84%
 997  UP001468798|tr|A0ABU9NLW2|A0ABU9NLW2_9FLAO   85.40%    passed      9.00%
 998  UP000182961|tr|A0A1I4R776|A0A1I4R776_9FLAO   85.40%    passed     16.31%
 999  UP000318585|tr|A0A553CT67|A0A553CT67_9FLAO   85.40%    passed      6.27%
1000  UP000646211|tr|A0A930XY05|A0A930XY05_9FLAO   85.40%    passed     10.37%
1001  UP000295479|tr|A0A4V6PFC7|A0A4V6PFC7_9FLAO   85.40%    passed     11.39%
1002  UP000641454|tr|A0A923MZ43|A0A923MZ43_9FLAO   85.40%    passed     30.19%
1003  UP000291124|tr|A0A4P6YAL9|A0A4P6YAL9_9FLAO   85.40%    passed     10.70%
1004  UP000245449|tr|A0A2U1JHC3|A0A2U1JHC3_9FLAO   85.40%    passed     20.31%
1005  UP000254518|tr|A0A562PXE5|A0A562PXE5_9FLAO   84.36%    passed      8.29%
1006  UP000621670|tr|A0ABR7JCA6|A0ABR7JCA6_9FLAO   85.40%    passed     20.47%
1007  UP000679008|tr|A0ABS5D6Y2|A0ABS5D6Y2_9FLAO   85.40%    passed     22.64%
1008  UP000629963|tr|A0ABR7J4Y8|A0ABR7J4Y8_9FLAO   85.40%    passed     30.69%
1009  UP000244527|tr|A0A2S1LAH2|A0A2S1LAH2_9FLAO   85.40%    passed     43.40%
1010  UP001304515|tr|A0AA96EZE6|A0AA96EZE6_9FLAO   85.40%    failed      1.66%
1011  UP000297407|tr|A0A4Z0LA34|A0A4Z0LA34_9FLAO   85.40%    failed      4.41%
1012  UP000006694|tr|A5FLK6|A5FLK6_FLAJ1           85.37%    passed     19.83%
1013  UP000468990|tr|A0A521E3Y2|A0A521E3Y2_9FLAO   85.37%    passed     18.12%
1014  UP000257004|tr|A0A3D9FVX2|A0A3D9FVX2_9FLAO   85.37%    passed     22.13%
1015  UP000184071|tr|A0A1M5KXU1|A0A1M5KXU1_9FLAO   85.37%    passed     18.73%
1016  UP000663440|tr|A0ABX7QKI8|A0ABX7QKI8_9FLAO   85.37%    passed     12.84%
1017  UP001589734|tr|A0ABV6BLI9|A0ABV6BLI9_9FLAO   85.37%    passed     21.20%
1018  UP000533639|tr|A0A9N8IY84|A0A9N8IY84_9FLAO   85.37%    passed     28.72%
1019  UP001623852|tr|A0ABZ2UGP0|A0ABZ2UGP0_9FLAO   85.37%    passed     20.97%
1020  UP001500748|tr|A0ABP7GE12|A0ABP7GE12_9FLAO   85.37%    passed     22.47%
1021  UP000198319|tr|A0A1S1JBX4|A0A1S1JBX4_9FLAO   85.37%    passed     28.84%
1022  UP000474567|tr|A0A9W4TDD4|A0A9W4TDD4_9FLAO   85.37%    passed     27.54%
1023  UP001430700|tr|A0ABS8LYQ6|A0ABS8LYQ6_9FLAO   85.37%    passed     30.53%
1024  UP000182826|tr|A0A1J7BUG3|A0A1J7BUG3_FLAJO   85.37%    passed     22.29%
1025  UP001595935|tr|A0ABV9PJE4|A0ABV9PJE4_9FLAO   85.37%    passed     30.88%
1026  UP000093343|tr|A0ABX2XCY0|A0ABX2XCY0_9FLAO   85.37%    passed     28.84%
1027  UP001430679|tr|A0ABS8MA68|A0ABS8MA68_9FLAO   85.37%    passed     24.40%
1028  UP000479938|tr|A0A6J4GCW4|A0A6J4GCW4_9FLAO   85.37%    passed     15.29%
1029  UP000198302|tr|A0A0D0EIZ8|A0A0D0EIZ8_9FLAO   85.37%    passed     24.01%
1030  UP000722625|tr|A0ABS5PG11|A0ABS5PG11_9FLAO   85.37%    passed     29.33%
1031  UP001212170|tr|A0ABT4W692|A0ABT4W692_9FLAO   85.37%    passed     31.56%
1032  UP001269081|tr|A0ABU1YAK0|A0ABU1YAK0_9FLAO   85.37%    passed     36.29%
1033  UP000471501|tr|A0A6I4NIB1|A0A6I4NIB1_9FLAO   85.37%    passed     22.41%
1034  UP000319700|tr|A0A502EF63|A0A502EF63_9FLAO   85.37%    passed     33.70%
1035  UP000214684|tr|A0A227P6I8|A0A227P6I8_9FLAO   85.37%    passed     29.50%
1036  UP000184028|tr|A0A1M7D417|A0A1M7D417_9FLAO   85.37%    passed     27.23%
1037  UP000198336|tr|A0A226I3R6|A0A226I3R6_9FLAO   85.37%    passed     36.59%
1038  UP000198381|tr|A0ABX4CUN7|A0ABX4CUN7_9FLAO   85.37%    passed     39.58%
1039  UP000247681|tr|A0A2V4BZE0|A0A2V4BZE0_9FLAO   85.37%    passed     18.31%
1040  UP000556700|tr|A0A6V6YQW5|A0A6V6YQW5_9FLAO   85.37%    passed     19.34%
1041  UP001589562|tr|A0ABV5HCI7|A0ABV5HCI7_9FLAO   85.37%    passed     16.88%
1042  UP000655016|tr|A0ABQ1UUG4|A0ABQ1UUG4_9FLAO   85.37%    passed     18.68%
1043  UP000530060|tr|A0A6V6YP45|A0A6V6YP45_9FLAO   85.37%    passed     10.05%
1044  UP000247903|tr|A0A2V4BNE2|A0A2V4BNE2_9FLAO   85.37%    passed      9.64%
1045  UP000198345|tr|A0A226HKT6|A0A226HKT6_9FLAO   85.37%    passed     23.48%
1046  UP000184216|tr|A0AB36P4F7|A0AB36P4F7_9FLAO   85.37%    passed     34.82%
1047  UP000184121|tr|A0A1M6ZP37|A0A1M6ZP37_9FLAO   85.37%    passed     28.02%
1048  UP000198382|tr|A0ABX4BV82|A0ABX4BV82_FLAFR   85.37%    passed     34.11%
1049  UP000675047|tr|A0A941AXD9|A0A941AXD9_9FLAO   85.37%    passed     21.66%
1050  UP001278738|tr|A0AAJ2S5T1|A0AAJ2S5T1_9FLAO   85.37%    passed     21.26%
1051  UP000288102|tr|A0A434A5H8|A0A434A5H8_9FLAO   85.37%    passed     25.00%
1052  UP000295270|tr|A0A4Y7U6U6|A0A4Y7U6U6_9FLAO   85.37%    passed     28.66%
1053  UP001273350|tr|A0ABU4RCN9|A0ABU4RCN9_9FLAO   85.37%    passed     32.54%
1054  UP000199307|tr|A0ABY0LD35|A0ABY0LD35_9FLAO   85.37%    passed     15.83%
1055  UP000199672|tr|A0A1I1JX51|A0A1I1JX51_9FLAO   85.37%    passed     18.44%
1056  UP000245250|tr|A0A2S1YHJ2|A0A2S1YHJ2_9FLAO   85.37%    passed     20.26%
1057  UP001595719|tr|A0ABV8WBF3|A0ABV8WBF3_9FLAO   85.37%    passed     20.54%
1058  UP000533549|tr|A0ABR6Q7S3|A0ABR6Q7S3_9FLAO   85.37%    passed     15.93%
1059  UP000561681|tr|A0A7W7IW63|A0A7W7IW63_9FLAO   85.37%    passed     15.93%
1060  UP000319267|tr|A0A521CXG6|A0A521CXG6_9FLAO   85.37%    passed     18.02%
1061  UP000829998|tr|A0ABY4LWN8|A0ABY4LWN8_9FLAO   85.37%    passed     16.26%
1062  UP001596003|tr|A0ABV8ZAZ4|A0ABV8ZAZ4_9FLAO   85.37%    passed     18.49%
1063  UP001447857|tr|A0ABZ2QFP6|A0ABZ2QFP6_9FLAO   85.37%    passed     17.14%
1064  UP001139366|tr|A0A9X1HC55|A0A9X1HC55_9FLAO   85.37%    passed     18.49%
1065  UP001501333|tr|A0ABP7Y345|A0ABP7Y345_9FLAO   85.37%    passed     19.95%
1066  UP001501367|tr|A0ABP7FYT1|A0ABP7FYT1_9FLAO   85.37%    passed     13.92%
1067  UP000603728|tr|A0ABS1KA44|A0ABS1KA44_9FLAO   85.37%    passed     19.82%
1068  UP000251561|tr|A0A344LPH0|A0A344LPH0_9FLAO   85.37%    passed     17.56%
1069  UP000640614|tr|A0ABR9TQ93|A0ABR9TQ93_9FLAO   85.37%    passed     20.14%
1070  UP001597138|tr|A0ABW4H9A5|A0ABW4H9A5_9FLAO   85.37%    passed     16.82%
1071  UP000028715|tr|A0A085ZSW4|A0A085ZSW4_9FLAO   85.40%    passed     20.60%
1072  UP001485226|tr|A0ABU9IT74|A0ABU9IT74_9FLAO   85.37%    passed     18.18%
1073  UP000609172|tr|A0A934UJP7|A0A934UJP7_9FLAO   85.37%    passed     11.43%
1074  UP000431264|tr|A0A6I4ITF6|A0A6I4ITF6_9FLAO   85.40%    passed      7.54%
1075  UP000817854|tr|A0ABX0IUW8|A0ABX0IUW8_9FLAO   85.40%    passed      6.39%
1076  UP001589607|tr|A0ABV5GTL7|A0ABV5GTL7_9FLAO   85.40%    failed      2.30%
1077  UP000830454|tr|A0ABY4HQI3|A0ABY4HQI3_9FLAO   85.40%    failed      0.65%
1078  UP000184232|tr|A0A1M6EW74|A0A1M6EW74_9FLAO   85.37%    passed     11.51%
1079  UP000825258|tr|A0ABM7S2P0|A0ABM7S2P0_9FLAO   85.37%    passed      8.83%
1080  UP001597534|tr|A0ABW5YN09|A0ABW5YN09_9FLAO   85.37%    passed     12.98%
1081  UP000253319|tr|A0A365P5M8|A0A365P5M8_9FLAO   85.40%    passed     12.68%
1082  UP000245429|tr|A0A2U8QV74|A0A2U8QV74_9FLAO   85.37%    passed     10.90%
1083  UP000006276|tr|J9R5R5|J9R5R5_RIEAN           85.35%    failed      1.68%
1084  UP000028349|tr|A0A3S4UZG3|A0A3S4UZG3_9FLAO   85.35%    passed     11.85%
1085  UP000270185|tr|A0A3G8XMA7|A0A3G8XMA7_9FLAO   85.35%    passed      7.62%
1086  UP000594195|tr|A0A7M2YAB0|A0A7M2YAB0_9FLAO   85.35%    passed     11.37%
1087  UP000185839|tr|A0A1N7KX42|A0A1N7KX42_9FLAO   85.35%    passed      9.16%
1088  UP000660070|tr|A0ABS0FD30|A0ABS0FD30_9FLAO   85.35%    passed     12.11%
1089  UP000294419|tr|A0A4P6ZE42|A0A4P6ZE42_9FLAO   85.35%    passed     21.48%
1090  UP001241656|tr|A0ABY8RCB5|A0ABY8RCB5_9FLAO   85.35%    passed      8.42%
1091  UP000197587|tr|A0A246BBZ0|A0A246BBZ0_9FLAO   85.35%    passed     27.01%
1092  UP000516438|tr|A0A7H1DVD8|A0A7H1DVD8_9FLAO   85.35%    passed     32.64%
1093  UP001597394|tr|A0ABW5K9N3|A0ABW5K9N3_9FLAO   85.35%    passed     24.46%
1094  UP001209107|tr|A0ABT3JL85|A0ABT3JL85_9FLAO   85.35%    passed     20.38%
1095  UP000539710|tr|A0A838ZKB7|A0A838ZKB7_9FLAO   85.35%    passed     22.16%
1096  UP000188947|tr|A0A1V3TVS5|A0A1V3TVS5_ELIME   85.35%    passed      6.31%
1097  UP000190016|tr|A0ABX3N7S4|A0ABX3N7S4_9FLAO   85.35%    passed      5.85%
1098  UP000324513|tr|A0ABY3NJQ8|A0ABY3NJQ8_ELIMR   85.35%    passed      7.57%
1099  UP000595426|tr|A0A7T7ZZK8|A0A7T7ZZK8_9FLAO   85.35%    passed      7.40%
1100  UP000190813|tr|A0A1T3MG60|A0A1T3MG60_9FLAO   85.35%    passed      5.92%
1101  UP000190057|tr|A0ABN5BY47|A0ABN5BY47_9FLAO   85.35%    failed      4.40%
1102  UP000191112|tr|A0A1T5E518|A0A1T5E518_9FLAO   84.91%    failed      2.37%
1103  UP000553459|tr|A0A845PVF4|A0A845PVF4_9FLAO   85.35%    failed      2.23%
1104  UP000035900|tr|A0A0J7J1B7|A0A0J7J1B7_9FLAO   85.35%    passed      8.60%
1105  UP000831460|tr|A0ABY4BPW1|A0ABY4BPW1_9FLAO   85.35%    passed      9.03%
1106  UP001432059|tr|A0AAU0F0X6|A0AAU0F0X6_9FLAO   93.84%    passed     10.15%
1107  UP000215196|tr|A0A239XF11|A0A239XF11_9FLAO   85.35%    passed     44.30%
1108  UP000252172|tr|A0A368N044|A0A368N044_9FLAO   85.35%    passed      9.04%
1109  UP000237056|tr|A0A2S4NBS9|A0A2S4NBS9_9FLAO   85.40%    failed      4.81%
1110  UP000006085|tr|K1LVE5|K1LVE5_9FLAO           85.35%    passed     37.34%
1111  UP000005402|tr|A0ABP2N7N5|A0ABP2N7N5_9FLAO   85.40%    passed      6.83%
1112  UP000183496|tr|A0AAJ4W3M2|A0AAJ4W3M2_MYRPR   85.40%    passed      6.79%
1113  UP000076630|tr|A0A164A5H2|A0A164A5H2_9FLAO   85.40%    passed      6.79%
1114  UP000243588|tr|A0A1G8FE86|A0A1G8FE86_9FLAO   85.40%    passed     14.47%
1115  UP000438760|tr|A0A6I3LI72|A0A6I3LI72_9FLAO   85.40%    passed     11.65%
1116  UP000488936|tr|A0A7K1GQA9|A0A7K1GQA9_9FLAO   85.40%    passed     11.32%
1117  UP000255024|tr|A0A378U1R8|A0A378U1R8_MYROD   85.40%    passed      7.70%
1118  UP000295215|tr|A0A4R7EQD5|A0A4R7EQD5_9FLAO   85.37%    passed      7.76%
1119  UP000243887|tr|A0A1I3SK79|A0A1I3SK79_9FLAO   85.40%    passed     18.23%
1120  UP000199036|tr|A0A1I4WEY2|A0A1I4WEY2_9FLAO   85.37%    passed     19.65%
1121  UP000325141|tr|A0A5M6CTE9|A0A5M6CTE9_9FLAO   85.40%    passed     23.88%
1122  UP000268372|tr|A0A3P1B6R9|A0A3P1B6R9_9FLAO   85.40%    passed     22.92%
1123  UP001317001|tr|A0ABY5NTK3|A0ABY5NTK3_9FLAO   85.37%    passed     29.02%
1124  UP000199634|tr|A0A1H6L8G6|A0A1H6L8G6_9FLAO   85.37%    passed     23.01%
1125  UP000275719|tr|A0A3P3WC86|A0A3P3WC86_9FLAO   85.40%    passed     14.45%
1126  UP001163328|tr|A0ABY6M232|A0ABY6M232_9FLAO   85.37%    passed     22.36%
1127  UP001242368|tr|A0ABT8CYJ6|A0ABT8CYJ6_9FLAO   85.40%    passed     36.05%
1128  UP000007463|tr|F2IE65|F2IE65_FLUTR           85.37%    passed     18.48%
1129  UP000316008|tr|A0A556MY93|A0A556MY93_9FLAO   85.37%    passed     29.97%
1130  UP001501126|tr|A0ABP3Y1K9|A0ABP3Y1K9_9FLAO   85.21%    passed     23.34%
1131  UP000694480|tr|A0A931E8N9|A0A931E8N9_9FLAO   85.29%    passed     38.56%
1132  UP000001847|tr|B0SQ50|B0SQ50_LEPBP           85.29%    failed      0.12%
1133  UP000232145|tr|A0A2N0AJX0|A0A2N0AJX0_9LEPT   85.29%    failed      0.07%
1134  UP000297465|tr|A0ABY2LPL1|A0ABY2LPL1_9LEPT   85.29%    failed      0.14%
1135  UP000298009|tr|A0A4R9I6G0|A0A4R9I6G0_9LEPT   85.29%    failed      0.13%
1136  UP000297649|tr|A0A6H3NR66|A0A6H3NR66_9LEPT   85.29%    failed      0.08%
1137  UP000297940|tr|A0ABY2NVB4|A0ABY2NVB4_9LEPT   85.29%    failed      0.11%
1138  UP000297918|tr|A0A4R9IQ24|A0A4R9IQ24_9LEPT   85.29%    failed      0.08%
1139  UP001208912|tr|A0AAW5VGS5|A0AAW5VGS5_9LEPT   85.29%    failed      0.08%
1140  UP000294684|tr|A0A4R8MVJ9|A0A4R8MVJ9_LEPME   85.29%    failed      0.08%
1141  UP000297239|tr|A0A6N4QBI5|A0A6N4QBI5_9LEPT   85.29%    failed      0.14%
1142  UP000298263|tr|A0A4Z1AA62|A0A4Z1AA62_9LEPT   85.29%    failed      0.13%
1143  UP000297891|tr|A0A2M9Y6K4|A0A2M9Y6K4_9LEPT   85.29%    failed      0.20%
1144  UP000298125|tr|A0A4R9JGZ4|A0A4R9JGZ4_9LEPT   85.29%    failed      0.12%
1145  UP000245206|tr|A0A2P2DGK1|A0A2P2DGK1_9LEPT   85.29%    failed      0.15%
1146  UP001209737|tr|A0ABT3LSQ8|A0ABT3LSQ8_9LEPT   85.29%    failed      0.14%
1147  UP000297352|tr|A0ABY2MPS5|A0ABY2MPS5_9LEPT   85.29%    failed      0.14%
1148  UP001208794|tr|A0ABT3M3T1|A0ABT3M3T1_9LEPT   85.29%    failed      0.14%
1149  UP000297567|tr|A0A4Z1ABK0|A0A4Z1ABK0_9LEPT   85.29%    failed      0.17%
1150  UP000297617|tr|A0ABY2LCI4|A0ABY2LCI4_9LEPT   85.29%    failed      0.21%
1151  UP000298200|tr|A0ABY2M7K9|A0ABY2M7K9_9LEPT   85.29%    failed      0.15%
1152  UP000297609|tr|A0A4R9JPM1|A0A4R9JPM1_9LEPT   85.29%    failed      0.30%
1153  UP000012371|tr|N1VYF8|N1VYF8_9LEPT           85.29%    failed      1.07%
1154  UP000298112|tr|A0ABY2NK29|A0ABY2NK29_9LEPT   85.29%    failed      0.90%
1155  UP000013984|tr|R9A1T2|R9A1T2_9LEPT           85.29%    failed      1.29%
1156  UP000297693|tr|A0A4R9K4Y1|A0A4R9K4Y1_9LEPT   85.29%    failed      1.39%
1157  UP000245133|tr|A0A2P2E433|A0A2P2E433_9LEPT   85.29%    failed      1.10%
1158  UP000005737|tr|H2CL44|H2CL44_9LEPT           85.32%    passed     11.03%
1159  UP000005512|tr|D1P2B5|D1P2B5_9GAMM           84.99%    passed     51.77%
1160  UP000009336|tr|K8WL82|K8WL82_9GAMM           84.94%    passed      8.37%
1161  UP000179588|tr|A0A1S1HT48|A0A1S1HT48_PROST   84.99%    passed     22.01%
1162  UP000596157|tr|A0ABX7ADY4|A0ABX7ADY4_9GAMM   84.99%    passed     22.01%
1163  UP001057142|tr|A0AAX3RXB6|A0AAX3RXB6_9GAMM   84.99%    passed     28.58%
1164  UP000010290|tr|K8WIC9|K8WIC9_9GAMM           84.99%    passed     14.56%
1165  UP000078224|tr|A0A1B7JWB9|A0A1B7JWB9_9GAMM   84.99%    passed     42.24%
1166  UP001163184|tr|A0ABY9Z8K0|A0ABY9Z8K0_9GAMM   84.99%    passed     31.20%
1167  UP001252207|tr|A0A345M0S9|A0A345M0S9_9GAMM   84.99%    passed     53.79%
1168  UP001176478|tr|A0AA42FL14|A0AA42FL14_9GAMM   84.99%    passed     66.38%
1169  UP001302443|tr|A0ABZ0N2W8|A0ABZ0N2W8_9GAMM   84.99%    passed     60.40%
1170  UP000011834|tr|J7TEV4|J7TEV4_MORMO           84.88%    passed     50.73%
1171  UP000092377|tr|A0A1B8H9S1|A0A1B8H9S1_9GAMM   84.88%    passed     61.15%
1172  UP000346198|tr|A0A6C2UNL9|A0A6C2UNL9_9BACT   85.24%    passed     70.96%
1173  UP000366872|tr|A0A6C2TVP6|A0A6C2TVP6_PONDE   85.21%    passed     78.08%
1174  UP001290861|tr|A0ABU5MYF7|A0ABU5MYF7_9BACT   85.24%    passed     27.04%
1175  UP000000235|tr|A4XCL6|A4XCL6_SALTO           84.44%    failed      0.08%
1176  UP000677457|tr|A0ABQ4K081|A0ABQ4K081_SALAC   84.44%    failed      0.07%
1177  UP000003448|tr|I0LD64|I0LD64_9ACTN           84.80%    failed      0.97%
1178  UP000198243|tr|A0A1C4W105|A0A1C4W105_9ACTN   84.80%    failed      0.49%
1179  UP000245410|tr|A0A317D6W7|A0A317D6W7_9ACTN   84.80%    failed      0.63%
1180  UP001596226|tr|A0ABW1HA91|A0ABW1HA91_9ACTN   84.80%    failed      0.35%
1181  UP000198224|tr|A0A1C4VN17|A0A1C4VN17_9ACTN   84.80%    failed      0.60%
1182  UP000249045|tr|A0A328N2R6|A0A328N2R6_9ACTN   84.80%    failed      0.35%
1183  UP001201629|tr|A0ABS9MUF7|A0ABS9MUF7_9ACTN   84.80%    failed      0.35%
1184  UP000614915|tr|A0ABS0JRN2|A0ABS0JRN2_9ACTN   84.80%    failed      0.35%
1185  UP000249334|tr|A0ABX9CP58|A0ABX9CP58_9ACTN   84.80%    failed      0.38%
1186  UP000266889|tr|A0A3N9WYA1|A0A3N9WYA1_9ACTN   84.80%    failed      0.31%
1187  UP000282312|tr|A0A3N9WVI7|A0A3N9WVI7_9ACTN   84.80%    failed      0.41%
1188  UP000293781|tr|A0A4Q7ULZ7|A0A4Q7ULZ7_9ACTN   84.80%    failed      0.50%
1189  UP000248333|tr|A0A318NPF0|A0A318NPF0_9ACTN   84.80%    failed      0.42%
1190  UP000523545|tr|A0A7Y9X2B6|A0A7Y9X2B6_9ACTN   84.80%    failed      0.37%
1191  UP001346877|tr|A0ABZ1PEL1|A0ABZ1PEL1_9ACTN   84.80%    failed      0.70%
1192  UP000586947|tr|A0A840VPN5|A0A840VPN5_9ACTN   84.80%    failed      0.39%
1193  UP000764837|tr|A0ABS2LSY9|A0ABS2LSY9_9ACTN   84.80%    failed      0.45%
1194  UP000631791|tr|A0ABS0JXP9|A0ABS0JXP9_9ACTN   84.80%    failed      0.37%
1195  UP000185124|tr|A0A1N5ZS23|A0A1N5ZS23_9ACTN   84.50%    failed      0.48%
1196  UP000317685|tr|A0A561VUR6|A0A561VUR6_9ACTN   84.80%    failed      1.06%
1197  UP000306145|tr|A0A5C4QYG4|A0A5C4QYG4_9ACTN   84.80%    failed      1.04%
1198  UP001602287|tr|A0ABW6VS66|A0ABW6VS66_9ACTN   84.80%    failed      0.63%
1199  UP000601027|tr|A0ABS1XS08|A0ABS1XS08_9ACTN   84.80%    failed      0.48%
1200  UP000622245|tr|A0ABS1YPP1|A0ABS1YPP1_9ACTN   84.80%    failed      1.03%
1201  UP001235874|tr|A0AAJ6HZL2|A0AAJ6HZL2_9ACTN   84.80%    failed      0.48%
1202  UP000197174|tr|A0A246RQ99|A0A246RQ99_9ACTN   84.80%    failed      0.69%
1203  UP000809587|tr|A0ABS2J6G1|A0ABS2J6G1_9ACTN   84.80%    failed      0.43%
1204  UP001518872|tr|A0ABS2J0L3|A0ABS2J0L3_9ACTN   84.80%    failed      0.47%
1205  UP000198797|tr|A0A1C4ZCL8|A0A1C4ZCL8_9ACTN   84.80%    failed      0.17%
1206  UP000198226|tr|A0A109IMD2|A0A109IMD2_9ACTN   84.80%    failed      0.07%
1207  UP000671399|tr|A0ABS3V970|A0ABS3V970_9ACTN   84.80%    failed      0.61%
1208  UP000198210|tr|A0A1C5GN33|A0A1C5GN33_9ACTN   84.80%    failed      1.30%
1209  UP000199504|tr|A0A1C4ZRL6|A0A1C4ZRL6_9ACTN   84.80%    failed      1.15%
1210  UP000199558|tr|A0A1A9B4A8|A0A1A9B4A8_9ACTN   84.80%    failed      0.56%
1211  UP001612812|tr|A0ABW7ZPH4|A0ABW7ZPH4_9ACTN   84.80%    failed      0.40%
1212  UP000510844|tr|A0A7L6B8D5|A0A7L6B8D5_9ACTN   84.80%    failed      0.49%
1213  UP000199360|tr|A0A1C5JZ78|A0A1C5JZ78_9ACTN   84.80%    failed      0.36%
1214  UP000198215|tr|A0A1C5IJU9|A0A1C5IJU9_9ACTN   84.80%    failed      1.98%
1215  UP000199408|tr|A0A1C5IEP9|A0A1C5IEP9_9ACTN   84.80%    failed      1.21%
1216  UP000198221|tr|A0A1C5I458|A0A1C5I458_9ACTN   84.80%    failed      1.29%
1217  UP000294114|tr|A0A4Q8B3F1|A0A4Q8B3F1_9ACTN   84.80%    failed      1.32%
1218  UP000199001|tr|A0A1C6V9F5|A0A1C6V9F5_9ACTN   84.80%    failed      1.62%
1219  UP000319927|tr|A0A561WGL7|A0A561WGL7_9ACTN   84.80%    failed      1.45%
1220  UP000631553|tr|A0ABX2RH65|A0ABX2RH65_9ACTN   84.80%    failed      0.72%
1221  UP001595788|tr|A0ABV8M6T8|A0ABV8M6T8_9ACTN   84.80%    failed      0.84%
1222  UP000198251|tr|A0A1C5GIU0|A0A1C5GIU0_MICEH   84.80%    failed      0.37%
1223  UP001180973|tr|A0ABU2WWF6|A0ABU2WWF6_9ACTN   84.80%    failed      0.48%
1224  UP001334804|tr|A0ABZ1EMB1|A0ABZ1EMB1_9ACTN   84.80%    failed      0.30%
1225  UP001290101|tr|A0ABU5JJ10|A0ABU5JJ10_9ACTN   84.80%    failed      1.38%
1226  UP000198551|tr|A0A1C4YZ50|A0A1C4YZ50_9ACTN   84.80%    failed      0.40%
1227  UP000199405|tr|A0ABY0KRS2|A0ABY0KRS2_9ACTN   84.80%    failed      0.64%
1228  UP000471364|tr|A0ABQ6UMJ7|A0ABQ6UMJ7_9ACTN   84.80%    failed      0.47%
1229  UP000274694|tr|A0ABX9Y8Y3|A0ABX9Y8Y3_MICCH   84.80%    failed      0.48%
1230  UP000618986|tr|A0ABR6M4P2|A0ABR6M4P2_MICEC   84.80%    failed      0.27%
1231  UP000199385|tr|A0A1A8ZXX8|A0A1A8ZXX8_9ACTN   84.80%    failed      0.67%
1232  UP000032254|tr|A0A0D0VPT7|A0A0D0VPT7_9ACTN   84.80%    failed      0.32%
1233  UP001596207|tr|A0ABW1HNP0|A0ABW1HNP0_9ACTN   84.80%    failed      0.32%
1234  UP000183585|tr|A0A1C4U148|A0A1C4U148_9ACTN   84.80%    failed      0.54%
1235  UP000281726|tr|A0A3A9YSR7|A0A3A9YSR7_9ACTN   84.80%    failed      0.64%
1236  UP000186004|tr|A0A1N6QXE3|A0A1N6QXE3_9ACTN   84.50%    failed      2.05%
1237  UP001597053|tr|A0ABW3A1T5|A0ABW3A1T5_9ACTN   84.80%    failed      2.64%
1238  UP000319825|tr|A0A562I7C9|A0A562I7C9_MICOL   84.80%    failed      0.86%
1239  UP000198242|tr|A0A1C4URH1|A0A1C4URH1_MICVI   84.80%    failed      2.55%
1240  UP000199696|tr|A0A1C6VM20|A0A1C6VM20_9ACTN   84.80%    failed      1.04%
1241  UP000199629|tr|A0A1C4YGD6|A0A1C4YGD6_9ACTN   84.80%    failed      0.93%
1242  UP000402241|tr|A0AAJ2ZKF5|A0AAJ2ZKF5_9ACTN   84.80%    failed      0.58%
1243  UP001303001|tr|A0ABZ0A3Y5|A0ABZ0A3Y5_9ACTN   84.80%    failed      0.62%
1244  UP000198765|tr|A0A1A9A887|A0A1A9A887_9ACTN   84.80%    failed      1.57%
1245  UP000280698|tr|A0ABX9WKL0|A0ABX9WKL0_9ACTN   84.80%    failed      0.88%
1246  UP000198605|tr|A0A1C6VLF5|A0A1C6VLF5_9ACTN   84.80%    failed      0.76%
1247  UP001550348|tr|A0ABV2VE68|A0ABV2VE68_9ACTN   84.80%    failed      0.77%
1248  UP000199413|tr|A0A1C6RBL2|A0A1C6RBL2_9ACTN   84.80%    failed      2.63%
1249  UP000245683|tr|A0A317K0B4|A0A317K0B4_9ACTN   84.80%    failed      1.65%
1250  UP000248749|tr|A0A2W2DBK9|A0A2W2DBK9_9ACTN   84.80%    failed      0.34%
1251  UP000199393|tr|A0A1C3N9K5|A0A1C3N9K5_9ACTN   84.00%    failed      0.79%
1252  UP001500307|tr|A0ABP8S9L0|A0ABP8S9L0_9ACTN   84.80%    failed      3.05%
1253  UP000070620|tr|A0A136PKA9|A0A136PKA9_9ACTN   84.77%    failed      0.50%
1254  UP000198253|tr|A0A1C4WUU5|A0A1C4WUU5_MICEC   84.80%    failed      1.17%
1255  UP000319728|tr|A0A562WAU9|A0A562WAU9_9ACTN   84.80%    failed      0.69%
1256  UP000198906|tr|A0A1C6RBY2|A0A1C6RBY2_9ACTN   84.80%    failed      0.52%
1257  UP000198959|tr|A0A1C6TEG5|A0A1C6TEG5_9ACTN   84.80%    failed      3.27%
1258  UP001219605|tr|A0ABY7ZRP2|A0ABY7ZRP2_9ACTN   84.80%    failed      1.16%
1259  UP000199699|tr|A0A1C6RUK0|A0A1C6RUK0_9ACTN   84.77%    failed      0.52%
1260  UP000198217|tr|A0A1C5K4R7|A0A1C5K4R7_9ACTN   84.77%    failed      0.88%
1261  UP001611075|tr|A0ABW7SXJ3|A0ABW7SXJ3_9ACTN   84.83%    failed      0.51%
1262  UP000271548|tr|A0A3A9YG39|A0A3A9YG39_9ACTN   84.80%    failed      1.31%
1263  UP000279968|tr|A0A3B0A1U6|A0A3B0A1U6_9ACTN   84.80%    failed      0.64%
1264  UP001432190|tr|A0ABZ1S585|A0ABZ1S585_9ACTN   84.80%    failed      2.75%
1265  UP000053246|tr|A0A9X0I4B9|A0A9X0I4B9_9ACTN   84.85%    failed      2.10%
1266  UP000647860|tr|A0ABQ4I8Z2|A0ABQ4I8Z2_9ACTN   84.85%    failed      3.14%
1267  UP000292274|tr|A0A4R0GTW9|A0A4R0GTW9_9ACTN   84.85%    failed      2.49%
1268  UP000248924|tr|A0A2W2FSI2|A0A2W2FSI2_9ACTN   84.80%    failed      1.53%
1269  UP000661193|tr|A0ABS1UQJ4|A0ABS1UQJ4_9ACTN   84.85%    failed      2.59%
1270  UP000283832|tr|A0A418MNH4|A0A418MNH4_9ACTN   84.80%    failed      1.22%
1271  UP000248627|tr|A0A2W2CL47|A0A2W2CL47_9ACTN   84.77%    failed      0.57%
1272  UP000643165|tr|A0ABQ4IV22|A0ABQ4IV22_9ACTN   84.83%    failed      1.43%
1273  UP000653076|tr|A0ABQ4JDC4|A0ABQ4JDC4_9ACTN   84.83%    failed      1.82%
1274  UP000478148|tr|A0A6M1L8U8|A0A6M1L8U8_9ACTN   84.83%    failed      0.41%
1275  UP000607311|tr|A0A9W5XIF0|A0A9W5XIF0_9ACTN   84.83%    failed      1.14%
1276  UP000647017|tr|A0ABQ4HP47|A0ABQ4HP47_9ACTN   84.83%    failed      0.87%
1277  UP000262621|tr|A0A372FXH0|A0A372FXH0_9ACTN   84.66%    failed      3.28%
1278  UP000198707|tr|A0A1H7DTY9|A0A1H7DTY9_9ACTN   84.83%    failed      1.60%
1279  UP000608890|tr|A0A917TNL1|A0A917TNL1_9ACTN   84.83%    failed      0.79%
1280  UP000783871|tr|A0ABX0ZH86|A0ABX0ZH86_9ACTN   84.80%    failed      0.68%
1281  UP000198937|tr|A0A1C6VEC7|A0A1C6VEC7_9ACTN   84.80%    failed      2.36%
1282  UP000823521|tr|A0ABS3W0A3|A0ABS3W0A3_MICEH   84.80%    failed      1.21%
1283  UP000578819|tr|A0A7W7SRC5|A0A7W7SRC5_9ACTN   84.77%    failed      1.79%
1284  UP001597260|tr|A0ABW3YBU6|A0ABW3YBU6_9ACTN   84.77%    failed      2.19%
1285  UP000277671|tr|A0A495JJD7|A0A495JJD7_9ACTN   84.77%    failed      0.55%
1286  UP000621500|tr|A0ABQ4ENG1|A0ABQ4ENG1_9ACTN   84.77%    failed      1.67%
1287  UP001339911|tr|A0ABU7SC89|A0ABU7SC89_9ACTN   84.77%    failed      1.93%
1288  UP000646749|tr|A0ABQ4DS47|A0ABQ4DS47_9ACTN   84.77%    failed      1.73%
1289  UP000638560|tr|A0ABS0H2D9|A0ABS0H2D9_9ACTN   84.77%    failed      0.78%
1290  UP001596203|tr|A0ABW1K335|A0ABW1K335_9ACTN   84.77%    failed      0.60%
1291  UP000649753|tr|A0A927M4N3|A0A927M4N3_9ACTN   84.69%    failed      1.94%
1292  UP000680866|tr|A0A810MXQ1|A0A810MXQ1_9ACTN   85.62%    failed      2.11%
1293  UP001582793|tr|A0ABV5CVG9|A0ABV5CVG9_9ACTN   84.77%    failed      1.02%
1294  UP001589894|tr|A0ABV6P676|A0ABV6P676_9ACTN   84.77%    failed      0.13%
1295  UP001595868|tr|A0ABV8KEL3|A0ABV8KEL3_9ACTN   84.77%    failed      0.29%
1296  UP000242415|tr|A0A1H3H7Q5|A0A1H3H7Q5_9ACTN   84.80%    failed      1.47%
1297  UP000198362|tr|A0A239P4H4|A0A239P4H4_9ACTN   84.83%    failed      1.09%
1298  UP000199632|tr|A0A1H3UWD0|A0A1H3UWD0_9ACTN   84.83%    failed      1.18%
1299  UP000256913|tr|A0A3D9ZL49|A0A3D9ZL49_9ACTN   84.74%    failed      2.74%
1300  UP000604117|tr|A0ABQ4D0Q1|A0ABQ4D0Q1_9ACTN   84.80%    failed      0.81%
1301  UP000624325|tr|A0ABQ4C2C9|A0ABQ4C2C9_9ACTN   84.77%    failed      0.44%
1302  UP000482800|tr|A0A6V8KEW2|A0A6V8KEW2_9ACTN   84.72%    failed      0.42%
1303  UP000482960|tr|A0A6V8L8I6|A0A6V8L8I6_9ACTN   84.83%    failed      0.88%
1304  UP001589867|tr|A0ABV6MGR6|A0ABV6MGR6_9ACTN   84.80%    failed      2.24%
1305  UP001230908|tr|A0ABU0ZUE1|A0ABU0ZUE1_9ACTN   84.80%    failed      0.26%
1306  UP001144280|tr|A0ABQ5R798|A0ABQ5R798_9ACTN   84.80%    passed      5.45%
1307  UP001183629|tr|A0AAE4CUY5|A0AAE4CUY5_9ACTN   84.80%    failed      2.62%
1308  UP001240236|tr|A0AAE3W2E7|A0AAE3W2E7_9ACTN   84.80%    failed      2.37%
1309  UP001240984|tr|A0ABT9N3B0|A0ABT9N3B0_9ACTN   84.80%    failed      0.35%
1310  UP001183643|tr|A0AAE3YXD7|A0AAE3YXD7_9ACTN   84.80%    failed      0.31%
1311  UP000007882|tr|I0HIX2|I0HIX2_ACTM4           84.88%    failed      3.10%
1312  UP000629619|tr|A0A919NDE4|A0A919NDE4_9ACTN   84.88%    failed      0.71%
1313  UP000598146|tr|A0A931CPY4|A0A931CPY4_9ACTN   84.85%    failed      3.50%
1314  UP000249341|tr|A0A327ZHP7|A0A327ZHP7_9ACTN   84.83%    failed      4.76%
1315  UP000198688|tr|A0A1H2CYG9|A0A1H2CYG9_9ACTN   84.83%    failed      4.08%
1316  UP000612282|tr|A0ABQ3XAM7|A0ABQ3XAM7_9ACTN   84.83%    passed      9.05%
1317  UP000199645|tr|A0A1I2JHU1|A0A1I2JHU1_9ACTN   84.83%    failed      3.65%
1318  UP001597183|tr|A0ABW4AM04|A0ABW4AM04_9ACTN   84.83%    passed      9.68%
1319  UP001595867|tr|A0ABV8ITI8|A0ABV8ITI8_9ACTN   84.83%    passed      6.86%
1320  UP000239415|tr|A0A2T0KB35|A0A2T0KB35_9ACTN   84.83%    passed      9.13%
1321  UP000245697|tr|A0A316FX63|A0A316FX63_9ACTN   84.83%    failed      3.07%
1322  UP000590749|tr|A0A7W5FG13|A0A7W5FG13_9ACTN   84.83%    failed      4.20%
1323  UP000631312|tr|A0A7W7HBJ7|A0A7W7HBJ7_9ACTN   84.88%    failed      2.96%
1324  UP001519863|tr|A0ABS7AVS2|A0ABS7AVS2_9ACTN   84.88%    failed      4.39%
1325  UP000679690|tr|A0ABS3UP16|A0ABS3UP16_9ACTN   84.88%    failed      3.51%
1326  UP000053244|tr|A0A117MNV5|A0A117MNV5_9ACTN   84.74%    passed     10.96%
1327  UP000624709|tr|A0ABQ4BJD0|A0ABQ4BJD0_9ACTN   84.74%    passed     10.96%
1328  UP000320239|tr|A0A561WQG9|A0A561WQG9_ACTTI   84.77%    failed      4.52%
1329  UP000546162|tr|A0A7W7GT23|A0A7W7GT23_9ACTN   84.80%    failed      4.12%
1330  UP001240150|tr|A0ABY8WEF7|A0ABY8WEF7_9ACTN   84.80%    passed      7.20%
1331  UP000619479|tr|A0A919M6U5|A0A919M6U5_9ACTN   84.88%    passed      8.25%
1332  UP000676967|tr|A0ABN6CCI0|A0ABN6CCI0_9ACTN   84.88%    passed      7.85%
1333  UP000198415|tr|A0A239G4X9|A0A239G4X9_9ACTN   84.80%    passed      9.30%
1334  UP001241758|tr|A0ABT6WVR9|A0ABT6WVR9_9ACTN   84.80%    passed      9.54%
1335  UP000054537|tr|A0A0A6UAE6|A0A0A6UAE6_ACTUT   84.72%    passed     12.77%
1336  UP000017746|tr|U5WEV5|U5WEV5_9ACTN           84.80%    failed      1.19%
1337  UP000681340|tr|A0A919SKZ7|A0A919SKZ7_9ACTN   84.80%    failed      0.28%
1338  UP000647172|tr|A0A919MLB6|A0A919MLB6_9ACTN   84.85%    failed      0.07%
1339  UP000239209|tr|A0A2T0S5Y5|A0A2T0S5Y5_9ACTN   84.80%    failed      0.82%
1340  UP000603200|tr|A0ABQ4A604|A0ABQ4A604_9ACTN   84.80%    failed      0.33%
1341  UP000680865|tr|A0A919VI81|A0A919VI81_9ACTN   84.80%    failed      0.36%
1342  UP000578112|tr|A0A7W7HRL2|A0A7W7HRL2_9ACTN   84.72%    failed      0.68%
1343  UP000182486|tr|A0A1K0GNJ9|A0A1K0GNJ9_9ACTN   84.72%    failed      0.98%
1344  UP000292564|tr|A0A4Q7ZI98|A0A4Q7ZI98_9ACTN   84.63%    failed      3.62%
1345  UP000219612|tr|A0A285EZV5|A0A285EZV5_9ACTN   84.31%    failed      0.31%
1346  UP000609879|tr|A0ABQ3YDF4|A0ABQ3YDF4_9ACTN   84.80%    failed      2.14%
1347  UP000294901|tr|A0A4R6JTR0|A0A4R6JTR0_9ACTN   84.88%    failed      1.10%
1348  UP000542742|tr|A0A7W7CZN6|A0A7W7CZN6_9ACTN   84.80%    failed      0.40%
1349  UP000598996|tr|A0ABS1VII6|A0ABS1VII6_9ACTN   84.80%    failed      0.33%
1350  UP000632138|tr|A0ABS2ABV1|A0ABS2ABV1_9ACTN   84.80%    failed      2.31%
1351  UP001523216|tr|A0ABT0XVX9|A0ABT0XVX9_9ACTN   84.80%    failed      1.69%
1352  UP001523369|tr|A0ABT1DU86|A0ABT1DU86_9ACTN   84.80%    failed      2.06%
1353  UP001151002|tr|A0ABT4B841|A0ABT4B841_9ACTN   84.80%    failed      1.48%
1354  UP001519654|tr|A0ABS5YMM7|A0ABS5YMM7_9ACTN   84.80%    failed      2.11%
1355  UP000598174|tr|A0A919ISS8|A0A919ISS8_9ACTN   84.80%    failed      2.75%
1356  UP000623608|tr|A0A919NV96|A0A919NV96_9ACTN   84.80%    failed      3.02%
1357  UP000677082|tr|A0A919W5T6|A0A919W5T6_9ACTN   84.88%    failed      1.95%
1358  UP000637628|tr|A0ABQ3Z7I3|A0ABQ3Z7I3_9ACTN   84.80%    failed      2.65%
1359  UP001596548|tr|A0ABW2HP59|A0ABW2HP59_9ACTN   84.88%    failed      0.76%
1360  UP001602245|tr|A0ABW6WQF9|A0ABW6WQF9_9ACTN   84.88%    failed      0.96%
1361  UP000636960|tr|A0A919K386|A0A919K386_9ACTN   84.09%    failed      1.02%
1362  UP000652013|tr|A0A8J3Y6D2|A0A8J3Y6D2_9ACTN   84.83%    failed      0.42%
1363  UP000656042|tr|A0A8J3C0Y5|A0A8J3C0Y5_9ACTN   84.72%    failed      1.49%
1364  UP000649739|tr|A0A8J3FBX7|A0A8J3FBX7_9ACTN   84.83%    failed      0.00%
1365  UP000662200|tr|A0A8J3FDS6|A0A8J3FDS6_9ACTN   84.77%    failed      0.01%
1366  UP001499978|tr|A0ABN3NE88|A0ABN3NE88_9ACTN   84.83%    failed      0.26%
1367  UP000502508|tr|A0A6F8Y2S8|A0A6F8Y2S8_9ACTN   87.26%    failed      0.01%
1368  UP000503011|tr|A0A6F8YI22|A0A6F8YI22_9ACTN   72.04%    failed      0.00%
1369  UP000587527|tr|A0A841BTH1|A0A841BTH1_9ACTN   84.80%    failed      2.59%
1370  UP001595816|tr|A0ABV8LZK3|A0ABV8LZK3_9ACTN   84.85%    passed      5.18%
1371  UP000601223|tr|A0A8J3JRQ7|A0A8J3JRQ7_9ACTN   84.91%    passed     20.55%
1372  UP000619293|tr|A0A8J3K8B9|A0A8J3K8B9_9ACTN   84.91%    passed     11.03%
1373  UP000659904|tr|A0A8J3KQQ6|A0A8J3KQQ6_9ACTN   84.91%    passed     14.45%
1374  UP000630887|tr|A0A8J3LCA4|A0A8J3LCA4_9ACTN   84.91%    passed     14.30%
1375  UP000660339|tr|A0A8J3LL38|A0A8J3LL38_9ACTN   84.91%    passed     11.99%
1376  UP001596392|tr|A0ABW2H3D4|A0ABW2H3D4_9ACTN   84.74%    passed     11.53%
1377  UP000612899|tr|A0A8J3QII2|A0A8J3QII2_9ACTN   84.94%    failed      0.71%
1378  UP001500218|tr|A0ABN2LSQ8|A0ABN2LSQ8_9ACTN   84.91%    failed      0.56%
1379  UP001500655|tr|A0ABP4WH28|A0ABP4WH28_9ACTN   84.91%    failed      1.58%
1380  UP000599074|tr|A0A8J3TFH8|A0A8J3TFH8_9ACTN   85.02%    passed      6.00%
1381  UP000722989|tr|A0ABX0Y8Z6|A0ABX0Y8Z6_9ACTN   85.02%    failed      1.04%
1382  UP000653674|tr|A0A8J3LY45|A0A8J3LY45_9ACTN   85.02%    passed      5.05%
1383  UP000642070|tr|A0A917WYF4|A0A917WYF4_9ACTN   85.10%    passed      8.94%
1384  UP001058271|tr|A0ABY5Z9G4|A0ABY5Z9G4_9ACTN   85.10%    failed      4.26%
1385  UP001059617|tr|A0ABY5W4K8|A0ABY5W4K8_9ACTN   85.10%    passed     13.80%
1386  UP000660611|tr|A0A919UJK1|A0A919UJK1_9ACTN   85.15%    failed      1.27%
1387  UP001595912|tr|A0ABV9VWM1|A0ABV9VWM1_9ACTN   85.15%    failed      1.19%
1388  UP001501470|tr|A0ABP4MTN0|A0ABP4MTN0_9ACTN   85.15%    failed      1.18%
1389  UP001058003|tr|A0A9Q9MJS6|A0A9Q9MJS6_9ACTN   85.15%    failed      1.38%
1390  UP001500620|tr|A0ABP8CTX5|A0ABP8CTX5_9ACTN   85.13%    failed      3.49%
1391  UP001501444|tr|A0ABP5UF03|A0ABP5UF03_9ACTN   85.15%    failed      2.79%
1392  UP001143480|tr|A0A9W6KAZ4|A0A9W6KAZ4_9ACTN   85.05%    failed      4.46%
1393  UP001589608|tr|A0ABV5MLP2|A0ABV5MLP2_9ACTN   85.10%    passed      7.37%
1394  UP000642748|tr|A0A8J3R3N7|A0A8J3R3N7_9ACTN   84.99%    failed      0.44%
1395  UP001501570|tr|A0ABP9SKH2|A0ABP9SKH2_9ACTN   84.99%    failed      0.87%
1396  UP000619260|tr|A0A8J4DVK7|A0A8J4DVK7_9ACTN   85.05%    passed      9.99%
1397  UP000622552|tr|A0A8J7GHE8|A0A8J7GHE8_9ACTN   85.05%    failed      3.65%
1398  UP000548476|tr|A0A841FW32|A0A841FW32_9ACTN   84.91%    failed      2.90%
1399  UP001165079|tr|A0A9W6W2F0|A0A9W6W2F0_9ACTN   84.85%    passed      5.98%
1400  UP000000844|tr|D3Q5D9|D3Q5D9_STANL           85.02%    failed      1.12%
1401  UP000317043|tr|A0A543AXT0|A0A543AXT0_9ACTN   84.99%    passed     13.72%
1402  UP000321617|tr|A0A562V164|A0A562V164_9ACTN   84.94%    failed      2.98%
1403  UP000198662|tr|A0A1G9N7K6|A0A1G9N7K6_9ACTN   84.85%    passed     22.80%
1404  UP001499851|tr|A0ABN2G1K5|A0ABN2G1K5_9ACTN   84.85%    passed     13.20%
1405  UP000238176|tr|A0A2T0URI4|A0A2T0URI4_9ACTN   84.85%    passed     23.11%
1406  UP001596470|tr|A0ABW2DBU3|A0ABW2DBU3_9ACTN   84.85%    passed     22.09%
1407  UP000277256|tr|A0A426UYW5|A0A426UYW5_9ACTN   84.85%    passed     21.94%
1408  UP000477750|tr|A0A6L5GEK7|A0A6L5GEK7_9ACTN   84.85%    passed     27.31%
1409  UP000305792|tr|A0A4S8PC46|A0A4S8PC46_9ACTN   84.85%    passed     40.09%
1410  UP000198949|tr|A0A1G6W777|A0A1G6W777_9ACTN   84.85%    passed     36.98%
1411  UP000681341|tr|A0ABS3U5Q8|A0ABS3U5Q8_9ACTN   84.99%    passed     23.66%
1412  UP001144313|tr|A0A9W6LG12|A0A9W6LG12_9ACTN   84.85%    passed     33.62%
1413  UP001171902|tr|A0ABT7YYB7|A0ABT7YYB7_9ACTN   84.85%    passed     40.78%
1414  UP001595712|tr|A0ABV7Q0B0|A0ABV7Q0B0_9ACTN   84.85%    passed     46.55%
1415  UP001146067|tr|A0A9X3STK9|A0A9X3STK9_9ACTN   84.85%    passed     33.59%
1416  UP001183604|tr|A0A9X3PJ77|A0A9X3PJ77_9ACTN   84.85%    passed     47.83%
1417  UP001501584|tr|A0ABP5SIZ5|A0ABP5SIZ5_9ACTN   84.85%    passed     47.83%
1418  UP000308760|tr|A0A4S8QAJ3|A0A4S8QAJ3_9ACTN   84.85%    passed     53.34%
1419  UP001595823|tr|A0ABV8TU19|A0ABV8TU19_9ACTN   84.99%    passed     27.75%
1420  UP000662939|tr|A0A895XUH2|A0A895XUH2_9ACTN   84.91%    passed     37.39%
1421  UP001596189|tr|A0ABW1JIZ9|A0ABW1JIZ9_9ACTN   84.39%    failed      0.23%
1422  UP001138997|tr|A0A9X1NLE4|A0A9X1NLE4_9ACTN   84.55%    passed      8.39%
1423  UP001197247|tr|A0ABS5TK77|A0ABS5TK77_9ACTN   84.58%    failed      3.69%
1424  UP001235712|tr|A0ABT9NYN3|A0ABT9NYN3_9ACTN   84.72%    failed      3.49%
1425  UP001501074|tr|A0ABP6YXJ7|A0ABP6YXJ7_9ACTN   84.66%    passed      5.83%
1426  UP001612915|tr|A0ABW8ASK7|A0ABW8ASK7_9ACTN   84.72%    failed      2.09%
1427  UP000662857|tr|A0A895YK07|A0A895YK07_9ACTN   84.85%    failed      0.28%
1428  UP000000377|tr|D7BRV0|D7BRV0_STRBB           84.85%    passed     11.75%
1429  UP001620295|tr|A0ABW8LXR0|A0ABW8LXR0_9ACTN   84.85%    passed     11.25%
1430  UP000186168|tr|A0A1R1SNP6|A0A1R1SNP6_9ACTN   84.85%    passed     13.13%
1431  UP001500253|tr|A0ABN3GA71|A0ABN3GA71_9ACTN   84.80%    passed     12.77%
1432  UP001180754|tr|A0ABU2XPQ8|A0ABU2XPQ8_9ACTN   84.63%    passed     15.52%
1433  UP001305606|tr|A0ABY9V9H7|A0ABY9V9H7_9ACTN   84.85%    passed     13.71%
1434  UP001054854|tr|A0ABQ3U6N5|A0ABQ3U6N5_STRHY   84.61%    failed      4.84%
1435  UP001234880|tr|A0ABT9L0E3|A0ABT9L0E3_9ACTN   84.83%    passed      5.73%
1436  UP000181951|tr|A0A1H8HFW3|A0A1H8HFW3_9ACTN   84.91%    passed     10.58%
1437  UP000778578|tr|A0ABS7Q516|A0ABS7Q516_9ACTN   84.91%    passed      8.35%
1438  UP000184111|tr|A0A1M6UJZ0|A0A1M6UJZ0_9ACTN   84.91%    failed      3.17%
1439  UP001152519|tr|A0A9W4DMF1|A0A9W4DMF1_9ACTN   84.91%    passed      8.45%
1440  UP001153328|tr|A0A9W4GXA0|A0A9W4GXA0_9ACTN   84.91%    passed      5.55%
1441  UP000236754|tr|A0A1H5UZC3|A0A1H5UZC3_9ACTN   84.91%    passed      6.34%
1442  UP000595703|tr|A0A7U3UVY3|A0A7U3UVY3_9ACTN   84.91%    passed      5.29%
1443  UP000199323|tr|A0A1I2IWF2|A0A1I2IWF2_9ACTN   84.85%    passed     11.71%
1444  UP001595765|tr|A0ABV8HL07|A0ABV8HL07_9ACTN   84.91%    passed      9.95%
1445  UP000734511|tr|A0ABX0ZFH4|A0ABX0ZFH4_9ACTN   84.91%    failed      3.24%
1446  UP000199341|tr|A0A1H0AAB7|A0A1H0AAB7_9ACTN   84.69%    failed      4.47%
1447  UP000003963|tr|D9WJW6|D9WJW6_9ACTN           85.02%    passed      7.55%
1448  UP000275401|tr|A0A3M8V4A0|A0A3M8V4A0_9ACTN   84.72%    passed      9.33%
1449  UP000008703|tr|G2PDF0|G2PDF0_STRV4           84.47%    failed      2.73%
1450  UP000198609|tr|A0A1H4T9V1|A0A1H4T9V1_STRMJ   84.47%    failed      3.63%
1451  UP000299290|tr|A0A4D4KEB9|A0A4D4KEB9_9ACTN   84.47%    failed      3.49%
1452  UP001499947|tr|A0ABN2J1T8|A0ABN2J1T8_9ACTN   84.47%    failed      3.88%
1453  UP001501576|tr|A0ABN1DXX5|A0ABN1DXX5_9ACTN   84.47%    failed      3.76%
1454  UP000187851|tr|A0ABN4W8Z6|A0ABN4W8Z6_9ACTN   84.47%    failed      2.85%
1455  UP000663421|tr|A0ABX6WDA8|A0ABX6WDA8_STRMQ   84.47%    failed      3.38%
1456  UP000236520|tr|A0A2J7YYT5|A0A2J7YYT5_STRMQ   85.26%    passed      7.41%
1457  UP001204746|tr|A0ABT1V9A1|A0ABT1V9A1_9ACTN   84.47%    passed      5.77%
1458  UP000621510|tr|A0ABS1PZ78|A0ABS1PZ78_9ACTN   84.47%    failed      4.80%
1459  UP000301309|tr|A0A4D4L593|A0A4D4L593_STRVO   84.69%    passed      5.71%
1460  UP000638849|tr|A0ABS0RBD1|A0ABS0RBD1_9ACTN   84.69%    passed      5.43%
1461  UP000476310|tr|A0A6G4AI20|A0A6G4AI20_9ACTN   84.61%    failed      3.12%
1462  UP001354709|tr|A0ABU7Q351|A0ABU7Q351_9ACTN   84.69%    failed      3.77%
1463  UP000033615|tr|A0A1V4D0W0|A0A1V4D0W0_9ACTN   84.47%    failed      4.17%
1464  UP000530530|tr|A0ABR6LKH6|A0ABR6LKH6_9ACTN   84.66%    passed      7.27%
1465  UP000756710|tr|A0A060ZLV3|A0A060ZLV3_9ACTN   84.44%    failed      3.10%
1466  UP000720508|tr|A0ABS6CGR7|A0ABS6CGR7_9ACTN   84.44%    passed      7.94%
1467  UP001142400|tr|A0A9X2RVT2|A0A9X2RVT2_STRMQ   84.50%    passed      5.76%
1468  UP000634229|tr|A0ABS1NGC9|A0ABS1NGC9_9ACTN   84.66%    failed      4.73%
1469  UP000807371|tr|A0ABS0NNI3|A0ABS0NNI3_9ACTN   84.66%    passed     17.92%
1470  UP000009036|tr|J1ZZZ5|J1ZZZ5_9ACTN           84.74%    passed      7.60%
1471  UP000289482|tr|A0A4Q1RBL0|A0A4Q1RBL0_9ACTN   84.74%    passed      8.18%
1472  UP000037982|tr|A0A0N0H4D0|A0A0N0H4D0_9ACTN   84.74%    passed      8.60%
1473  UP000262477|tr|A0A371Q1H5|A0A371Q1H5_STRIH   84.74%    passed     17.08%
1474  UP000048965|tr|A0A0P4R052|A0A0P4R052_9ACTN   84.74%    passed     13.49%
1475  UP000194225|tr|A0AAE6NM48|A0AAE6NM48_STRPT   84.74%    passed     13.02%
1476  UP000430079|tr|A0A640SUT8|A0A640SUT8_9ACTN   84.74%    passed     13.02%
1477  UP001210169|tr|A0ABY7J2W9|A0ABY7J2W9_STRNI   84.74%    passed     13.03%
1478  UP001210609|tr|A0A640TKA6|A0A640TKA6_STRNI   84.74%    passed     14.39%
1479  UP000431826|tr|A0A640UT34|A0A640UT34_9ACTN   84.74%    passed     16.63%
1480  UP001626628|tr|A0ABZ2QRT6|A0ABZ2QRT6_9ACTN   84.74%    passed      6.79%
1481  UP001344251|tr|A0ABZ1FFP3|A0ABZ1FFP3_9ACTN   84.74%    passed     10.68%
1482  UP001432292|tr|A0A640S187|A0A640S187_9ACTN   84.74%    passed     11.54%
1483  UP000600080|tr|A0ABQ2J8P8|A0ABQ2J8P8_9ACTN   84.74%    passed      8.87%
1484  UP000094094|tr|A0A1D7VTF5|A0A1D7VTF5_9ACTN   84.74%    passed      8.71%
1485  UP000325598|tr|A0A5J4L7K6|A0A5J4L7K6_9ACTN   84.74%    failed      4.97%
1486  UP001180551|tr|A0ABU2TIS0|A0ABU2TIS0_9ACTN   84.74%    passed      6.95%
1487  UP000830115|tr|A0ABY4M6D5|A0ABY4M6D5_9ACTN   84.74%    passed     12.57%
1488  UP000236047|tr|A0A2N8PDQ9|A0A2N8PDQ9_STRNR   84.72%    passed      6.84%
1489  UP001218629|tr|A0ABY8A7D9|A0ABY8A7D9_9ACTN   84.72%    passed      5.63%
1490  UP001500994|tr|A0ABN3RTZ8|A0ABN3RTZ8_9ACTN   84.72%    failed      3.85%
1491  UP000032458|tr|A0A0D7CDK2|A0A0D7CDK2_9ACTN   84.74%    passed     13.25%
1492  UP000192726|tr|A0A1V0TWA9|A0A1V0TWA9_9ACTN   84.39%    passed     11.82%
1493  UP000286746|tr|A0A401W1W0|A0A401W1W0_STREY   84.77%    passed     10.96%
1494  UP001348265|tr|A0ABU7WMZ4|A0ABU7WMZ4_9ACTN   84.55%    passed      9.87%
1495  UP000829494|tr|A0ABY3Z0A9|A0ABY3Z0A9_STRRM   84.77%    passed      7.77%
1496  UP000308697|tr|A0A4U0MW77|A0A4U0MW77_9ACTN   84.52%    passed     23.65%
1497  UP001500909|tr|A0ABN1BKG7|A0ABN1BKG7_9ACTN   84.74%    passed     24.14%
1498  UP001596139|tr|A0ABW1MFB1|A0ABW1MFB1_9ACTN   84.66%    passed     17.83%
1499  UP000629371|tr|A0ABS1MM07|A0ABS1MM07_9ACTN   84.74%    passed      6.64%
1500  UP001059597|tr|A0ABM8A1I3|A0ABM8A1I3_STRNI   84.74%    passed      5.42%
1501  UP001307760|tr|A0ABU7NSA2|A0ABU7NSA2_9ACTN   84.74%    passed      5.42%
1502  UP001164959|tr|A0ABY6P7K3|A0ABY6P7K3_9ACTN   84.74%    passed      8.80%
1503  UP000320888|tr|A0A553YQB3|A0A553YQB3_9ACTN   84.80%    passed     13.17%
1504  UP001550853|tr|A0ABV2YTJ8|A0ABV2YTJ8_9ACTN   84.52%    passed      5.91%
1505  UP001596241|tr|A0ABW1FNH9|A0ABW1FNH9_9ACTN   84.52%    passed      6.47%
1506  UP000654471|tr|A0ABQ2VAU5|A0ABQ2VAU5_9ACTN   84.52%    failed      2.86%
1507  UP000292452|tr|A0A4Q9HUC5|A0A4Q9HUC5_STRKA   84.61%    passed      7.18%
1508  UP001610990|tr|A0ABW7R4T2|A0ABW7R4T2_9ACTN   84.61%    passed      8.51%
1509  UP001206206|tr|A0ABT1PII5|A0ABT1PII5_9ACTN   84.72%    passed     22.47%
1510  UP001216579|tr|A0ABT5ZR26|A0ABT5ZR26_9ACTN   84.50%    passed      7.68%
1511  UP001220022|tr|A0ABT5Z9P3|A0ABT5Z9P3_9ACTN   84.58%    passed      5.13%
1512  UP001611548|tr|A0ABW7UQE1|A0ABW7UQE1_9ACTN   84.66%    failed      4.46%
1513  UP001501358|tr|A0ABN3M1Y4|A0ABN3M1Y4_9ACTN   84.94%    passed     13.10%
1514  UP000621266|tr|A0ABQ7FQM7|A0ABQ7FQM7_9ACTN   84.74%    failed      4.41%
1515  UP000297948|tr|A0A4Z0GS44|A0A4Z0GS44_9ACTN   84.50%    failed      2.47%
1516  UP000028058|tr|A0A3R7FAH1|A0A3R7FAH1_9ACTN   84.74%    passed      8.56%
1517  UP000037185|tr|A0ACC4W429|A0ACC4W429_STRFR   84.74%    passed      8.56%
1518  UP000695264|tr|A0ABX1BRX0|A0ABX1BRX0_9ACTN   84.72%    failed      1.83%
1519  UP000182841|tr|A0A1H9UVX6|A0A1H9UVX6_9ACTN   84.50%    failed      3.09%
1520  UP000721954|tr|A0ABS3Y421|A0ABS3Y421_9ACTN   84.94%    passed      6.75%
1521  UP001518976|tr|A0ABS3WWP1|A0ABS3WWP1_9ACTN   84.50%    passed      5.29%
1522  UP001519064|tr|A0ABS3XEN0|A0ABS3XEN0_9ACTN   84.50%    passed      7.64%
1523  UP000252914|tr|A0A367ERV9|A0A367ERV9_9ACTN   84.50%    failed      4.82%
1524  UP001202244|tr|A0ABY3XWJ9|A0ABY3XWJ9_9ACTN   84.50%    passed      6.00%
1525  UP000253507|tr|A0A367EYI4|A0A367EYI4_9ACTN   84.50%    passed      7.25%
1526  UP001500016|tr|A0ABN2VUJ3|A0ABN2VUJ3_9ACTN   84.55%    passed      5.90%
1527  UP001214441|tr|A0ABT6ZZZ4|A0ABT6ZZZ4_9ACTN   84.50%    failed      5.00%
1528  UP000319210|tr|A0A4Y3R5J7|A0A4Y3R5J7_STRCI   84.50%    passed      8.25%
1529  UP000675554|tr|A0A8T4J0M1|A0A8T4J0M1_9ACTN   84.52%    passed      5.72%
1530  UP001501447|tr|A0ABN3QJ96|A0ABN3QJ96_9ACTN   84.44%    failed      2.98%
1531  UP000509303|tr|A0A7H8NCG5|A0A7H8NCG5_9ACTN   84.72%    failed      1.73%
1532  UP000588098|tr|A0A7W9V3E9|A0A7W9V3E9_9ACTN   84.72%    failed      3.88%
1533  UP000176005|tr|A0A1E7L872|A0A1E7L872_9ACTN   84.52%    failed      4.48%
1534  UP000176087|tr|A0A1E7JG54|A0A1E7JG54_9ACTN   84.52%    failed      2.89%
1535  UP000595046|tr|A0A7T1WTF5|A0A7T1WTF5_9ACTN   84.52%    failed      4.51%
1536  UP000631535|tr|A0ABQ2MHR6|A0ABQ2MHR6_9ACTN   84.47%    passed      5.80%
1537  UP001595997|tr|A0ABV9A3G8|A0ABV9A3G8_9ACTN   84.47%    failed      3.76%
1538  UP001166784|tr|A0ABS9T1C7|A0ABS9T1C7_9ACTN   84.52%    failed      4.23%
1539  UP001167160|tr|A0ABT0X128|A0ABT0X128_9ACTN   84.36%    failed      3.26%
1540  UP000037288|tr|A0A0K9XEC3|A0A0K9XEC3_9ACTN   84.83%    passed     19.80%
1541  UP001500879|tr|A0ABN0YD84|A0ABN0YD84_9ACTN   84.83%    passed     21.23%
1542  UP001501102|tr|A0ABP6J508|A0ABP6J508_STRTU   84.83%    passed     18.70%
1543  UP000587462|tr|A0A7Y7E6M3|A0A7Y7E6M3_STRMO   84.83%    passed      8.43%
1544  UP001552594|tr|A0ABV3JSH4|A0ABV3JSH4_STRON   84.80%    passed     23.68%
1545  UP000638313|tr|A0A919B5S0|A0A919B5S0_9ACTN   84.80%    passed     13.04%
1546  UP001500886|tr|A0ABN3TWP8|A0ABN3TWP8_9ACTN   84.63%    failed      4.93%
1547  UP000222531|tr|A0A2G1XE56|A0A2G1XE56_STRCJ   84.66%    passed      8.97%
1548  UP000242427|tr|A0A9X7JP40|A0A9X7JP40_9ACTN   84.83%    passed     16.12%
1549  UP001602123|tr|A0ABW6U6P4|A0ABW6U6P4_9ACTN   84.83%    passed     16.26%
1550  UP001552479|tr|A0ABV3IQF2|A0ABV3IQF2_9ACTN   84.83%    passed     20.30%
1551  UP001596222|tr|A0ABV9ZXL4|A0ABV9ZXL4_9ACTN   84.83%    passed     21.45%
1552  UP000270343|tr|A0A3B0BW17|A0A3B0BW17_9ACTN   84.83%    passed     19.64%
1553  UP001142374|tr|A0A9X2RM20|A0A9X2RM20_9ACTN   84.61%    passed      9.89%
1554  UP000659223|tr|A0ABQ2YMZ1|A0ABQ2YMZ1_9ACTN   84.85%    passed     21.87%
1555  UP000267900|tr|A0A3S9PLS9|A0A3S9PLS9_STRLT   84.83%    passed     11.50%
1556  UP001595990|tr|A0ABV9BRY3|A0ABV9BRY3_9ACTN   84.83%    passed     11.50%
1557  UP001611162|tr|A0ABW7SXL1|A0ABW7SXL1_9ACTN   84.83%    passed     11.50%
1558  UP001180531|tr|A0ABU2SX22|A0ABU2SX22_9ACTN   84.83%    passed     13.56%
1559  UP000556084|tr|A0A7W7PJL8|A0A7W7PJL8_9ACTN   84.58%    passed      8.31%
1560  UP000664781|tr|A0A939JRY1|A0A939JRY1_9ACTN   84.91%    passed     13.89%
1561  UP000671836|tr|A0ABX7RX20|A0ABX7RX20_9ACTN   84.91%    passed     13.89%
1562  UP000327000|tr|A0A5N5WGA1|A0A5N5WGA1_STRMB   84.66%    passed     14.57%
1563  UP000556436|tr|A0A7W7L9W3|A0A7W7L9W3_STRNE   84.72%    passed      7.56%
1564  UP001519291|tr|A0ABS4Y7W5|A0ABS4Y7W5_9ACTN   84.77%    passed      9.29%
1565  UP001499895|tr|A0ABN1AWR6|A0ABN1AWR6_9ACTN   84.80%    passed      9.26%
1566  UP000218944|tr|A0A2A2D3B7|A0A2A2D3B7_9ACTN   84.72%    passed     12.29%
1567  UP000235945|tr|A0A2N8NRN4|A0A2N8NRN4_STREU   84.72%    passed     13.22%
1568  UP001500063|tr|A0ABP3HYK5|A0ABP3HYK5_9ACTN   84.77%    failed      4.98%
1569  UP000198280|tr|A0A239EXJ7|A0A239EXJ7_9ACTN   84.74%    passed     10.65%
1570  UP000749040|tr|A0ABS2TPM8|A0ABS2TPM8_9ACTN   84.91%    failed      3.04%
1571  UP001198565|tr|A0ABS7QLL7|A0ABS7QLL7_9ACTN   84.83%    passed     16.92%
1572  UP000000428|tr|Q82IE0|Q82IE0_STRAW           84.72%    passed     24.38%
1573  UP000305906|tr|A0A5R9FUR4|A0A5R9FUR4_9ACTN   84.74%    passed     22.93%
1574  UP000317378|tr|A0A505DI81|A0A505DI81_9ACTN   84.72%    passed     24.65%
1575  UP000325849|tr|A0A5N8VUL5|A0A5N8VUL5_9ACTN   84.72%    passed     12.38%
1576  UP000236178|tr|A0A2I0SEE3|A0A2I0SEE3_9ACTN   84.80%    passed     25.48%
1577  UP000442990|tr|A0A7J5DGD7|A0A7J5DGD7_9ACTN   84.72%    passed     26.31%
1578  UP000326179|tr|A0A5Q0LBV0|A0A5Q0LBV0_9ACTN   84.72%    passed     35.68%
1579  UP001597058|tr|A0ABW3X6G2|A0ABW3X6G2_9ACTN   84.80%    passed     46.62%
1580  UP000600365|tr|A0A918D8V4|A0A918D8V4_9ACTN   84.72%    passed     35.44%
1581  UP000001973|tr|Q9FBN4|Q9FBN4_STRCO           84.72%    passed      9.41%
1582  UP001499989|tr|A0ABN3TJ38|A0ABN3TJ38_9ACTN   84.72%    passed      9.41%
1583  UP000028682|tr|A0ABM5R0C9|A0ABM5R0C9_STRLI   84.80%    passed     10.35%
1584  UP001301132|tr|A0ABT4P6C8|A0ABT4P6C8_9ACTN   84.80%    passed     10.35%
1585  UP001303608|tr|A0ACD4WKQ1|A0ACD4WKQ1_STRVN   84.80%    passed     10.35%
1586  UP001622731|tr|A0ABZ1M1V4|A0ABZ1M1V4_9ACTN   84.80%    passed     10.35%
1587  UP000469545|tr|A0A6N9ULZ5|A0A6N9ULZ5_9ACTN   84.80%    passed     20.28%
1588  UP001614264|tr|A0ABW8B4Q3|A0ABW8B4Q3_9ACTN   84.80%    passed     20.27%
1589  UP001610810|tr|A0A6B3QM97|A0A6B3QM97_STRTE   84.80%    passed     14.14%
1590  UP001595855|tr|A0ABV9WUN5|A0ABV9WUN5_9ACTN   84.80%    passed     15.68%
1591  UP001500610|tr|A0ABP9IIU0|A0ABP9IIU0_9ACTN   84.72%    passed     16.63%
1592  UP001617907|tr|A0ABW8HB89|A0ABW8HB89_9ACTN   84.80%    passed     19.19%
1593  UP001180724|tr|A0ABU3ART6|A0ABU3ART6_9ACTN   84.80%    passed     16.16%
1594  UP001499878|tr|A0ABP9T2L0|A0ABP9T2L0_9ACTN   84.80%    passed     18.50%
1595  UP001500034|tr|A0ABP7Q344|A0ABP7Q344_9ACTN   84.80%    passed     25.31%
1596  UP000076720|tr|A0ABN4PAQ8|A0ABN4PAQ8_STRAM   84.80%    passed     22.97%
1597  UP001064390|tr|A0ABY6BYA8|A0ABY6BYA8_9ACTN   84.80%    passed     18.42%
1598  UP001596321|tr|A0ABW1Y1P8|A0ABW1Y1P8_STRPL   84.80%    passed     18.42%
1599  UP001605990|tr|A0AAX3ZNN5|A0AAX3ZNN5_STRRO   84.80%    passed     18.42%
1600  UP000189443|tr|A0A1S6J7R8|A0A1S6J7R8_9ACTN   84.72%    passed     17.21%
1601  UP000029095|tr|A0A086MYF1|A0A086MYF1_9ACTN   84.80%    passed     19.33%
1602  UP001585018|tr|A0ABV5D4Q6|A0ABV5D4Q6_9ACTN   84.80%    passed     16.08%
1603  UP000758701|tr|A0ABS7VYB3|A0ABS7VYB3_STROV   84.80%    passed     16.80%
1604  UP001490330|tr|A0ABV1V783|A0ABV1V783_9ACTN   84.72%    passed     20.10%
1605  UP000001444|tr|C9ZF68|C9ZF68_STRSW           84.72%    passed     28.13%
1606  UP001550210|tr|A0ABV2V8P0|A0ABV2V8P0_9ACTN   84.80%    passed     21.38%
1607  UP001551189|tr|A0ABV3BBU4|A0ABV3BBU4_9ACTN   86.58%    passed     30.00%
1608  UP001596112|tr|A0ABW1B0C1|A0ABW1B0C1_9ACTN   84.80%    passed     25.57%
1609  UP000327294|tr|A0A5P8KBB2|A0A5P8KBB2_9ACTN   84.72%    passed     23.22%
1610  UP001271723|tr|A0ABU4L9J2|A0ABU4L9J2_9ACTN   84.80%    passed     22.90%
1611  UP001365781|tr|A0ABU8GKG1|A0ABU8GKG1_9ACTN   84.80%    passed     23.34%
1612  UP001321542|tr|A0ABN5VIU5|A0ABN5VIU5_9ACTN   84.72%    passed     23.67%
1613  UP001271274|tr|A0ABU4NCS1|A0ABU4NCS1_9ACTN   84.83%    passed     23.09%
1614  UP001550739|tr|A0ABV2ZCD0|A0ABV2ZCD0_9ACTN   84.80%    passed     21.81%
1615  UP000190306|tr|A0AAE6YB39|A0AAE6YB39_STRAT   84.80%    passed     34.03%
1616  UP001501759|tr|A0ABP9J582|A0ABP9J582_9ACTN   84.80%    passed     26.85%
1617  UP000646776|tr|A0A918H5Y0|A0A918H5Y0_9ACTN   84.80%    passed     20.08%
1618  UP000034196|tr|A0A1J4NWM2|A0A1J4NWM2_9ACTN   84.80%    passed     22.50%
1619  UP000054375|tr|A0A101SDD4|A0A101SDD4_9ACTN   84.83%    passed     20.87%
1620  UP001432168|tr|A0ABZ1X223|A0ABZ1X223_9ACTN   84.80%    passed     20.22%
1621  UP000280197|tr|A0A3Q9C294|A0A3Q9C294_9ACTN   84.80%    passed     20.47%
1622  UP001257948|tr|A0ABU3LP60|A0ABU3LP60_9ACTN   84.80%    passed     24.59%
1623  UP001501777|tr|A0ABN3N7M3|A0ABN3N7M3_STRLO   84.80%    passed     22.06%
1624  UP001500456|tr|A0ABP7Q2N5|A0ABP7Q2N5_9ACTN   84.83%    passed     22.20%
1625  UP000584670|tr|A0A7X1M9M1|A0A7X1M9M1_9ACTN   84.80%    passed     33.54%
1626  UP000586976|tr|A0A7W2D9B5|A0A7W2D9B5_9ACTN   84.80%    passed     32.75%
1627  UP000053429|tr|A0A101U5X7|A0A101U5X7_9ACTN   84.80%    passed     23.24%
1628  UP000053923|tr|A0A0X3UQJ9|A0A0X3UQJ9_9ACTN   84.80%    passed     19.37%
1629  UP000280298|tr|A0A3S9MD57|A0A3S9MD57_9ACTN   84.72%    passed     26.21%
1630  UP001500707|tr|A0ABP6XD14|A0ABP6XD14_9ACTN   84.72%    passed     29.53%
1631  UP000509418|tr|A0A7H8TAP4|A0A7H8TAP4_STRCX   84.80%    passed     30.05%
1632  UP001596263|tr|A0ABW0CHK8|A0ABW0CHK8_STRCD   84.80%    passed     26.45%
1633  UP001499984|tr|A0ABP7VLD7|A0ABP7VLD7_9ACTN   84.72%    passed     27.75%
1634  UP001595839|tr|A0ABV9ANG7|A0ABV9ANG7_9ACTN   84.80%    passed     22.62%
1635  UP001595913|tr|A0ABV9IGD0|A0ABV9IGD0_9ACTN   84.80%    passed     22.62%
1636  UP001486207|tr|A0ABV1XJU7|A0ABV1XJU7_9ACTN   84.80%    passed     31.03%
1637  UP000606194|tr|A0A918FYX5|A0A918FYX5_9ACTN   84.80%    passed     23.32%
1638  UP001108029|tr|A0A9Q3VLW1|A0A9Q3VLW1_9ACTN   84.80%    passed     27.48%
1639  UP000649259|tr|A0ABQ3SC16|A0ABQ3SC16_9ACTN   84.80%    passed     25.56%
1640  UP000054024|tr|A0A117P8A2|A0A117P8A2_9ACTN   84.80%    passed     20.55%
1641  UP000594205|tr|A0A7M2SK86|A0A7M2SK86_9ACTN   84.80%    passed     21.98%
1642  UP000037251|tr|A0A0L8L4J7|A0A0L8L4J7_9ACTN   84.80%    passed     22.45%
1643  UP000625682|tr|A0A917KRE9|A0A917KRE9_9ACTN   84.80%    passed     26.21%
1644  UP001165269|tr|A0ABS9Y866|A0ABS9Y866_9ACTN   84.80%    passed     29.20%
1645  UP001501009|tr|A0ABP7IY99|A0ABP7IY99_9ACTN   84.80%    passed     29.42%
1646  UP001221328|tr|A0ABT5G0C4|A0ABT5G0C4_9ACTN   84.83%    passed     36.85%
1647  UP000092598|tr|A0A1B1MGA4|A0A1B1MGA4_STRLN   84.80%    passed     23.76%
1648  UP001230654|tr|A0ABU0NVQ8|A0ABU0NVQ8_STRRH   84.80%    passed     21.04%
1649  UP000629287|tr|A0A8I0P945|A0A8I0P945_9ACTN   84.80%    passed     32.93%
1650  UP001310290|tr|A0ABU8AR91|A0ABU8AR91_9ACTN   84.80%    passed     32.73%
1651  UP001223072|tr|A0ABU0RKW1|A0ABU0RKW1_9ACTN   84.80%    passed     31.62%
1652  UP001056374|tr|A0ABY4Z2H9|A0ABY4Z2H9_9ACTN   84.80%    passed     24.30%
1653  UP001432071|tr|A0ABZ1QXC8|A0ABZ1QXC8_9ACTN   84.80%    passed     24.09%
1654  UP001631993|tr|A0ABW9I968|A0ABW9I968_STRGJ   84.80%    passed     22.13%
1655  UP000827138|tr|A0ABX8XPD0|A0ABX8XPD0_9ACTN   84.80%    passed     29.88%
1656  UP001180737|tr|A0ABU2YTC3|A0ABU2YTC3_9ACTN   84.80%    passed     26.83%
1657  UP001282474|tr|A0ABU4MJH7|A0ABU4MJH7_9ACTN   84.80%    passed     28.79%
1658  UP000472335|tr|A0A6G4VG80|A0A6G4VG80_9ACTN   84.80%    passed     38.23%
1659  UP000595636|tr|A0A7T7KWB4|A0A7T7KWB4_9ACTN   84.80%    passed     25.81%
1660  UP001340816|tr|A0ABZ1H9V3|A0ABZ1H9V3_STRPH   84.80%    passed     29.12%
1661  UP001230328|tr|A0ABU0SS98|A0ABU0SS98_9ACTN   84.58%    passed     27.34%
1662  UP000645555|tr|A0A918N512|A0A918N512_9ACTN   84.74%    passed     24.69%
1663  UP001596957|tr|A0ABW2VCG5|A0ABW2VCG5_9ACTN   84.80%    passed     21.20%
1664  UP000400924|tr|A0A5N8XYW1|A0A5N8XYW1_9ACTN   84.72%    passed     20.80%
1665  UP000249616|tr|A0A2Z4IY62|A0A2Z4IY62_9ACTN   84.72%    passed     35.05%
1666  UP000621210|tr|A0A926QSE4|A0A926QSE4_9ACTN   84.80%    passed     33.22%
1667  UP001596409|tr|A0ABW2EC31|A0ABW2EC31_9ACTN   84.72%    passed     27.21%
1668  UP000002785|tr|B5HXN5|B5HXN5_STRX2           84.77%    passed     26.17%
1669  UP000594008|tr|A0A7M2T2D3|A0A7M2T2D3_STRCW   84.80%    passed     25.71%
1670  UP000657574|tr|A0A917NLF9|A0A917NLF9_9ACTN   84.77%    passed     35.19%
1671  UP001622690|tr|A0ABZ1J0H2|A0ABZ1J0H2_9ACTN   84.80%    passed     31.78%
1672  UP000053260|tr|A0A101V3I3|A0A101V3I3_9ACTN   84.50%    passed     18.41%
1673  UP000630718|tr|A0A919ALS6|A0A919ALS6_9ACTN   84.80%    passed     19.20%
1674  UP000317881|tr|A0A4Y3VH70|A0A4Y3VH70_9ACTN   84.50%    passed     15.99%
1675  UP000658320|tr|A0A918F5D0|A0A918F5D0_9ACTN   84.83%    passed     26.64%
1676  UP000326979|tr|A0A5N8VY69|A0A5N8VY69_9ACTN   84.69%    passed     22.81%
1677  UP000442707|tr|A0A6H9V3P9|A0A6H9V3P9_9ACTN   84.74%    passed     23.09%
1678  UP000501753|tr|A0A3S9ZCJ2|A0A3S9ZCJ2_STRGD   84.80%    passed     31.19%
1679  UP001180489|tr|A0ABU2UUW1|A0ABU2UUW1_9ACTN   84.80%    passed     33.29%
1680  UP001183535|tr|A0ABD5EIF1|A0ABD5EIF1_9ACTN   84.80%    passed     31.19%
1681  UP000052982|tr|A0A117RDC0|A0A117RDC0_9ACTN   84.77%    passed     20.46%
1682  UP000217446|tr|A0A250VAQ8|A0A250VAQ8_STROL   84.77%    passed     20.80%
1683  UP001257627|tr|A0ABU3ULJ0|A0ABU3ULJ0_9ACTN   84.77%    passed     22.51%
1684  UP000637788|tr|A0A917VPV2|A0A917VPV2_9ACTN   84.72%    passed     41.10%
1685  UP001500151|tr|A0ABN3RDT7|A0ABN3RDT7_9ACTN   84.72%    passed     34.59%
1686  UP001518140|tr|A0ABX0E6A8|A0ABX0E6A8_9ACTN   84.80%    passed     26.95%
1687  UP001596012|tr|A0ABV8YNS0|A0ABV8YNS0_9ACTN   84.80%    passed     30.43%
1688  UP001612415|tr|A0ABW7Y9F0|A0ABW7Y9F0_STRCE   84.83%    passed     32.74%
1689  UP000373149|tr|A0A5N8WTY4|A0A5N8WTY4_9ACTN   84.58%    passed     32.92%
1690  UP001602058|tr|A0ABW6UM49|A0ABW6UM49_9ACTN   84.58%    passed     31.59%
1691  UP001160499|tr|A0ABT6LV69|A0ABT6LV69_9ACTN   84.83%    passed     22.44%
1692  UP001165270|tr|A0ABS9XVE4|A0ABS9XVE4_9ACTN   84.83%    passed     40.48%
1693  UP000240429|tr|A0A2P8PZG6|A0A2P8PZG6_9ACTN   84.83%    passed     17.98%
1694  UP001432166|tr|A0ABZ1JFG3|A0ABZ1JFG3_9ACTN   84.83%    passed     20.43%
1695  UP000677413|tr|A0A940XTR0|A0A940XTR0_9ACTN   84.61%    passed     27.03%
1696  UP000324965|tr|A0A5B0AZI2|A0A5B0AZI2_9ACTN   85.13%    passed     27.14%
1697  UP000077381|tr|A0A177HZ45|A0A177HZ45_9ACTN   84.85%    passed     42.46%
1698  UP000619244|tr|A0A918NCD6|A0A918NCD6_9ACTN   84.80%    passed     18.59%
1699  UP000620156|tr|A0A918EQ87|A0A918EQ87_9ACTN   84.80%    passed     23.20%
1700  UP001500442|tr|A0ABP5QV32|A0ABP5QV32_9ACTN   84.80%    passed     23.20%
1701  UP000622166|tr|A0A918P8E3|A0A918P8E3_9ACTN   84.80%    passed     33.59%
1702  UP000653493|tr|A0A918GAQ8|A0A918GAQ8_STRGD   84.80%    passed     17.87%
1703  UP001052655|tr|A0ABQ3Q1T2|A0ABQ3Q1T2_9ACTN   84.80%    passed     17.87%
1704  UP001231675|tr|A0ABT9LJF2|A0ABT9LJF2_STRGD   84.80%    passed     17.87%
1705  UP001187346|tr|A0ABU4FIQ2|A0ABU4FIQ2_9ACTN   84.77%    passed     41.05%
1706  UP001601303|tr|A0ABW6LYT6|A0ABW6LYT6_9ACTN   84.77%    passed     34.62%
1707  UP000010931|tr|L7FJ03|L7FJ03_STRT8           84.58%    passed     19.82%
1708  UP000004217|tr|G2GJK2|G2GJK2_9ACTN           84.80%    passed     20.45%
1709  UP000002968|tr|D9XRL2|D9XRL2_9ACTN           84.69%    passed     26.02%
1710  UP000282170|tr|A0A494V023|A0A494V023_9ACTN   84.69%    passed     26.04%
1711  UP000028341|tr|A0A081XK14|A0A081XK14_STRTO   84.69%    passed     28.86%
1712  UP001601627|tr|A0ABW6Q5G2|A0ABW6Q5G2_9ACTN   84.69%    passed     27.53%
1713  UP000037773|tr|A0A0M8QM10|A0A0M8QM10_9ACTN   84.77%    passed     33.08%
1714  UP001589753|tr|A0ABV5L2Q8|A0ABV5L2Q8_9ACTN   84.69%    passed     31.24%
1715  UP001183881|tr|A0ABU2Q871|A0ABU2Q871_9ACTN   84.69%    passed     30.38%
1716  UP001596035|tr|A0ABW0DSW1|A0ABW0DSW1_9ACTN   84.69%    passed     27.45%
1717  UP001567537|tr|A0ABV4J971|A0ABV4J971_9ACTN   84.77%    passed     37.28%
1718  UP000182100|tr|A0A1G6NLD1|A0A1G6NLD1_9ACTN   84.77%    passed     27.59%
1719  UP000010411|tr|L1KXZ1|L1KXZ1_9ACTN           84.80%    passed     38.14%
1720  UP000011732|tr|M3CX32|M3CX32_STREZ           84.80%    passed     17.30%
1721  UP000597853|tr|A0ABQ2SP20|A0ABQ2SP20_STREZ   84.80%    passed     17.30%
1722  UP001249760|tr|A0ABU3JXM6|A0ABU3JXM6_9ACTN   84.72%    passed     16.35%
1723  UP000027632|tr|A0ABR4SYH0|A0ABR4SYH0_9ACTN   84.72%    passed     20.32%
1724  UP001181313|tr|A0ABU3HTH5|A0ABU3HTH5_9ACTN   84.72%    passed     19.39%
1725  UP000471745|tr|A0A9X5CP46|A0A9X5CP46_9ACTN   84.80%    passed     18.48%
1726  UP001600650|tr|A0ABW6JUT3|A0ABW6JUT3_STRCE   84.80%    passed     17.69%
1727  UP001565447|tr|A0ACC6USN0|A0ACC6USN0_STRAO   84.80%    passed     15.27%
1728  UP001552527|tr|A0ABV3JEW1|A0ABV3JEW1_9ACTN   84.72%    passed     16.37%
1729  UP001236795|tr|A0ABU0K8K3|A0ABU0K8K3_9ACTN   84.80%    passed     21.33%
1730  UP001257895|tr|A0ABU3J2A1|A0ABU3J2A1_9ACTN   84.72%    passed     20.38%
1731  UP000629911|tr|A0ABQ2TV92|A0ABQ2TV92_9ACTN   84.80%    passed     20.41%
1732  UP001500728|tr|A0ABP6R5I1|A0ABP6R5I1_9ACTN   84.80%    passed     20.41%
1733  UP001501423|tr|A0ABP6JSV6|A0ABP6JSV6_9ACTN   84.80%    passed     20.41%
1734  UP001501845|tr|A0ABP7YQ80|A0ABP7YQ80_9ACTN   84.80%    passed     16.84%
1735  UP001523263|tr|A0ABT0VPA1|A0ABT0VPA1_STRGI   84.80%    passed     15.39%
1736  UP000324308|tr|A0ABX5ZL06|A0ABX5ZL06_STRTE   84.72%    passed     25.87%
1737  UP000656732|tr|A0A918BSB9|A0A918BSB9_9ACTN   84.80%    passed     27.51%
1738  UP001551582|tr|A0ABV3ED62|A0ABV3ED62_9ACTN   84.72%    passed     41.00%
1739  UP000316603|tr|A0A561TEB5|A0A561TEB5_9ACTN   84.88%    passed     34.01%
1740  UP000316215|tr|A0A514JPK1|A0A514JPK1_9ACTN   84.72%    passed     25.20%
1741  UP001501866|tr|A0ABP6NUE3|A0ABP6NUE3_9ACTN   84.72%    passed     26.46%
1742  UP000327143|tr|A0ABX6AIS6|A0ABX6AIS6_STRVD   84.72%    passed     20.53%
1743  UP000579523|tr|A0A7W7LX24|A0A7W7LX24_9ACTN   84.80%    passed     28.22%
1744  UP001501455|tr|A0ABP6TEJ5|A0ABP6TEJ5_9ACTN   84.72%    passed     29.77%
1745  UP001596156|tr|A0ABW0DDV2|A0ABW0DDV2_STRFI   84.72%    passed     27.11%
1746  UP000502665|tr|A0A6M4WVY9|A0A6M4WVY9_9ACTN   84.80%    passed     23.85%
1747  UP001139384|tr|A0A9X1Q5C2|A0A9X1Q5C2_STRM4   84.77%    passed     24.13%
1748  UP001183824|tr|A0ABU2VKV3|A0ABU2VKV3_9ACTN   84.77%    passed     24.92%
1749  UP000008043|tr|K4R4T5|K4R4T5_STRDJ           84.77%    passed     22.22%
1750  UP001164439|tr|A0ABY7KJM7|A0ABY7KJM7_9ACTN   84.77%    passed     22.82%
1751  UP001241926|tr|A0ABT7J0H6|A0ABT7J0H6_9ACTN   84.72%    passed     15.59%
1752  UP000095329|tr|A0A1D3DQJ9|A0A1D3DQJ9_9ACTN   84.72%    passed     11.20%
1753  UP000095349|tr|A0A1D8G5U4|A0A1D8G5U4_9ACTN   84.80%    passed     14.77%
1754  UP000731519|tr|A0ABQ6XUM7|A0ABQ6XUM7_STRFR   85.37%    passed     21.23%
1755  UP000654123|tr|A0A918EHK0|A0A918EHK0_9ACTN   84.91%    passed     14.84%
1756  UP001250181|tr|A0ABU3QQB3|A0ABU3QQB3_9ACTN   84.83%    passed     18.56%
1757  UP001595829|tr|A0ABV9XNP0|A0ABV9XNP0_9ACTN   84.72%    passed     33.30%
1758  UP000422572|tr|A0A6I6FMG1|A0A6I6FMG1_9ACTN   84.58%    passed     21.19%
1759  UP001174050|tr|A0ABT7ZC80|A0ABT7ZC80_9ACTN   84.58%    passed     12.34%
1760  UP000570003|tr|A0AA44DDL8|A0AA44DDL8_STRE0   84.72%    failed      1.56%
1761  UP001056383|tr|A0ABY4T8C4|A0ABY4T8C4_9ACTN   84.74%    passed      6.17%
1762  UP001223144|tr|A0ABT6HUK5|A0ABT6HUK5_9ACTN   84.80%    passed     21.04%
1763  UP001375539|tr|A0ACC6QLS5|A0ACC6QLS5_9ACTN   84.66%    passed     18.19%
1764  UP001501265|tr|A0ABP9AQA0|A0ABP9AQA0_9ACTN   84.80%    passed     23.64%
1765  UP000002805|tr|D6X6Y9|D6X6Y9_STRE2           84.72%    passed      9.11%
1766  UP001552521|tr|A0ABV3I1R3|A0ABV3I1R3_9ACTN   84.72%    passed     13.45%
1767  UP001445472|tr|A0ABV1USV0|A0ABV1USV0_9ACTN   84.72%    passed     11.94%
1768  UP001163878|tr|A0ABY6IAZ1|A0ABY6IAZ1_STRPE   84.80%    passed     11.65%
1769  UP000516230|tr|A0A7H0HX09|A0A7H0HX09_9ACTN   84.72%    passed      5.83%
1770  UP000664109|tr|A0ABS2UPV9|A0ABS2UPV9_9ACTN   84.83%    passed      8.95%
1771  UP000054011|tr|A0A124EBQ5|A0A124EBQ5_9ACTN   89.59%    passed     21.01%
1772  UP001060150|tr|A0ABY5N9P7|A0ABY5N9P7_9ACTN   84.80%    passed     15.30%
1773  UP000636661|tr|A0A918M3Q9|A0A918M3Q9_9ACTN   84.85%    passed     21.61%
1774  UP001550378|tr|A0ABV2W7N9|A0ABV2W7N9_9ACTN   84.80%    passed     21.41%
1775  UP001501147|tr|A0ABP9A5U8|A0ABP9A5U8_9ACTN   84.80%    failed      4.38%
1776  UP001499942|tr|A0ABN3LCV3|A0ABN3LCV3_9ACTN   84.58%    passed     21.62%
1777  UP000186455|tr|A0A1Q4VEP4|A0A1Q4VEP4_9ACTN   84.80%    passed     11.45%
1778  UP000006854|tr|F2R1A8|F2R1A8_STRVP           84.77%    passed     23.43%
1779  UP000031774|tr|A0A0B5IBL6|A0A0B5IBL6_9ACTN   84.77%    passed     15.73%
1780  UP000265325|tr|A0A2P2GJC8|A0A2P2GJC8_STREW   84.77%    passed      7.74%
1781  UP000315226|tr|A0A4Y3RXX0|A0A4Y3RXX0_9ACTN   84.77%    passed     22.89%
1782  UP001551329|tr|A0ABV3CB18|A0ABV3CB18_9ACTN   84.77%    passed     21.13%
1783  UP001600424|tr|A0ABW6IXF9|A0ABW6IXF9_STRWE   84.77%    passed     19.45%
1784  UP001602370|tr|A0ABW6XLI2|A0ABW6XLI2_9ACTN   84.77%    passed     32.63%
1785  UP001622594|tr|A0ABZ1L8Y7|A0ABZ1L8Y7_9ACTN   84.77%    passed     22.52%
1786  UP001551210|tr|A0ABV3CV59|A0ABV3CV59_STREX   84.69%    passed     28.16%
1787  UP000582643|tr|A0A7W7U268|A0A7W7U268_9ACTN   84.77%    passed     22.14%
1788  UP001611339|tr|A0ABW7TZL6|A0ABW7TZL6_9ACTN   84.77%    passed     16.06%
1789  UP001164506|tr|A0ABY6QW55|A0ABY6QW55_9ACTN   84.77%    passed     14.57%
1790  UP001301731|tr|A0ABZ0LS51|A0ABZ0LS51_9ACTN   84.80%    passed     17.28%
1791  UP000326029|tr|A0AAV4KBT6|A0AAV4KBT6_9ACTN   84.77%    passed     15.05%
1792  UP001614391|tr|A0ABW8CNH0|A0ABW8CNH0_STRBI   84.74%    passed     13.03%
1793  UP001589716|tr|A0ABV5QPX6|A0ABV5QPX6_9ACTN   84.80%    passed     16.48%
1794  UP000217676|tr|A0A160P550|A0A160P550_STRLU   84.80%    passed     16.68%
1795  UP001250858|tr|A0ABY9RSV5|A0ABY9RSV5_9ACTN   84.74%    passed     16.69%
1796  UP000619486|tr|A0A918LXF0|A0A918LXF0_9ACTN   84.80%    passed     10.35%
1797  UP000187191|tr|A0A1P8TGA8|A0A1P8TGA8_9ACTN   84.74%    passed      9.33%
1798  UP000326553|tr|A0A5J6HL43|A0A5J6HL43_STRAD   84.80%    passed     12.12%
1799  UP001197114|tr|A0ABS6YL73|A0ABS6YL73_9ACTN   84.80%    passed     13.67%
1800  UP001610818|tr|A0ABW7QS99|A0ABW7QS99_9ACTN   84.80%    passed     15.23%
1801  UP000829992|tr|A0ABY4PTM0|A0ABY4PTM0_9ACTN   84.80%    passed     13.43%
1802  UP001551176|tr|A0ABV3BME2|A0ABV3BME2_9ACTN   84.80%    passed     19.04%
1803  UP000221011|tr|A0A291QF56|A0A291QF56_9ACTN   84.80%    passed     15.33%
1804  UP000323046|tr|A0A5P2BF59|A0A5P2BF59_STRVZ   84.72%    passed     12.58%
1805  UP000325529|tr|A0A5J6GDT2|A0A5J6GDT2_STRKN   84.72%    passed     10.13%
1806  UP001553843|tr|A0ABV3LMT0|A0ABV3LMT0_9ACTN   84.80%    passed     15.45%
1807  UP001603013|tr|A0ABW6YFN2|A0ABW6YFN2_9ACTN   84.80%    passed     13.40%
1808  UP000634780|tr|A0ABS0X6M1|A0ABS0X6M1_9ACTN   84.80%    passed     12.76%
1809  UP000656881|tr|A0ABQ2LHZ4|A0ABQ2LHZ4_9ACTN   84.80%    passed     11.20%
1810  UP001501637|tr|A0ABP6MKP0|A0ABP6MKP0_9ACTN   84.50%    passed     15.90%
1811  UP000054804|tr|A0A0W7WR66|A0A0W7WR66_9ACTN   84.50%    passed      5.55%
1812  UP000483802|tr|A0A6L6WQE6|A0A6L6WQE6_9ACTN   84.50%    failed      4.21%
1813  UP000031526|tr|A0A0B5DF52|A0A0B5DF52_9ACTN   84.58%    passed     10.34%
1814  UP001333996|tr|A0ABU7FAA1|A0ABU7FAA1_9ACTN   84.80%    passed     13.08%
1815  UP001597261|tr|A0ABW4IUC3|A0ABW4IUC3_9ACTN   84.80%    passed     17.37%
1816  UP001501563|tr|A0ABP7KW54|A0ABP7KW54_9ACTN   84.80%    passed     21.58%
1817  UP001501532|tr|A0ABP6LSA1|A0ABP6LSA1_9ACTN   84.77%    passed     22.44%
1818  UP001595701|tr|A0ABV7SJ03|A0ABV7SJ03_9ACTN   84.77%    passed     28.70%
1819  UP001183809|tr|A0ABU2U1W8|A0ABU2U1W8_9ACTN   84.80%    passed     25.10%
1820  UP000603227|tr|A0A919DCQ7|A0A919DCQ7_9ACTN   84.77%    passed     30.43%
1821  UP001597023|tr|A0ABW2WC56|A0ABW2WC56_9ACTN   84.77%    passed     19.50%
1822  UP001523219|tr|A0ABT0ZMW0|A0ABT0ZMW0_9ACTN   84.83%    passed     17.88%
1823  UP001589709|tr|A0ABV5N1V3|A0ABV5N1V3_9ACTN   84.72%    passed     16.27%
1824  UP000003022|tr|F3NC41|F3NC41_9ACTN           84.80%    passed     18.61%
1825  UP000238413|tr|A0ABM6SPZ0|A0ABM6SPZ0_9ACTN   84.58%    passed     15.42%
1826  UP000549009|tr|A0A5P2XHC0|A0A5P2XHC0_STRST   84.83%    passed     13.95%
1827  UP000608024|tr|A0A919DTP9|A0A919DTP9_9ACTN   84.83%    passed     11.91%
1828  UP000027443|tr|A0ABR4S663|A0ABR4S663_9ACTN   84.80%    passed     10.53%
1829  UP000556843|tr|A0ACC7XTZ8|A0ACC7XTZ8_9ACTN   84.80%    passed     10.53%
1830  UP000540128|tr|A0A7Y6EY99|A0A7Y6EY99_9ACTN   84.80%    passed     10.65%
1831  UP000596311|tr|A0ABX7ED00|A0ABX7ED00_9ACTN   84.80%    passed     12.32%
1832  UP000318052|tr|A0ABY3GVB4|A0ABY3GVB4_9ACTN   84.72%    passed      9.30%
1833  UP000472710|tr|A0ABQ1CG10|A0ABQ1CG10_STRDI   84.80%    passed     20.06%
1834  UP000480804|tr|A0A8H9HNB6|A0A8H9HNB6_9ACTN   84.80%    passed     18.90%
1835  UP000515764|tr|A0ABX6RKQ9|A0ABX6RKQ9_9ACTN   84.72%    passed     20.58%
1836  UP000004184|tr|D9XCW3|D9XCW3_STRVT           84.52%    passed     22.13%
1837  UP001501115|tr|A0ABP8FA74|A0ABP8FA74_9ACTN   84.77%    passed     21.63%
1838  UP000015001|tr|S4MHA5|S4MHA5_9ACTN           84.77%    passed     19.82%
1839  UP000235464|tr|A0A2N9B7M1|A0A2N9B7M1_STRCX   84.77%    passed     31.46%
1840  UP000653308|tr|A0ABQ2Z3U7|A0ABQ2Z3U7_9ACTN   84.77%    passed     22.80%
1841  UP001501474|tr|A0ABN3EN83|A0ABN3EN83_9ACTN   84.77%    passed     23.53%
1842  UP001183586|tr|A0ABU2P649|A0ABU2P649_9ACTN   84.77%    passed     33.40%
1843  UP000617743|tr|A0ABQ2X073|A0ABQ2X073_9ACTN   84.77%    passed     25.44%
1844  UP001501095|tr|A0ABP6AZD4|A0ABP6AZD4_9ACTN   84.77%    passed     28.37%
1845  UP001550603|tr|A0ABV2XS33|A0ABV2XS33_9ACTN   84.77%    passed     31.95%
1846  UP001305002|tr|A0ABZ0KA11|A0ABZ0KA11_STRC4   84.77%    passed     20.58%
1847  UP001499986|tr|A0ABN3IAM6|A0ABN3IAM6_9ACTN   84.77%    passed     28.35%
1848  UP000034786|tr|A0A0M2GSH9|A0A0M2GSH9_9ACTN   84.80%    passed     19.86%
1849  UP000495940|tr|A0A6G5RK78|A0A6G5RK78_9ACTN   84.80%    passed     21.48%
1850  UP001601422|tr|A0ABW6N020|A0ABW6N020_9ACTN   84.80%    passed     23.25%
1851  UP000565089|tr|A0A7W7DP75|A0A7W7DP75_9ACTN   84.77%    passed     26.33%
1852  UP001601288|tr|A0ABW6LBP7|A0ABW6LBP7_9ACTN   84.77%    passed     30.41%
1853  UP000076096|tr|A0A143C5C6|A0A143C5C6_9ACTN   84.80%    passed     34.96%
1854  UP000591537|tr|A0A7W9TBU6|A0A7W9TBU6_9ACTN   84.80%    passed     28.60%
1855  UP000579531|tr|A0AA89QAQ5|A0AA89QAQ5_STRCU   84.77%    passed     28.44%
1856  UP001353952|tr|A0ABU6M4Y1|A0ABU6M4Y1_9ACTN   84.77%    passed     28.44%
1857  UP001617511|tr|A0ABW8FA32|A0ABW8FA32_9ACTN   84.77%    passed     28.44%
1858  UP001232755|tr|A0ABU0QUF8|A0ABU0QUF8_9ACTN   84.77%    passed     33.86%
1859  UP000195105|tr|A0A243QHR8|A0A243QHR8_9ACTN   84.77%    passed     24.49%
1860  UP000235943|tr|A0A2N8TMY9|A0A2N8TMY9_9ACTN   84.72%    passed     18.07%
1861  UP000035366|tr|A0ABN4GF98|A0ABN4GF98_9ACTN   84.77%    passed     22.12%
1862  UP000318103|tr|A0A542UCN8|A0A542UCN8_9ACTN   84.77%    passed     26.56%
1863  UP000641386|tr|A0A919DKR8|A0A919DKR8_9ACTN   84.77%    passed     24.72%
1864  UP000663908|tr|A0ABX7TV22|A0ABX7TV22_STRCY   84.77%    passed     23.75%
1865  UP000320481|tr|A0A5C6JU03|A0A5C6JU03_9ACTN   84.77%    passed     26.52%
1866  UP000618795|tr|A0A918I756|A0A918I756_9ACTN   84.77%    passed     30.45%
1867  UP000655443|tr|A0A918YHP6|A0A918YHP6_9ACTN   84.77%    passed     37.71%
1868  UP000179642|tr|A0A1S2QHQ4|A0A1S2QHQ4_9ACTN   84.77%    passed     24.21%
1869  UP001474181|tr|A0ABV1WW15|A0ABV1WW15_9ACTN   84.77%    passed     20.08%
1870  UP001490365|tr|A0ABV1TM61|A0ABV1TM61_9ACTN   84.77%    passed     20.50%
1871  UP001519309|tr|A0A1B1ARQ4|A0A1B1ARQ4_9ACTN   84.77%    passed     28.37%
1872  UP001299012|tr|A0ABS9JMZ6|A0ABS9JMZ6_9ACTN   84.77%    passed     36.49%
1873  UP001501391|tr|A0ABN3C1A0|A0ABN3C1A0_9ACTN   84.77%    passed     36.49%
1874  UP000292547|tr|A0A4V1A0D8|A0A4V1A0D8_STRSO   84.77%    passed     14.25%
1875  UP000298159|tr|A0A4Z1DFH5|A0A4Z1DFH5_9ACTN   84.77%    passed     19.12%
1876  UP000298513|tr|A0A4Z1DTT1|A0A4Z1DTT1_STRGP   84.77%    passed     19.61%
1877  UP001060733|tr|A0ABY6ET76|A0ABY6ET76_9ACTN   84.77%    passed     26.14%
1878  UP001470023|tr|A0ABV1U530|A0ABV1U530_9ACTN   84.77%    passed     25.90%
1879  UP000590647|tr|A0A7W9H7R4|A0A7W9H7R4_9ACTN   84.80%    passed     29.72%
1880  UP000053127|tr|A0A117Q4X3|A0A117Q4X3_9ACTN   84.77%    passed     29.95%
1881  UP000053024|tr|A0A101SYV7|A0A101SYV7_9ACTN   84.77%    passed     24.35%
1882  UP000247634|tr|A0A2U9P7V8|A0A2U9P7V8_STRAS   84.77%    passed     40.33%
1883  UP001553148|tr|A0ABV3KM08|A0ABV3KM08_STRGS   84.77%    passed     40.33%
1884  UP001604267|tr|A0ABW7B873|A0ABW7B873_9ACTN   84.77%    passed     40.32%
1885  UP000517694|tr|A0A7X1I4Q2|A0A7X1I4Q2_9ACTN   84.77%    passed     34.64%
1886  UP000646738|tr|A0ABQ3RIC5|A0ABQ3RIC5_STRRR   84.55%    passed     29.97%
1887  UP001603418|tr|A0ABW6Z434|A0ABW6Z434_9ACTN   84.55%    passed     33.94%
1888  UP001202052|tr|A0ABT0NXW5|A0ABT0NXW5_9ACTN   84.77%    passed     35.49%
1889  UP001622557|tr|A0ABZ1KV07|A0ABZ1KV07_STRAH   84.77%    passed     40.17%
1890  UP001596065|tr|A0ABW0WB96|A0ABW0WB96_STRNO   84.77%    passed     37.21%
1891  UP000053398|tr|A0A117QIS1|A0A117QIS1_STRCK   84.58%    passed     22.25%
1892  UP001611397|tr|A0ABW7VDW6|A0ABW7VDW6_STROI   84.58%    passed     22.25%
1893  UP000653644|tr|A0ABQ3DA20|A0ABQ3DA20_9ACTN   84.58%    passed     22.23%
1894  UP001551011|tr|A0ABV3AN99|A0ABV3AN99_9ACTN   84.80%    passed     32.80%
1895  UP001205612|tr|A0ABT2B1H7|A0ABT2B1H7_9ACTN   84.77%    passed     23.49%
1896  UP000268329|tr|A0A3G2JBF6|A0A3G2JBF6_9ACTN   84.77%    passed     38.07%
1897  UP000215483|tr|A0A233SRI2|A0A233SRI2_STRDA   84.77%    passed     41.19%
1898  UP000621386|tr|A0ABS1P0N2|A0ABS1P0N2_9ACTN   84.77%    passed     25.12%
1899  UP000608955|tr|A0A918Y8Q0|A0A918Y8Q0_9ACTN   84.77%    passed     31.63%
1900  UP001599756|tr|A0ABW6H9N4|A0ABW6H9N4_9ACTN   84.77%    passed     24.06%
1901  UP001458415|tr|A0ABV1W3B9|A0ABV1W3B9_9ACTN   84.77%    passed     34.33%
1902  UP001595824|tr|A0ABV8TCE3|A0ABV8TCE3_9ACTN   84.77%    passed     16.27%
1903  UP001212326|tr|A0ABY7P324|A0ABY7P324_9ACTN   84.77%    passed     31.57%
1904  UP000034838|tr|A0A1J4Q1E2|A0A1J4Q1E2_9ACTN   84.77%    passed     19.59%
1905  UP000276379|tr|A0A3R8RB07|A0A3R8RB07_9ACTN   84.77%    passed     21.75%
1906  UP000577386|tr|A0A7W3RNR1|A0A7W3RNR1_STRMR   84.77%    passed     21.75%
1907  UP001500691|tr|A0ABP8SMC7|A0ABP8SMC7_9ACTN   84.77%    passed     22.67%
1908  UP001501721|tr|A0ABN3KT62|A0ABN3KT62_9ACTN   84.77%    passed     22.67%
1909  UP000029482|tr|A0A089XEF2|A0A089XEF2_STRGA   84.77%    passed     25.56%
1910  UP000194266|tr|A0ABX3YTH9|A0ABX3YTH9_9ACTN   84.77%    passed     18.55%
1911  UP001221150|tr|A0ABT6A0D9|A0ABT6A0D9_9ACTN   84.77%    passed     18.56%
1912  UP000017984|tr|V6KJE8|V6KJE8_STRRC           84.61%    passed     34.41%
1913  UP000094960|tr|A0A1D7Y9N9|A0A1D7Y9N9_9ACTN   84.55%    passed     26.28%
1914  UP000620224|tr|A0A918IUN1|A0A918IUN1_9ACTN   84.77%    passed     18.79%
1915  UP000053271|tr|A0A101QN85|A0A101QN85_9ACTN   84.55%    passed     17.57%
1916  UP000744032|tr|A0ABX1IEH0|A0ABX1IEH0_STRGB   84.77%    passed     20.95%
1917  UP001500124|tr|A0ABP9L5Y1|A0ABP9L5Y1_9ACTN   84.77%    passed     32.08%
1918  UP001061298|tr|A0ABY6E4T5|A0ABY6E4T5_9ACTN   84.80%    passed      9.46%
1919  UP000032234|tr|A0A0C5GGR0|A0A0C5GGR0_9ACTN   84.72%    passed     24.86%
1920  UP000037274|tr|A0ABR5HVZ3|A0ABR5HVZ3_STRLW   84.72%    passed     23.75%
1921  UP001596154|tr|A0ABW0UQZ1|A0ABW0UQZ1_9ACTN   84.69%    passed     26.05%
1922  UP000305929|tr|A0A4U5WKA2|A0A4U5WKA2_STRLS   84.77%    passed     28.08%
1923  UP000054241|tr|A0A101NJC3|A0A101NJC3_9ACTN   84.74%    passed     25.38%
1924  UP000585836|tr|A0A7W9PW75|A0A7W9PW75_9ACTN   84.55%    passed     25.11%
1925  UP000619355|tr|A0A919F242|A0A919F242_9ACTN   85.35%    passed     26.71%
1926  UP000572907|tr|A0A7W4ZP15|A0A7W4ZP15_9ACTN   84.77%    passed     22.85%
1927  UP001249394|tr|A0ABY9UC75|A0ABY9UC75_STRVL   84.77%    passed     24.47%
1928  UP001621512|tr|A0ABZ1MRA8|A0ABZ1MRA8_STREF   84.77%    passed     27.18%
1929  UP000679629|tr|A0ABX8FQ92|A0ABX8FQ92_9ACTN   84.77%    passed     24.86%
1930  UP001341259|tr|A0ABZ1NY39|A0ABZ1NY39_STRVL   84.52%    passed     24.29%
1931  UP001571476|tr|A0ABV4SNN2|A0ABV4SNN2_9ACTN   84.77%    passed     25.00%
1932  UP001500460|tr|A0ABN3K0S6|A0ABN3K0S6_9ACTN   84.69%    passed     22.37%
1933  UP000661858|tr|A0A937EFM1|A0A937EFM1_9ACTN   84.55%    passed     17.98%
1934  UP000653411|tr|A0A917XKY2|A0A917XKY2_9ACTN   84.52%    passed     26.03%
1935  UP001224661|tr|A0ABT6S1F8|A0ABT6S1F8_9ACTN   84.50%    passed     28.67%
1936  UP001237105|tr|A0ABT6SV54|A0ABT6SV54_9ACTN   84.72%    passed     28.54%
1937  UP001354931|tr|A0ABU6FAW2|A0ABU6FAW2_9ACTN   84.77%    passed     44.27%
1938  UP001352223|tr|A0ABU6CH23|A0ABU6CH23_9ACTN   84.77%    passed     41.27%
1939  UP001432251|tr|A0ACD5AH43|A0ACD5AH43_9ACTN   84.74%    passed     35.30%
1940  UP000677875|tr|A0A941AZ72|A0A941AZ72_9ACTN   84.80%    passed     21.94%
1941  UP000007842|tr|F8K2H5|F8K2H5_STREN           84.91%    passed     29.08%
1942  UP001585080|tr|A0ABV5E6F4|A0ABV5E6F4_9ACTN   84.58%    passed     15.22%
1943  UP000516052|tr|A0A7H0ICD4|A0A7H0ICD4_9ACTN   84.77%    passed     24.83%
1944  UP001272987|tr|A0AAP6EG08|A0AAP6EG08_9ACTN   84.74%    passed     17.93%
1945  UP001631957|tr|A0ABW9HQ83|A0ABW9HQ83_9ACTN   84.74%    passed     28.10%
1946  UP000015423|tr|S5V8R6|S5V8R6_STRC3           84.83%    passed     29.70%
1947  UP000436138|tr|A0A6I6NEV9|A0A6I6NEV9_9ACTN   84.74%    passed     24.69%
1948  UP001500893|tr|A0ABP6MNR9|A0ABP6MNR9_9ACTN   84.74%    passed     25.67%
1949  UP000502641|tr|A0A6M4PHB9|A0A6M4PHB9_9ACTN   84.85%    passed     36.41%
1950  UP000239322|tr|A0A2S9PWS2|A0A2S9PWS2_9ACTN   84.91%    passed     24.95%
1951  UP001522868|tr|A0ABT0IJV0|A0ABT0IJV0_9ACTN   84.91%    passed     21.99%
1952  UP000270471|tr|A0A3M0IFR7|A0A3M0IFR7_9ACTN   84.58%    passed     30.00%
1953  UP001243364|tr|A0ABU0Q884|A0ABU0Q884_STRAH   84.77%    passed     27.56%
1954  UP001496720|tr|A0ABV1T0V0|A0ABV1T0V0_9ACTN   84.69%    passed     25.71%
1955  UP000199063|tr|A0A1G9P1F9|A0A1G9P1F9_9ACTN   84.58%    passed      6.68%
1956  UP000305921|tr|A0A5R9E7K7|A0A5R9E7K7_9ACTN   84.58%    passed      7.47%
1957  UP000244900|tr|A0A2S1T3A7|A0A2S1T3A7_9ACTN   85.02%    passed      9.10%
1958  UP000484988|tr|A0A6A0ATP1|A0A6A0ATP1_9ACTN   84.36%    failed      1.98%
1959  UP000245051|tr|A0ABM6VGS4|A0ABM6VGS4_9ACTN   85.02%    failed      3.34%
1960  UP000053859|tr|A0A0K8PL35|A0A0K8PL35_STRAJ   84.74%    passed     24.74%
1961  UP000730591|tr|A0ABX1A8L0|A0ABX1A8L0_9ACTN   84.72%    passed     25.56%
1962  UP001500973|tr|A0ABN1Z1N8|A0ABN1Z1N8_9ACTN   84.80%    passed     29.02%
1963  UP001500724|tr|A0ABP3SC05|A0ABP3SC05_9ACTN   84.77%    passed     17.91%
1964  UP001589703|tr|A0ABV5VL55|A0ABV5VL55_9ACTN   84.52%    passed     28.72%
1965  UP000179935|tr|A0A1S2NV50|A0A1S2NV50_9ACTN   84.55%    passed      9.58%
1966  UP000271554|tr|A0A387HA85|A0A387HA85_9ACTN   84.58%    passed     15.80%
1967  UP000600946|tr|A0ABQ3A394|A0ABQ3A394_9ACTN   84.72%    passed     12.74%
1968  UP001050808|tr|A0ABQ3QLK3|A0ABQ3QLK3_9ACTN   84.85%    passed     16.78%
1969  UP001595834|tr|A0ABV9UPH0|A0ABV9UPH0_9ACTN   84.85%    passed     17.14%
1970  UP001432060|tr|A0ABZ1XQQ4|A0ABZ1XQQ4_9ACTN   84.58%    passed     14.90%
1971  UP001589887|tr|A0ABV6TMC8|A0ABV6TMC8_9ACTN   84.80%    passed     17.12%
1972  UP001500668|tr|A0ABN1F0C5|A0ABN1F0C5_9ACTN   84.80%    passed     10.61%
1973  UP000664167|tr|A0A939FEV8|A0A939FEV8_9ACTN   84.80%    passed     22.44%
1974  UP000002357|tr|E2Q484|E2Q484_STRCL           84.52%    failed      2.55%
1975  UP000005940|tr|I2N5I2|I2N5I2_STRT9           84.80%    passed      7.13%
1976  UP000320580|tr|A0A5B8JMN4|A0A5B8JMN4_9ACTN   84.80%    passed      6.75%
1977  UP000095759|tr|A0A1E5P767|A0A1E5P767_9ACTN   84.72%    passed     14.47%
1978  UP001598448|tr|A0ABW6FWT3|A0ABW6FWT3_9ACTN   84.72%    passed     11.28%
1979  UP001601976|tr|A0ABW6RBM7|A0ABW6RBM7_9ACTN   84.80%    passed     13.43%
1980  UP000599437|tr|A0ABQ3DX83|A0ABQ3DX83_9ACTN   84.80%    passed      7.46%
1981  UP001501371|tr|A0ABN1UK70|A0ABN1UK70_9ACTN   84.80%    passed      9.80%
1982  UP001500403|tr|A0ABN3XIU5|A0ABN3XIU5_9ACTN   84.58%    passed      9.23%
1983  UP000175971|tr|A0A1E7LFH7|A0A1E7LFH7_9ACTN   84.80%    passed      5.98%
1984  UP001598300|tr|A0ABW6DXP6|A0ABW6DXP6_9ACTN   84.80%    passed      5.98%
1985  UP001058236|tr|A0AAD0QBT6|A0AAD0QBT6_9ACTN   84.80%    passed      5.35%
1986  UP000306274|tr|A0ABY2PAJ9|A0ABY2PAJ9_9ACTN   84.80%    passed      8.04%
1987  UP001598251|tr|A0ABW6EHI9|A0ABW6EHI9_9ACTN   84.80%    passed      6.31%
1988  UP000192251|tr|A0ABC8BYM3|A0ABC8BYM3_9ACTN   84.80%    passed      7.50%
1989  UP001180556|tr|A0ABU2W8B3|A0ABU2W8B3_9ACTN   84.80%    passed      6.18%
1990  UP001303236|tr|A0ABY9W5H7|A0ABY9W5H7_9ACTN   84.80%    passed      9.01%
1991  UP000659767|tr|A0ABQ2SWP4|A0ABQ2SWP4_STRBA   84.80%    passed      5.50%
1992  UP000323242|tr|A0A5D4IIB7|A0A5D4IIB7_9ACTN   84.77%    passed      5.51%
1993  UP001056079|tr|A0ABY4USL2|A0ABY4USL2_STRFL   84.77%    passed      5.51%
1994  UP000712045|tr|A0ABS2HXB6|A0ABS2HXB6_9ACTN   84.77%    passed      6.58%
1995  UP001237194|tr|A0ABT7CZT1|A0ABT7CZT1_9ACTN   84.77%    passed      6.58%
1996  UP001598352|tr|A0ABW6F3U3|A0ABW6F3U3_9ACTN   84.77%    passed      6.03%
1997  UP001154015|tr|A0ABM9H7J2|A0ABM9H7J2_STRGL   84.77%    passed      7.50%
1998  UP001596509|tr|A0ABW2M835|A0ABW2M835_9ACTN   84.77%    passed      5.26%
1999  UP000326907|tr|A0A5N5EPH0|A0A5N5EPH0_9ACTN   84.77%    passed      6.83%
2000  UP001356428|tr|A0ABZ1F1D8|A0ABZ1F1D8_9ACTN   84.77%    passed      8.39%
2001  UP001456562|tr|A0A6N9V4C8|A0A6N9V4C8_STRMI   84.77%    passed      8.21%
2002  UP000598054|tr|A0ABD7CX92|A0ABD7CX92_9ACTN   84.80%    passed      8.00%
2003  UP001431926|tr|A0ABZ1ZIW2|A0ABZ1ZIW2_STRAQ   84.77%    passed      5.76%
2004  UP001224433|tr|A0ABY9J9C3|A0ABY9J9C3_9ACTN   84.80%    passed     12.99%
2005  UP001602322|tr|A0ABW6WYP8|A0ABW6WYP8_9ACTN   84.80%    passed     14.64%
2006  UP001622496|tr|A0ABZ1KAC4|A0ABZ1KAC4_9ACTN   84.80%    passed     10.58%
2007  UP001519311|tr|A0ABS4V690|A0ABS4V690_9ACTN   84.80%    passed      8.35%
2008  UP001595908|tr|A0ABV9V2B3|A0ABV9V2B3_STRAZ   84.80%    passed     10.14%
2009  UP001596200|tr|A0ABW1GDU7|A0ABW1GDU7_9ACTN   84.80%    passed      7.88%
2010  UP001229952|tr|A0ABY9I251|A0ABY9I251_9ACTN   84.80%    passed      8.90%
2011  UP001330827|tr|A0A561V1C0|A0A561V1C0_9ACTN   84.80%    passed     10.54%
2012  UP001550044|tr|A0ABV2U0W2|A0ABV2U0W2_9ACTN   84.80%    failed      4.71%
2013  UP001235744|tr|A0ABY9ISJ0|A0ABY9ISJ0_9ACTN   84.72%    passed      8.41%
2014  UP001382181|tr|A0ABU8A6S5|A0ABU8A6S5_9ACTN   84.80%    passed      5.69%
2015  UP001239522|tr|A0ABY9HNP4|A0ABY9HNP4_9ACTN   84.72%    passed      8.96%
2016  UP001589710|tr|A0ABV5R493|A0ABV5R493_9ACTN   84.80%    passed      5.80%
2017  UP001596208|tr|A0ABW0AWW8|A0ABW0AWW8_9ACTN   84.83%    passed      7.53%
2018  UP000515307|tr|A0A7G7BIN6|A0A7G7BIN6_9ACTN   84.72%    passed      6.62%
2019  UP001164963|tr|A0ABY6PQV7|A0ABY6PQV7_9ACTN   84.80%    passed     11.35%
2020  UP000326178|tr|A0A5J6FCC4|A0A5J6FCC4_9ACTN   84.80%    passed     14.91%
2021  UP001183777|tr|A0ABU2RPV2|A0ABU2RPV2_9ACTN   84.80%    passed      9.20%
2022  UP001595871|tr|A0ABV8N689|A0ABV8N689_9ACTN   84.80%    passed      9.20%
2023  UP000735541|tr|A0ABS6TRR1|A0ABS6TRR1_STRHA   84.80%    passed      5.10%
2024  UP000660675|tr|A0ABQ2VX22|A0ABQ2VX22_9ACTN   84.83%    passed      9.85%
2025  UP000498980|tr|A0A7J0C9A7|A0A7J0C9A7_9ACTN   84.80%    failed      4.90%
2026  UP000630936|tr|A0A918QE69|A0A918QE69_9ACTN   84.72%    passed      7.10%
2027  UP001596160|tr|A0ABW0ADH6|A0ABW0ADH6_9ACTN   84.80%    passed      7.92%
2028  UP000245992|tr|A0A2T7TA82|A0A2T7TA82_9ACTN   84.61%    passed      5.54%
2029  UP001348369|tr|A0ACD4ZHJ6|A0ACD4ZHJ6_9ACTN   84.61%    passed      5.33%
2030  UP000244201|tr|A0A2R4T7J3|A0A2R4T7J3_9ACTN   84.80%    passed      9.37%
2031  UP000501179|tr|A0A6G9GYC5|A0A6G9GYC5_9ACTN   84.80%    passed      7.74%
2032  UP001595993|tr|A0ABV9G3R9|A0ABV9G3R9_9ACTN   84.58%    passed      6.58%
2033  UP000253741|tr|A0A370BIG4|A0A370BIG4_9ACTN   84.80%    passed     10.73%
2034  UP000253868|tr|A0A345HTL8|A0A345HTL8_9ACTN   84.69%    passed      8.12%
2035  UP000419138|tr|A0A646KQ60|A0A646KQ60_STRJU   84.77%    passed      6.46%
2036  UP000460558|tr|A0ABW9NUF4|A0ABW9NUF4_9ACTN   84.77%    passed      6.67%
2037  UP001377168|tr|A0ACC6Q0N0|A0ACC6Q0N0_9ACTN   84.52%    passed      6.24%
2038  UP000670475|tr|A0A940MEP1|A0A940MEP1_9ACTN   84.83%    passed      6.30%
2039  UP001291653|tr|A0ABQ5NVN5|A0ABQ5NVN5_9ACTN   84.69%    failed      3.32%
2040  UP000540423|tr|A0A7X0HCQ7|A0A7X0HCQ7_9ACTN   84.77%    passed     10.44%
2041  UP001589718|tr|A0ABV5PFA8|A0ABV5PFA8_STRCM   84.80%    failed      4.42%
2042  UP000189677|tr|A0A1U9QRD5|A0A1U9QRD5_STRNV   84.58%    passed      6.66%
2043  UP000660265|tr|A0ABQ2EK17|A0ABQ2EK17_9ACTN   84.74%    passed      8.86%
2044  UP001432209|tr|A0ABZ2A5D9|A0ABZ2A5D9_STRNV   84.74%    passed      6.04%
2045  UP001499884|tr|A0ABP7GAS2|A0ABP7GAS2_9ACTN   84.83%    failed      3.30%
2046  UP000033551|tr|A0A0F4JGY9|A0A0F4JGY9_9ACTN   84.83%    passed     17.42%
2047  UP001610631|tr|A0ABW7P6E7|A0ABW7P6E7_9ACTN   84.83%    passed     15.92%
2048  UP001501867|tr|A0ABN0VJ69|A0ABN0VJ69_9ACTN   84.83%    passed     19.63%
2049  UP001223390|tr|A0ABT7GSH0|A0ABT7GSH0_9ACTN   84.83%    passed     29.80%
2050  UP000095705|tr|A0A1E5PVG7|A0A1E5PVG7_9ACTN   84.83%    passed     26.80%
2051  UP000035932|tr|A0A0J6XWK2|A0A0J6XWK2_9ACTN   84.80%    passed     12.77%
2052  UP000187151|tr|A0ABX3FRS0|A0ABX3FRS0_9ACTN   84.83%    passed     26.98%
2053  UP001432312|tr|A0ABZ1QCD2|A0ABZ1QCD2_9ACTN   84.83%    passed     23.92%
2054  UP000660554|tr|A0ABQ3NDX3|A0ABQ3NDX3_STRVG   84.83%    passed     24.11%
2055  UP001057738|tr|A0ABY5Q0U6|A0ABY5Q0U6_9ACTN   84.83%    passed     23.24%
2056  UP001432039|tr|A0ABZ1TBK2|A0ABZ1TBK2_STRVG   84.83%    passed     25.21%
2057  UP001519310|tr|A0ABS4LDE1|A0ABS4LDE1_STRAV   84.83%    passed     28.61%
2058  UP000600026|tr|A0A919LBA9|A0A919LBA9_9ACTN   84.83%    passed     19.46%
2059  UP000608522|tr|A0ABQ3TCD2|A0ABQ3TCD2_9ACTN   84.83%    passed     29.08%
2060  UP001382904|tr|A0ABU8U458|A0ABU8U458_9ACTN   84.83%    passed     19.05%
2061  UP000231791|tr|A0A2K8PDA1|A0A2K8PDA1_STRLA   84.69%    passed     18.72%
2062  UP000325563|tr|A0A5J6J5I8|A0A5J6J5I8_STRVI   84.80%    passed     23.60%
2063  UP000613974|tr|A0ABQ3T0Z6|A0ABQ3T0Z6_9ACTN   84.80%    passed     20.08%
2064  UP001432075|tr|A0ABZ1RJU4|A0ABZ1RJU4_9ACTN   84.80%    passed     22.32%
2065  UP001520654|tr|A0ABS8E5D7|A0ABS8E5D7_9ACTN   84.80%    passed     18.75%
2066  UP000642673|tr|A0ABQ3ER08|A0ABQ3ER08_9ACTN   84.80%    passed     25.78%
2067  UP000812013|tr|A0ABS6ZED3|A0ABS6ZED3_9ACTN   84.72%    passed     31.98%
2068  UP000252004|tr|A0A344TVV2|A0A344TVV2_9ACTN   84.80%    passed     26.71%
2069  UP001617351|tr|A0ABW8EA01|A0ABW8EA01_STRT5   84.80%    passed     27.02%
2070  UP001199054|tr|A0ABS8BFR1|A0ABS8BFR1_9ACTN   84.83%    passed     30.01%
2071  UP000326831|tr|A0A5P2UKR1|A0A5P2UKR1_9ACTN   84.69%    passed      7.00%
2072  UP000283128|tr|A0A3S2WD33|A0A3S2WD33_9ACTN   84.72%    passed     51.46%
2073  UP000516428|tr|A0A7H1B6L2|A0A7H1B6L2_9ACTN   84.80%    passed     39.18%
2074  UP001223978|tr|A0ABT6S6B0|A0ABT6S6B0_9ACTN   84.72%    passed     52.29%
2075  UP000598297|tr|A0A964UQY3|A0A964UQY3_9ACTN   84.72%    passed     32.82%
2076  UP001183610|tr|A0ABD5EDD7|A0ABD5EDD7_9ACTN   84.74%    passed     17.08%
2077  UP000623010|tr|A0A918VFA2|A0A918VFA2_9ACTN   84.77%    passed     40.95%
2078  UP000635996|tr|A0ABX0YTM1|A0ABX0YTM1_STRTL   84.88%    passed     42.96%
2079  UP001501005|tr|A0ABP3Z336|A0ABP3Z336_9ACTN   84.80%    passed     32.35%
2080  UP001501072|tr|A0ABP4DF60|A0ABP4DF60_9ACTN   84.80%    passed     32.58%
2081  UP001601197|tr|A0ABW6KSN9|A0ABW6KSN9_9ACTN   84.80%    passed     16.55%
2082  UP000326041|tr|A0ABX6B048|A0ABX6B048_9ACTN   84.63%    passed     27.16%
2083  UP001335325|tr|A0ABZ1GR36|A0ABZ1GR36_9ACTN   84.77%    passed     38.24%
2084  UP001596242|tr|A0ABW1LYH8|A0ABW1LYH8_9ACTN   84.69%    passed     39.39%
2085  UP001596183|tr|A0ABW0XGA4|A0ABW0XGA4_9ACTN   84.77%    passed     43.56%
2086  UP001596180|tr|A0ABW1E9D9|A0ABW1E9D9_9ACTN   84.69%    passed     29.30%
2087  UP001216440|tr|A0ABY8K402|A0ABY8K402_9ACTN   84.63%    passed     12.34%
2088  UP000031523|tr|A0A0B5EK45|A0A0B5EK45_STRA4   84.83%    passed     15.79%
2089  UP000772196|tr|A0ABX1GY27|A0ABX1GY27_9ACTN   84.83%    passed     17.53%
2090  UP001596523|tr|A0ABW2JGI2|A0ABW2JGI2_9ACTN   84.80%    passed     20.59%
2091  UP000481109|tr|A0A6G4XUC7|A0A6G4XUC7_9ACTN   84.80%    passed     19.35%
2092  UP000642284|tr|A0ABR7SRT3|A0ABR7SRT3_9ACTN   84.77%    passed     21.88%
2093  UP000199155|tr|A0A1G9BF77|A0A1G9BF77_9ACTN   84.72%    passed     30.46%
2094  UP000190539|tr|A0A1V4ACZ7|A0A1V4ACZ7_9ACTN   84.88%    passed     19.40%
2095  UP000031501|tr|A0A221P2R1|A0A221P2R1_9ACTN   84.61%    passed     40.84%
2096  UP000788262|tr|A0ABS2VQ91|A0ABS2VQ91_STRAS   84.31%    passed     15.58%
2097  UP000516444|tr|A0A7G1P2E8|A0A7G1P2E8_9ACTN   84.52%    passed     26.40%
2098  UP000828924|tr|A0ABY3WFX1|A0ABY3WFX1_9ACTN   84.69%    passed     27.20%
2099  UP001499990|tr|A0ABP6SF38|A0ABP6SF38_9ACTN   84.80%    passed     20.40%
2100  UP001550850|tr|A0ABV2YEN1|A0ABV2YEN1_9ACTN   84.83%    passed     25.87%
2101  UP001551584|tr|A0ABV3EK90|A0ABV3EK90_9ACTN   84.83%    passed     15.23%
2102  UP001431429|tr|A0ABT0UKJ0|A0ABT0UKJ0_9ACTN   84.63%    passed      5.54%
2103  UP001156398|tr|A0AA90K8X1|A0AA90K8X1_9ACTN   84.91%    failed      4.67%
2104  UP001344658|tr|A0ABU7PCH8|A0ABU7PCH8_9ACTN   84.55%    failed      0.36%
2105  UP001614394|tr|A0ABW8C0Z2|A0ABW8C0Z2_9ACTN   85.02%    passed     19.27%
2106  UP000603708|tr|A0A919G388|A0A919G388_9ACTN   84.80%    passed     14.51%
2107  UP001431313|tr|A0ABT2CAQ3|A0ABT2CAQ3_9ACTN   84.42%    failed      4.05%
2108  UP000632849|tr|A0A919BF53|A0A919BF53_STRFL   84.77%    passed     28.53%
2109  UP001604282|tr|A0ABW7BXQ6|A0ABW7BXQ6_9ACTN   84.77%    passed     23.81%
2110  UP000644020|tr|A0A918SWE0|A0A918SWE0_9ACTN   84.63%    passed     18.57%
2111  UP001052739|tr|A0ABQ3P2J2|A0ABQ3P2J2_9ACTN   84.63%    passed     14.75%
2112  UP001278571|tr|A0ABU4KFS6|A0ABU4KFS6_9ACTN   84.74%    passed     21.40%
2113  UP001331624|tr|A0ABU7YFM6|A0ABU7YFM6_9ACTN   84.74%    passed     21.40%
2114  UP001501000|tr|A0ABP7MPT6|A0ABP7MPT6_9ACTN   84.55%    passed     27.82%
2115  UP000466345|tr|A0A7K0CJ18|A0A7K0CJ18_9ACTN   84.83%    passed      8.41%
2116  UP001596413|tr|A0ABW2GGR3|A0ABW2GGR3_9ACTN   84.58%    failed      3.22%
2117  UP000481583|tr|A0A6G4U8U2|A0A6G4U8U2_9ACTN   84.88%    passed     33.92%
2118  UP000263094|tr|A0A372M1A8|A0A372M1A8_9ACTN   84.55%    passed     16.77%
2119  UP001596083|tr|A0ABW0YTT7|A0ABW0YTT7_9ACTN   84.63%    failed      2.28%
2120  UP000198928|tr|A0A1I3VI40|A0A1I3VI40_9ACTN   84.47%    failed      0.88%
2121  UP001607069|tr|A0ABW7HS81|A0ABW7HS81_9ACTN   84.44%    failed      0.64%
2122  UP000199055|tr|A0A1H9HFZ8|A0A1H9HFZ8_9ACTN   84.44%    failed      1.13%
2123  UP000473014|tr|A0A6G2BFG7|A0A6G2BFG7_9ACTN   84.94%    failed      4.47%
2124  UP001597365|tr|A0ABW4PQS7|A0ABW4PQS7_9ACTN   84.66%    failed      1.39%
2125  UP001501638|tr|A0ABN3KDA5|A0ABN3KDA5_9ACTN   84.44%    failed      0.56%
2126  UP001500058|tr|A0ABP5V9X5|A0ABP5V9X5_9ACTN   84.66%    failed      4.09%
2127  UP000230407|tr|A0A2M8LXF9|A0A2M8LXF9_9ACTN   84.22%    failed      0.05%
2128  UP000320857|tr|A0A5P0YV62|A0A5P0YV62_9ACTN   84.63%    passed     10.68%
2129  UP000766698|tr|A0ABR6EKS2|A0ABR6EKS2_9ACTN   84.63%    passed      6.54%
2130  UP000578686|tr|A0A7X6HXW8|A0A7X6HXW8_9ACTN   84.80%    failed      4.21%
2131  UP000746503|tr|A0ABX1AQ82|A0ABX1AQ82_9ACTN   84.80%    failed      4.21%
2132  UP000727056|tr|A0ABX1CHL6|A0ABX1CHL6_9ACTN   84.88%    passed      6.07%
2133  UP000037020|tr|A0ABR5J503|A0ABR5J503_9ACTN   84.55%    failed      3.15%
2134  UP000305778|tr|A0A4U0S2A9|A0A4U0S2A9_9ACTN   84.85%    passed     17.28%
2135  UP001057702|tr|A0ABT1PZ12|A0ABT1PZ12_9ACTN   84.61%    failed      4.78%
2136  UP000199207|tr|A0A1I1EW34|A0A1I1EW34_9ACTN   84.88%    passed      6.07%
2137  UP000176101|tr|A0A1E7KLR1|A0A1E7KLR1_9ACTN   83.65%    failed      0.00%
2138  UP000254425|tr|A0A345Y0F7|A0A345Y0F7_9ACTN   84.96%    failed      4.22%
2139  UP001156389|tr|A0ABT2JWC5|A0ABT2JWC5_9ACTN   84.52%    failed      2.27%
2140  UP001183414|tr|A0ABU2NLR4|A0ABU2NLR4_9ACTN   84.72%    failed      0.50%
2141  UP000694501|tr|A0A949JIA3|A0A949JIA3_9ACTN   84.33%    failed      2.17%
2142  UP000050867|tr|A0A0T6LLQ7|A0A0T6LLQ7_WENVI   84.85%    failed      0.57%
2143  UP000530234|tr|A0A7W3T5R1|A0A7W3T5R1_9ACTN   86.25%    failed      2.42%
2144  UP000538929|tr|A0A7W3TA75|A0A7W3TA75_9ACTN   84.83%    failed      0.04%
2145  UP000632289|tr|A0A927IEP5|A0A927IEP5_9ACTN   84.55%    failed      0.67%
2146  UP001501303|tr|A0ABN2NW67|A0ABN2NW67_9ACTN   84.66%    failed      0.45%
2147  UP000034034|tr|A0A0F7CPP8|A0A0F7CPP8_9ACTN   84.63%    passed      6.99%
2148  UP000198873|tr|A0A1I6TYV6|A0A1I6TYV6_9ACTN   84.74%    passed      8.66%
2149  UP001403094|tr|A0ABN2V378|A0ABN2V378_9ACTN   84.74%    passed      7.96%
2150  UP001577267|tr|A0ABV4ZLX2|A0ABV4ZLX2_9ACTN   84.69%    passed      6.48%
2151  UP000477722|tr|A0A6G4X735|A0A6G4X735_9ACTN   84.36%    failed      1.52%
2152  UP001163064|tr|A0ABT3TYC4|A0ABT3TYC4_9ACTN   84.50%    passed     19.42%
2153  UP000007076|tr|E4NGD0|E4NGD0_KITSK           84.85%    passed     29.53%
2154  UP000266906|tr|A0A3N4RWR0|A0A3N4RWR0_9ACTN   84.85%    passed     45.18%
2155  UP001500897|tr|A0ABN2X4X1|A0ABN2X4X1_9ACTN   84.85%    passed     48.37%
2156  UP001599542|tr|A0ABW6GHS3|A0ABW6GHS3_9ACTN   84.85%    passed     47.03%
2157  UP000027178|tr|A0A066YTG1|A0A066YTG1_9ACTN   84.85%    passed     38.23%
2158  UP000032066|tr|A0A0D0PSV5|A0A0D0PSV5_KITGR   84.85%    passed     36.98%
2159  UP001206483|tr|A0ABT1IQF6|A0ABT1IQF6_9ACTN   84.80%    passed     41.11%
2160  UP001596066|tr|A0ABW0VFC8|A0ABW0VFC8_9ACTN   84.80%    passed     41.11%
2161  UP001501752|tr|A0ABP9DZG3|A0ABP9DZG3_9ACTN   84.80%    passed     41.73%
2162  UP001500305|tr|A0ABN3EHZ6|A0ABN3EHZ6_9ACTN   84.80%    passed     41.81%
2163  UP000317940|tr|A0A561UFM4|A0A561UFM4_9ACTN   84.80%    passed     31.30%
2164  UP001499987|tr|A0ABP4EDQ0|A0ABP4EDQ0_9ACTN   84.83%    passed     46.95%
2165  UP001596435|tr|A0ABW2FV76|A0ABW2FV76_9ACTN   84.80%    passed     35.31%
2166  UP000319103|tr|A0A540W3V9|A0A540W3V9_9ACTN   84.80%    passed     26.76%
2167  UP000248039|tr|A0A2V4NZU5|A0A2V4NZU5_9ACTN   84.63%    passed     13.56%
2168  UP000033699|tr|A0A0F2TD27|A0A0F2TD27_STRR3   84.80%    passed     20.67%
2169  UP000263377|tr|A0A373A0M4|A0A373A0M4_9ACTN   84.80%    passed     21.26%
2170  UP001499863|tr|A0ABN1XNA6|A0ABN1XNA6_9ACTN   84.80%    passed     16.08%
2171  UP001432222|tr|A0ABZ1TZX4|A0ABZ1TZX4_9ACTN   84.80%    passed     12.30%
2172  UP000037395|tr|A0A1E7N329|A0A1E7N329_KITAU   84.80%    passed     28.73%
2173  UP001212821|tr|A0ABY7Q3K5|A0ABY7Q3K5_9ACTN   84.80%    passed     24.62%
2174  UP000450000|tr|A0A6N7KQU8|A0A6N7KQU8_9ACTN   84.80%    passed     38.72%
2175  UP001596067|tr|A0ABW1EVU6|A0ABW1EVU6_9ACTN   84.80%    passed     30.29%
2176  UP001595975|tr|A0ABW0WW10|A0ABW0WW10_9ACTN   84.58%    passed      5.49%
2177  UP000617734|tr|A0A919GCY3|A0A919GCY3_9ACTN   84.83%    passed     13.50%
2178  UP001432014|tr|A0ABZ1W8A1|A0ABZ1W8A1_9ACTN   84.83%    passed     16.40%
2179  UP000318416|tr|A0A561EUH9|A0A561EUH9_9ACTN   84.80%    passed     15.06%
2180  UP000573327|tr|A0A7W7WI61|A0A7W7WI61_9ACTN   84.80%    passed     19.81%
2181  UP001422759|tr|A0ABN2ZYB4|A0ABN2ZYB4_9ACTN   84.80%    passed      9.13%
2182  UP001500037|tr|A0ABN1WLJ9|A0ABN1WLJ9_9ACTN   84.77%    failed      2.32%
2183  UP000540506|tr|A0A7W7R216|A0A7W7R216_KITKI   84.69%    passed     10.77%
2184  UP000183015|tr|A0A1H7FM36|A0A1H7FM36_STRJI   84.88%    passed     27.12%
2185  UP000248889|tr|A0A2X0K4J8|A0A2X0K4J8_9ACTN   84.88%    passed     43.74%
2186  UP000657385|tr|A0A931FEQ5|A0A931FEQ5_9ACTN   84.91%    passed     19.25%
2187  UP001596174|tr|A0ABW1G3W5|A0ABW1G3W5_9ACTN   84.85%    passed     22.13%
2188  UP001592528|tr|A0ABV6UHE9|A0ABV6UHE9_9ACTN   84.94%    passed     12.29%
2189  UP001592581|tr|A0ABV6XW36|A0ABV6XW36_9ACTN   84.94%    passed     13.34%
2190  UP001592529|tr|A0ABV6WLT2|A0ABV6WLT2_9ACTN   84.85%    passed      7.14%
2191  UP001592582|tr|A0ABV6VGT3|A0ABV6VGT3_9ACTN   84.85%    passed      7.14%
2192  UP001592531|tr|A0ABV6VUP3|A0ABV6VUP3_9ACTN   84.85%    failed      3.82%
2193  UP000249340|tr|A0A345T6B2|A0A345T6B2_9ACTN   84.88%    passed      6.45%
2194  UP000641932|tr|A0A917ZVJ2|A0A917ZVJ2_9ACTN   84.91%    passed     10.56%
2195  UP001500443|tr|A0ABN2YJ99|A0ABN2YJ99_9ACTN   84.09%    failed      0.01%
2196  UP000001918|tr|D1A8H1|D1A8H1_THECD           85.05%    passed     17.51%
2197  UP000236723|tr|A0A1H6AAT8|A0A1H6AAT8_9ACTN   85.05%    passed     13.64%
2198  UP000256661|tr|A0A3D9SJH4|A0A3D9SJH4_9ACTN   85.05%    failed      3.01%
2199  UP000183413|tr|A0A1I5D4P3|A0A1I5D4P3_9ACTN   85.05%    passed      5.32%
2200  UP000198318|tr|A0A239FX05|A0A239FX05_9ACTN   85.05%    passed     13.99%
2201  UP000305238|tr|A0A5S4FZL2|A0A5S4FZL2_9ACTN   85.05%    passed     14.97%
2202  UP000462055|tr|A0A6I4M521|A0A6I4M521_9ACTN   85.05%    passed     13.09%
2203  UP000666915|tr|A0ABS3QSU8|A0ABS3QSU8_9ACTN   85.05%    passed     13.83%
2204  UP000501240|tr|A0A7D3ZZH0|A0A7D3ZZH0_ACTVE   84.77%    passed     13.24%
2205  UP000198420|tr|A0A238WVI2|A0A238WVI2_9ACTN   85.05%    failed      2.46%
2206  UP000529783|tr|A0A7Y9EFF7|A0A7Y9EFF7_9ACTN   85.05%    passed      6.86%
2207  UP000591272|tr|A0A7Y9KA33|A0A7Y9KA33_9ACTN   85.05%    failed      4.83%
2208  UP000546324|tr|A0A7X0G639|A0A7X0G639_9ACTN   85.05%    passed      6.25%
2209  UP001501020|tr|A0ABN2Z7U1|A0ABN2Z7U1_9ACTN   85.05%    passed     13.49%
2210  UP000295578|tr|A0A4R5BHN4|A0A4R5BHN4_9ACTN   84.77%    passed     12.21%
2211  UP001569904|tr|A0ABV4QNZ8|A0ABV4QNZ8_9ACTN   84.77%    passed     20.31%
2212  UP000262882|tr|A0A372GHS8|A0A372GHS8_9ACTN   85.05%    passed      9.42%
2213  UP000274601|tr|A0A495QIR0|A0A495QIR0_9ACTN   85.05%    passed      9.54%
2214  UP000579250|tr|A0A846Z8F7|A0A846Z8F7_9ACTN   85.05%    passed     14.37%
2215  UP000309174|tr|A0A5C4J355|A0A5C4J355_9ACTN   85.05%    passed     13.59%
2216  UP001569963|tr|A0ABV4QFC0|A0ABV4QFC0_9ACTN   84.88%    passed      9.43%
2217  UP000322634|tr|A0A5D0U7H2|A0A5D0U7H2_9ACTN   85.05%    failed      2.65%
2218  UP000323505|tr|A0A5D3FM35|A0A5D3FM35_9ACTN   85.05%    failed      4.10%
2219  UP000323380|tr|A0A5D0NQG0|A0A5D0NQG0_9ACTN   85.05%    failed      4.85%
2220  UP001501427|tr|A0A7W7I9Y1|A0A7W7I9Y1_9ACTN   85.05%    passed     13.83%
2221  UP000295431|tr|A0A4R4N2V3|A0A4R4N2V3_9ACTN   90.14%    passed     48.57%
2222  UP001597063|tr|A0ABW2XHZ3|A0ABW2XHZ3_9ACTN   85.05%    passed      5.78%
2223  UP001501710|tr|A0ABP8BSH9|A0ABP8BSH9_9ACTN   84.77%    passed     11.65%
2224  UP000316706|tr|A0A543IAJ3|A0A543IAJ3_9ACTN   85.05%    passed      9.86%
2225  UP000483004|tr|A0A6L3VHY5|A0A6L3VHY5_9ACTN   84.94%    passed     14.48%
2226  UP000680206|tr|A0ABS3S489|A0ABS3S489_9ACTN   84.94%    passed     16.58%
2227  UP000432015|tr|A0A7K1L6L6|A0A7K1L6L6_9ACTN   85.02%    failed      1.89%
2228  UP000242367|tr|A0A2P4UJ61|A0A2P4UJ61_9ACTN   85.05%    failed      3.69%
2229  UP000431901|tr|A0A6I4W2H9|A0A6I4W2H9_9ACTN   85.05%    passed      7.07%
2230  UP000487268|tr|A0A7K0BSQ4|A0A7K0BSQ4_9ACTN   85.05%    passed     10.28%
2231  UP000774570|tr|A0ABS7FMC0|A0ABS7FMC0_9ACTN   85.05%    passed      5.18%
2232  UP001596380|tr|A0ABW2C946|A0ABW2C946_9ACTN   85.05%    passed      5.54%
2233  UP000468735|tr|A0A6H9YSE4|A0A6H9YSE4_9ACTN   85.05%    passed     19.76%
2234  UP001501509|tr|A0ABN3PW82|A0ABN3PW82_9ACTN   85.05%    passed     12.58%
2235  UP000627838|tr|A0ABR9JU99|A0ABR9JU99_9ACTN   85.05%    passed     23.07%
2236  UP001596972|tr|A0ABW3F278|A0ABW3F278_9ACTN   85.05%    passed     18.17%
2237  UP000669179|tr|A0A939PC34|A0A939PC34_9ACTN   85.05%    passed     21.49%
2238  UP000614047|tr|A0A931GH99|A0A931GH99_9ACTN   85.05%    failed      3.96%
2239  UP001501231|tr|A0ABN3J5S9|A0ABN3J5S9_9ACTN   85.05%    passed      6.22%
2240  UP001596074|tr|A0ABW1AD68|A0ABW1AD68_9ACTN   85.05%    passed      6.03%
2241  UP000261811|tr|A0A372JPL4|A0A372JPL4_9ACTN   85.05%    passed     16.05%
2242  UP001595872|tr|A0ABV9U419|A0ABV9U419_9ACTN   85.05%    passed      8.84%
2243  UP000282674|tr|A0A3M2M3Z6|A0A3M2M3Z6_9ACTN   85.02%    passed      8.94%
2244  UP001165124|tr|A0A9W6PRD6|A0A9W6PRD6_9ACTN   85.05%    failed      1.75%
2245  UP001500266|tr|A0ABP7Y9D6|A0ABP7Y9D6_9ACTN   85.05%    failed      3.54%
2246  UP001500683|tr|A0ABP7X7T9|A0ABP7X7T9_9ACTN   85.05%    failed      4.49%
2247  UP000294513|tr|A0A4R5BFE9|A0A4R5BFE9_9ACTN   84.77%    failed      1.24%
2248  UP001597083|tr|A0ABW3CGR8|A0ABW3CGR8_9ACTN   93.23%    passed     99.66%
2249  UP001049518|tr|A0ABX8R0B2|A0ABX8R0B2_9ACTN   85.02%    failed      1.85%
2250  UP000539313|tr|A0A7W3MXI3|A0A7W3MXI3_9ACTN   85.05%    failed      1.16%
2251  UP000572680|tr|A0A7W3QIP3|A0A7W3QIP3_ACTNM   85.02%    failed      1.67%
2252  UP000316096|tr|A0A543CFA5|A0A543CFA5_9ACTN   85.05%    failed      4.27%
2253  UP001165074|tr|A0A9W6VZ00|A0A9W6VZ00_9ACTN   85.05%    passed      9.63%
2254  UP001500503|tr|A0ABP8PEW7|A0ABP8PEW7_9ACTN   85.05%    passed     10.00%
2255  UP001589627|tr|A0ABV5YXR3|A0ABV5YXR3_9ACTN   85.05%    failed      3.95%
2256  UP001500212|tr|A0ABP8THW4|A0ABP8THW4_9ACTN   85.05%    passed     14.32%
2257  UP001501822|tr|A0ABN0X6H1|A0ABN0X6H1_9ACTN   85.05%    passed     18.18%
2258  UP001501442|tr|A0ABP8UHK9|A0ABP8UHK9_9ACTN   85.05%    passed     17.92%
2259  UP000567795|tr|A0A853A3J3|A0A853A3J3_9ACTN   85.02%    failed      1.44%
2260  UP000805614|tr|A0ABR7LRB5|A0ABR7LRB5_9ACTN   84.88%    failed      0.85%
2261  UP000251891|tr|A0A365H5Q8|A0A365H5Q8_9ACTN   84.91%    failed      0.58%
2262  UP000265768|tr|A0A3A4B096|A0A3A4B096_9ACTN   85.02%    failed      1.71%
2263  UP001500665|tr|A0ABP4B3Z5|A0ABP4B3Z5_9ACTN   84.94%    passed     32.19%
2264  UP001501842|tr|A0ABP6GKS5|A0ABP6GKS5_9ACTN   84.94%    passed      9.98%
2265  UP001501237|tr|A0ABP6Q1C8|A0ABP6Q1C8_9ACTN   84.99%    passed     30.64%
2266  UP000002029|tr|D2B2B7|D2B2B7_STRRD           84.94%    passed      9.91%
2267  UP000194761|tr|A0A243QKM7|A0A243QKM7_9ACTN   84.94%    passed      9.79%
2268  UP000199111|tr|A0A1I3YVN0|A0A1I3YVN0_9ACTN   84.94%    passed      7.67%
2269  UP001143474|tr|A0A9W6MEY3|A0A9W6MEY3_9ACTN   84.94%    passed     13.15%
2270  UP001230426|tr|A0ABT9R9K2|A0ABT9R9K2_9ACTN   84.94%    passed     26.25%
2271  UP001501251|tr|A0ABP8BB30|A0ABP8BB30_9ACTN   84.94%    passed     10.24%
2272  UP001589610|tr|A0ABV5TGF9|A0ABV5TGF9_9ACTN   84.94%    passed      8.00%
2273  UP001596514|tr|A0ABW2TCY0|A0ABW2TCY0_9ACTN   84.94%    passed      8.90%
2274  UP000198282|tr|A0A239NNT3|A0A239NNT3_9ACTN   84.94%    passed     17.97%
2275  UP001225356|tr|A0ABT9QQI8|A0ABT9QQI8_9ACTN   84.94%    passed     18.71%
2276  UP000077701|tr|A0A171DLA8|A0A171DLA8_9ACTN   84.91%    passed      8.57%
2277  UP000633041|tr|A0ABQ4HAA0|A0ABQ4HAA0_9ACTN   84.91%    passed      6.11%
2278  UP000562352|tr|A0A841D5S7|A0A841D5S7_PLAVE   84.94%    passed      7.65%
2279  UP000616724|tr|A0A8J3RS67|A0A8J3RS67_9ACTN   84.94%    passed     12.06%
2280  UP000619788|tr|A0A8J3SFE6|A0A8J3SFE6_9ACTN   84.94%    passed     20.27%
2281  UP000634476|tr|A0A8J3WRB0|A0A8J3WRB0_9ACTN   84.94%    passed     21.22%
2282  UP000655044|tr|A0A8J3WEH7|A0A8J3WEH7_PLARO   84.94%    passed     14.53%
2283  UP001595698|tr|A0ABV8FF68|A0ABV8FF68_9ACTN   84.94%    passed      8.74%
2284  UP001597024|tr|A0ABW3DWB8|A0ABW3DWB8_9ACTN   84.94%    passed     11.45%
2285  UP000552644|tr|A0A7W7VPW7|A0A7W7VPW7_9ACTN   84.94%    passed     11.72%
2286  UP001500831|tr|A0ABN3VUG8|A0ABN3VUG8_9ACTN   84.94%    passed     11.09%
2287  UP001499930|tr|A0ABP6L265|A0ABP6L265_9ACTN   84.94%    failed      1.41%
2288  UP000576393|tr|A0A852V2J1|A0A852V2J1_9ACTN   84.94%    passed      9.34%
2289  UP000611554|tr|A0ABQ2QTW1|A0ABQ2QTW1_9ACTN   84.94%    passed      7.65%
2290  UP000186096|tr|A0A1N6WFY4|A0A1N6WFY4_9ACTN   84.94%    passed     20.44%
2291  UP001432011|tr|A0ABZ1SRN3|A0ABZ1SRN3_9ACTN   84.94%    passed     20.67%
2292  UP001447516|tr|A0ABV0ANU1|A0ABV0ANU1_9ACTN   84.94%    passed     14.51%
2293  UP000262538|tr|A0ABX9LG02|A0ABX9LG02_9ACTN   84.94%    passed     14.33%
2294  UP000309033|tr|A0A5R8YLS9|A0A5R8YLS9_9ACTN   84.94%    passed     14.33%
2295  UP000322810|tr|A0ABY3LS13|A0ABY3LS13_9ACTN   84.94%    passed     14.33%
2296  UP000651728|tr|A0ABQ4FH42|A0ABQ4FH42_9ACTN   84.94%    passed     11.79%
2297  UP000327011|tr|A0A5J5JUL2|A0A5J5JUL2_9ACTN   84.94%    passed     13.86%
2298  UP000313066|tr|A0A5N6BMJ9|A0A5N6BMJ9_9ACTN   84.94%    passed     18.62%
2299  UP000653231|tr|A0ABR8L235|A0ABR8L235_9ACTN   84.74%    passed     20.50%
2300  UP000653480|tr|A0A8H9H4L3|A0A8H9H4L3_9ACTN   84.74%    passed     20.50%
2301  UP000660454|tr|A0ABQ4GP58|A0ABQ4GP58_9ACTN   84.74%    passed     20.59%
2302  UP000603904|tr|A0ABQ4G0D7|A0ABQ4G0D7_9ACTN   84.94%    passed      8.81%
2303  UP000605992|tr|A0A8J3UXD6|A0A8J3UXD6_9ACTN   84.94%    passed      8.72%
2304  UP000622547|tr|A0A8J3XE17|A0A8J3XE17_9ACTN   84.94%    passed     14.63%
2305  UP000630097|tr|A0A8J3M6H7|A0A8J3M6H7_9ACTN   84.94%    passed      9.82%
2306  UP000674234|tr|A0A940WTG9|A0A940WTG9_9ACTN   84.94%    passed     10.91%
2307  UP000610966|tr|A0A8J3R870|A0A8J3R870_9ACTN   84.94%    failed      4.86%
2308  UP001589870|tr|A0ABV6U2C5|A0ABV6U2C5_9ACTN   84.94%    failed      3.39%
2309  UP001500320|tr|A0ABP6MVN7|A0ABP6MVN7_9ACTN   84.91%    passed      9.99%
2310  UP001595850|tr|A0ABV8I544|A0ABV8I544_9ACTN   84.91%    passed      6.89%
2311  UP000578449|tr|A0A840P650|A0A840P650_9ACTN   84.85%    passed      5.90%
2312  UP000190797|tr|A0A1V0AM53|A0A1V0AM53_9ACTN   84.94%    passed     24.33%
2313  UP000696294|tr|A0ABX1AZL1|A0ABX1AZL1_9ACTN   84.94%    passed     24.33%
2314  UP000565579|tr|A0A7X0NMA8|A0A7X0NMA8_9ACTN   84.94%    passed     21.14%
2315  UP001139648|tr|A0A9X2K9E2|A0A9X2K9E2_9ACTN   84.94%    passed     12.41%
2316  UP001499843|tr|A0ABP5PDK8|A0ABP5PDK8_9ACTN   84.94%    passed     15.50%
2317  UP001500902|tr|A0ABP7BKZ4|A0ABP7BKZ4_9ACTN   84.94%    passed      6.41%
2318  UP001589568|tr|A0ABV5NMS1|A0ABV5NMS1_9ACTN   84.94%    passed     14.05%
2319  UP000199202|tr|A0A1G8NMW8|A0A1G8NMW8_9ACTN   84.94%    passed     21.39%
2320  UP000579153|tr|A0A7W9G076|A0A7W9G076_9ACTN   84.94%    passed     34.15%
2321  UP000633509|tr|A0ABR9M5S3|A0ABR9M5S3_9ACTN   84.94%    passed     31.61%
2322  UP001603978|tr|A0ABW7A9B3|A0ABW7A9B3_9ACTN   84.94%    passed     10.41%
2323  UP000605361|tr|A0A931AJE9|A0A931AJE9_9ACTN   84.94%    passed     15.17%
2324  UP000198683|tr|A0A1G8ULF2|A0A1G8ULF2_9ACTN   84.94%    passed     22.57%
2325  UP000199361|tr|A0A1I0KSR0|A0A1I0KSR0_9ACTN   84.94%    passed     11.66%
2326  UP001552427|tr|A0ABV3H9I9|A0ABV3H9I9_9ACTN   84.94%    passed     12.15%
2327  UP000824681|tr|A0ABX8UBZ8|A0ABX8UBZ8_9ACTN   84.94%    passed      8.67%
2328  UP001317259|tr|A0ABT0FLD3|A0ABT0FLD3_9ACTN   84.94%    passed     20.58%
2329  UP000284824|tr|A0A438MG24|A0A438MG24_9ACTN   84.94%    passed     20.35%
2330  UP001589532|tr|A0ABV5RQW7|A0ABV5RQW7_9ACTN   84.91%    passed     15.80%
2331  UP001596058|tr|A0ABW1CXK0|A0ABW1CXK0_9ACTN   84.94%    passed     20.40%
2332  UP000546126|tr|A0A7Y6MD73|A0A7Y6MD73_9ACTN   84.94%    passed     12.78%
2333  UP000586042|tr|A0A7Y6M664|A0A7Y6M664_9ACTN   84.94%    passed      9.50%
2334  UP001612928|tr|A0ABW8AC41|A0ABW8AC41_9ACTN   84.94%    passed     10.53%
2335  UP000294543|tr|A0A4R4WNC2|A0A4R4WNC2_9ACTN   84.94%    passed     19.71%
2336  UP000295258|tr|A0A4V2Y949|A0A4V2Y949_9ACTN   84.94%    passed     22.15%
2337  UP000295136|tr|A0A4R5FK17|A0A4R5FK17_9ACTN   84.94%    passed     13.28%
2338  UP000295157|tr|A0A4R4NPH7|A0A4R4NPH7_9ACTN   84.94%    passed     13.88%
2339  UP001595851|tr|A0ABV8G520|A0ABV8G520_9ACTN   84.94%    passed      8.49%
2340  UP000306628|tr|A0A5S4GH28|A0A5S4GH28_9ACTN   84.94%    passed      9.73%
2341  UP001500630|tr|A0ABP6Y5K9|A0ABP6Y5K9_9ACTN   84.88%    passed      9.76%
2342  UP000249304|tr|A0A2W2D402|A0A2W2D402_9ACTN   84.91%    passed     39.65%
2343  UP000295302|tr|A0A4R4YC68|A0A4R4YC68_9ACTN   84.91%    passed     33.93%
2344  UP000236732|tr|A0A1H6EM90|A0A1H6EM90_9ACTN   84.88%    passed     16.64%
2345  UP000238312|tr|A0A2T0N0W9|A0A2T0N0W9_9ACTN   84.88%    passed     18.89%
2346  UP001500064|tr|A0ABP4SZ26|A0ABP4SZ26_9ACTN   84.88%    passed     15.91%
2347  UP000198953|tr|A0A1H7GXG3|A0A1H7GXG3_9ACTN   84.94%    passed     11.20%
2348  UP000646523|tr|A0A917YWT4|A0A917YWT4_9ACTN   84.94%    passed      7.33%
2349  UP001589647|tr|A0ABV5IDR4|A0ABV5IDR4_9ACTN   84.96%    passed      8.43%
2350  UP000583800|tr|A0A7X0BZI6|A0A7X0BZI6_9ACTN   84.94%    failed      4.02%
2351  UP000579945|tr|A0A7W5YA72|A0A7W5YA72_9ACTN   84.94%    passed     15.13%
2352  UP001501666|tr|A0ABN3RHB3|A0ABN3RHB3_9ACTN   84.94%    passed     16.31%
2353  UP001589646|tr|A0ABV5Q0H9|A0ABV5Q0H9_9ACTN   84.94%    passed     17.35%
2354  UP000661607|tr|A0ABR9KMZ9|A0ABR9KMZ9_9ACTN   84.94%    passed     17.17%
2355  UP001597368|tr|A0ABW4TI78|A0ABW4TI78_9ACTN   84.94%    passed     15.63%
2356  UP000660745|tr|A0A918A8U4|A0A918A8U4_9ACTN   84.94%    passed     10.90%
2357  UP001144036|tr|A0ABT4SER7|A0ABT4SER7_9ACTN   84.91%    passed      5.66%
2358  UP001212498|tr|A0ABT4T7T5|A0ABT4T7T5_9ACTN   84.91%    passed     12.65%
2359  UP001596096|tr|A0ABW1BX19|A0ABW1BX19_9ACTN   84.91%    passed     16.22%
2360  UP001320766|tr|A0ABT1K363|A0ABT1K363_9ACTN   84.72%    passed      9.49%
2361  UP001597097|tr|A0ABW4GRH2|A0ABW4GRH2_9ACTN   84.74%    passed      6.45%
2362  UP001551675|tr|A0ABV3GBK6|A0ABV3GBK6_MICGL   84.91%    passed     17.46%
2363  UP000253094|tr|A0A367FNT2|A0A367FNT2_9ACTN   84.52%    failed      3.20%
2364  UP000542210|tr|A0A7W7G9Q6|A0A7W7G9Q6_9ACTN   84.91%    failed      2.08%
2365  UP000588112|tr|A0A7W9DQB9|A0A7W9DQB9_9ACTN   84.91%    failed      2.63%
2366  UP000645217|tr|A0A917VEC0|A0A917VEC0_9ACTN   84.91%    passed     15.25%
2367  UP001596004|tr|A0ABV9CIP8|A0ABV9CIP8_9ACTN   84.91%    passed     16.57%
2368  UP001596496|tr|A0ABW2PG09|A0ABW2PG09_9ACTN   84.91%    passed      7.54%
2369  UP001500888|tr|A0ABP7J8Z0|A0ABP7J8Z0_9ACTN   84.91%    passed     17.96%
2370  UP001595891|tr|A0ABV9EGD9|A0ABV9EGD9_9ACTN   84.91%    failed      4.65%
2371  UP000555564|tr|A0A7X0MAR0|A0A7X0MAR0_9ACTN   84.91%    passed      7.42%
2372  UP001596137|tr|A0ABW1NH99|A0ABW1NH99_9ACTN   84.91%    failed      3.31%
2373  UP000534286|tr|A0A7W7RTB3|A0A7W7RTB3_9ACTN   84.74%    passed     12.90%
2374  UP000540685|tr|A0A7W9MI49|A0A7W9MI49_9ACTN   84.74%    passed     10.50%
2375  UP000308705|tr|A0A4U3LX02|A0A4U3LX02_9ACTN   85.02%    passed      9.16%
2376  UP000479526|tr|A0A7C9J7M0|A0A7C9J7M0_9ACTN   85.02%    passed      9.16%
2377  UP000331127|tr|A0A5M3WL70|A0A5M3WL70_9ACTN   85.05%    passed     20.73%
2378  UP000377595|tr|A0A5M3XPW9|A0A5M3XPW9_9ACTN   85.05%    passed     23.09%
2379  UP000334990|tr|A0A5M3W720|A0A5M3W720_9ACTN   85.05%    passed     15.52%
2380  UP000640052|tr|A0A919UNV3|A0A919UNV3_9ACTN   85.05%    passed     21.01%
2381  UP001612741|tr|A0ABW7YX77|A0ABW7YX77_9ACTN   84.99%    passed      8.19%
2382  UP000198923|tr|A0A1G7XZ61|A0A1G7XZ61_9ACTN   84.88%    passed      7.30%
2383  UP000606172|tr|A0A919V767|A0A919V767_9ACTN   84.88%    passed      5.89%
2384  UP000568380|tr|A0A7W8EIS1|A0A7W8EIS1_9ACTN   84.99%    passed     10.81%
2385  UP000530928|tr|A0A7W0HU42|A0A7W0HU42_9ACTN   84.85%    passed     12.06%
2386  UP001602013|tr|A0ABW6SJP0|A0ABW6SJP0_9ACTN   84.72%    passed     25.83%
2387  UP001602119|tr|A0ABW6V3Q1|A0ABW6V3Q1_MICFU   84.72%    passed     41.73%
2388  UP001501578|tr|A0ABP4AWD2|A0ABP4AWD2_9ACTN   85.05%    passed      7.73%
2389  UP000655287|tr|A0A919R3K9|A0A919R3K9_9ACTN   84.91%    failed      0.49%
2390  UP000644610|tr|A0A8J3UIT5|A0A8J3UIT5_9ACTN   84.77%    passed     18.86%
2391  UP000650628|tr|A0A8J3TQX9|A0A8J3TQX9_9ACTN   84.77%    passed     18.67%
2392  UP000006640|tr|D6Y841|D6Y841_THEBD           84.91%    passed     27.09%
2393  UP000217103|tr|A0A1H1B531|A0A1H1B531_9ACTN   84.88%    passed      5.10%
2394  UP000319213|tr|A0A543ISX4|A0A543ISX4_9ACTN   84.91%    failed      2.04%
2395  UP000248544|tr|A0A2W2G3N1|A0A2W2G3N1_9ACTN   84.74%    failed      3.46%
2396  UP000070188|tr|A0A132MNC4|A0A132MNC4_9ACTN   84.91%    failed      1.70%
2397  UP000243342|tr|A0A1J7CGL2|A0A1J7CGL2_9ACTN   84.66%    passed      6.08%
2398  UP000000851|tr|C7Q0M0|C7Q0M0_CATAD           84.94%    passed     16.78%
2399  UP000730482|tr|A0ABS5KKM1|A0ABS5KKM1_9ACTN   84.94%    passed     27.60%
2400  UP001499854|tr|A0ABP5D0R5|A0ABP5D0R5_9ACTN   84.94%    passed     27.12%
2401  UP001500751|tr|A0ABN2V2M1|A0ABN2V2M1_9ACTN   84.94%    passed     21.14%
2402  UP000322244|tr|A0A5A7SGY2|A0A5A7SGY2_9NOCA   84.94%    passed     22.25%
2403  UP000675781|tr|A0A941EQ43|A0A941EQ43_9ACTN   84.74%    failed      2.16%
2404  UP000676325|tr|A0A941ECG1|A0A941ECG1_9ACTN   84.96%    passed     14.50%
2405  UP000677913|tr|A0A8J7WLR1|A0A8J7WLR1_9ACTN   84.77%    passed      5.55%
2406  UP000190037|tr|A0A1T3P0E1|A0A1T3P0E1_9ACTN   84.88%    passed     23.72%
2407  UP000286931|tr|A0A401YWN5|A0A401YWN5_9ACTN   84.88%    passed     31.09%
2408  UP001165378|tr|A0AA41U097|A0AA41U097_9ACTN   84.88%    passed     17.04%
2409  UP001500466|tr|A0ABP9H800|A0ABP9H800_9ACTN   84.88%    passed     17.34%
2410  UP001551482|tr|A0ABV3DG04|A0ABV3DG04_9ACTN   84.88%    passed     23.19%
2411  UP000195880|tr|A0A1Z1WI94|A0A1Z1WI94_9ACTN   87.46%    passed     15.25%
2412  UP000001213|tr|D5UUZ3|D5UUZ3_TSUPD           84.55%    passed     34.31%
2413  UP001178281|tr|A0AA90S9Q3|A0AA90S9Q3_9ACTN   84.55%    passed     28.28%
2414  UP000183053|tr|A0A1H1CS42|A0A1H1CS42_9ACTN   84.55%    passed     29.95%
2415  UP000676853|tr|A0ABS5NBR7|A0ABS5NBR7_TSUPA   84.55%    passed     31.52%
2416  UP000182241|tr|A0A1H4PEM4|A0A1H4PEM4_TSUTY   84.55%    passed     38.53%
2417  UP000319375|tr|A0A5C5S351|A0A5C5S351_9ACTN   84.55%    passed     37.48%
2418  UP000556611|tr|A0ABX1LL03|A0ABX1LL03_9ACTN   84.55%    passed     37.48%
2419  UP000319792|tr|A0A5C5RM78|A0A5C5RM78_9ACTN   84.55%    passed     35.06%
2420  UP000317291|tr|A0A5C5R7D6|A0A5C5R7D6_9ACTN   84.55%    passed     40.65%
2421  UP000070409|tr|A0A138A0E4|A0A138A0E4_9ACTN   84.31%    passed     34.39%
2422  UP000582646|tr|A0A846X8J4|A0A846X8J4_9ACTN   84.31%    passed     33.18%
2423  UP001500635|tr|A0ABP8K0R8|A0ABP8K0R8_9ACTN   84.50%    passed     37.71%
2424  UP000004881|tr|A0ABQ0H9Q4|A0ABQ0H9Q4_9ACTN   84.52%    passed     16.28%
2425  UP000194632|tr|A0A243QCP2|A0A243QCP2_9ACTN   84.52%    passed     14.23%
2426  UP001152308|tr|A0ABT6BQB1|A0ABT6BQB1_9ACTN   84.44%    passed     15.00%
2427  UP000010744|tr|A0ABQ0HQ46|A0ABQ0HQ46_GORRU   83.89%    passed     29.50%
2428  UP001265083|tr|A0ABU2GLP9|A0ABU2GLP9_9ACTN   84.52%    passed     18.16%
2429  UP000035058|tr|K6VUB0|K6VUB0_9ACTN           83.92%    passed     23.95%
2430  UP000035035|tr|W9DJE6|W9DJE6_9ACTN           84.52%    passed     21.90%
2431  UP001185779|tr|A0ABU4DAQ8|A0ABU4DAQ8_9ACTN   84.52%    passed     21.03%
2432  UP000515663|tr|A0A7D7R1X5|A0A7D7R1X5_9ACTN   84.52%    passed     14.67%
2433  UP000035021|tr|A0ABQ0IK14|A0ABQ0IK14_9ACTN   84.52%    passed     18.64%
2434  UP000247591|tr|A0A318RX30|A0A318RX30_WILLI   84.42%    passed     19.49%
2435  UP001067235|tr|A0ABT4N2S7|A0ABT4N2S7_GORRU   84.42%    passed     16.50%
2436  UP000005038|tr|H5TP60|H5TP60_GORO1           84.50%    passed     19.08%
2437  UP000010988|tr|L7KKP7|L7KKP7_9ACTN           84.50%    passed     17.09%
2438  UP000005845|tr|H5U541|H5U541_9ACTN           84.61%    passed     24.60%
2439  UP000037247|tr|A0ABR5IAM6|A0ABR5IAM6_9ACTN   84.61%    passed     23.57%
2440  UP000466307|tr|A0A7K3LLR4|A0A7K3LLR4_9ACTN   84.50%    passed     14.92%
2441  UP000009154|tr|H6MTD1|H6MTD1_GORPV           84.50%    passed     21.54%
2442  UP000267536|tr|A0A3N4GQU0|A0A3N4GQU0_9ACTN   84.50%    passed     21.40%
2443  UP000008363|tr|K6V1Q1|K6V1Q1_9ACTN           84.50%    passed     23.01%
2444  UP000475545|tr|A0A6L7GVE1|A0A6L7GVE1_9ACTN   84.63%    passed     27.04%
2445  UP001108089|tr|A0ABS9DK22|A0ABS9DK22_9ACTN   84.63%    passed     14.59%
2446  UP001143347|tr|A0A9X3I2W6|A0A9X3I2W6_9ACTN   84.63%    passed     15.53%
2447  UP000035088|tr|G7GZ61|G7GZ61_9ACTN           84.50%    passed     20.30%
2448  UP000444980|tr|A0A7I9UW47|A0A7I9UW47_9ACTN   84.39%    passed     23.82%
2449  UP000550729|tr|A0A848L187|A0A848L187_9ACTN   84.50%    passed     20.94%
2450  UP000035009|tr|M3VHI9|M3VHI9_GORML           84.42%    passed     42.24%
2451  UP000444960|tr|A0A7I9V6B2|A0A7I9V6B2_9ACTN   84.50%    passed     32.85%
2452  UP000239814|tr|A0A2S0KE27|A0A2S0KE27_9ACTN   84.50%    passed     35.61%
2453  UP001418444|tr|A0ABP7PH36|A0ABP7PH36_9ACTN   84.50%    passed     29.18%
2454  UP001500822|tr|A0ABP8ZCT0|A0ABP8ZCT0_9ACTN   84.50%    passed     28.22%
2455  UP001589783|tr|A0ABV6H7T7|A0ABV6H7T7_9ACTN   84.50%    passed     29.85%
2456  UP000035034|tr|H0R6N0|H0R6N0_9ACTN           84.50%    passed     25.41%
2457  UP000035065|tr|F1YFL4|F1YFL4_9ACTN           84.50%    passed     30.70%
2458  UP000035083|tr|L7LLX1|L7LLX1_9ACTN           84.50%    passed     30.07%
2459  UP001501170|tr|A0ABN3HGI7|A0ABN3HGI7_9ACTN   84.50%    passed     30.07%
2460  UP000063789|tr|A0A0N9NEJ5|A0A0N9NEJ5_9ACTN   84.50%    passed     30.55%
2461  UP001479933|tr|A0ABZ2U5M0|A0ABZ2U5M0_9ACTN   84.50%    passed     28.89%
2462  UP000551501|tr|A0A840EYY8|A0A840EYY8_9ACTN   84.52%    passed     45.48%
2463  UP001200110|tr|A0ABS9IY43|A0ABS9IY43_9ACTN   84.52%    passed     43.06%
2464  UP000053405|tr|L7LD00|L7LD00_9ACTN           84.50%    passed     29.23%
2465  UP000006023|tr|G7GNS7|G7GNS7_9ACTN           84.52%    passed     22.37%
2466  UP001059836|tr|A0ABX6IGX6|A0ABX6IGX6_9ACTN   84.52%    passed     13.55%
2467  UP001501035|tr|A0ABN3Y9M9|A0ABN3Y9M9_9ACTN   84.42%    passed      5.75%
2468  UP000267128|tr|A0A3N0CDF8|A0A3N0CDF8_9ACTN   84.31%    passed     15.01%
2469  UP000030300|tr|A0A0A1DGP3|A0A0A1DGP3_NOCSI   84.58%    passed     30.48%
2470  UP001500301|tr|A0ABP6VE05|A0ABP6VE05_9ACTN   84.58%    passed     35.30%
2471  UP000313231|tr|A0A5C4VLY3|A0A5C4VLY3_9ACTN   84.44%    passed     18.59%
2472  UP000307087|tr|A0A4S8NHP1|A0A4S8NHP1_9ACTN   84.61%    passed     29.42%
2473  UP000582231|tr|A0A852RJ28|A0A852RJ28_9ACTN   84.61%    passed     39.77%
2474  UP001597229|tr|A0ABW3W2B7|A0ABW3W2B7_9ACTN   84.61%    passed     28.06%
2475  UP000662818|tr|A0ABX7PPE4|A0ABX7PPE4_9ACTN   84.61%    passed     35.75%
2476  UP000780875|tr|A0ABS7UFQ7|A0ABS7UFQ7_9ACTN   89.48%    passed     22.45%
2477  UP001499882|tr|A0ABP8ZFE7|A0ABP8ZFE7_9ACTN   84.33%    passed     10.80%
2478  UP001596135|tr|A0ABW1LHT4|A0ABW1LHT4_9ACTN   84.61%    passed     17.59%
2479  UP001499974|tr|A0ABP8XPW2|A0ABP8XPW2_9ACTN   84.61%    passed     13.88%
2480  UP000663791|tr|A0A938Y4D0|A0A938Y4D0_9ACTN   84.58%    passed     28.74%
2481  UP000277094|tr|A0A3N0DZ43|A0A3N0DZ43_9ACTN   84.52%    passed     38.54%
2482  UP001596072|tr|A0ABW0ZAH6|A0ABW0ZAH6_9ACTN   84.58%    passed     19.96%
2483  UP001500842|tr|A0ABN1ZV57|A0ABN1ZV57_9ACTN   84.39%    passed     16.82%
2484  UP000473525|tr|A0A6L6XQK1|A0A6L6XQK1_9ACTN   84.28%    passed     11.27%
2485  UP001595956|tr|A0ABW0N4G7|A0ABW0N4G7_9ACTN   84.42%    passed     11.68%
2486  UP001499979|tr|A0ABP4F6U6|A0ABP4F6U6_9ACTN   84.63%    passed     12.71%
2487  UP001501495|tr|A0ABP7XGZ7|A0ABP7XGZ7_9ACTN   84.63%    passed     29.87%
2488  UP001500621|tr|A0ABP8W409|A0ABP8W409_9ACTN   84.61%    passed      8.45%
2489  UP000589626|tr|A0A7W4Z0D1|A0A7W4Z0D1_9ACTN   84.47%    passed     25.46%
2490  UP000199034|tr|A0A1G6V5Z3|A0A1G6V5Z3_9ACTN   84.47%    passed     18.43%
2491  UP000433406|tr|A0A6I3J4Z5|A0A6I3J4Z5_9ACTN   84.61%    passed     13.98%
2492  UP000604001|tr|A0ABR6U7G2|A0ABR6U7G2_9ACTN   84.47%    passed     11.76%
2493  UP001168537|tr|A0ABT8EPU1|A0ABT8EPU1_9ACTN   84.61%    passed     10.96%
2494  UP001168620|tr|A0ABT8FA59|A0ABT8FA59_9ACTN   84.61%    passed     11.08%
2495  UP000468687|tr|A0A6P0HMX5|A0A6P0HMX5_9ACTN   84.42%    passed     16.52%
2496  UP001261666|tr|A0ACC6ID91|A0ACC6ID91_9ACTN   84.22%    passed     12.47%
2497  UP001268542|tr|A0ABU3PYX3|A0ABU3PYX3_9ACTN   84.25%    passed      5.39%
2498  UP000199004|tr|A0A1H0AA25|A0A1H0AA25_9ACTN   84.47%    passed     21.98%
2499  UP000523955|tr|A0A7X0V9X6|A0A7X0V9X6_9ACTN   84.61%    passed      9.95%
2500  UP000535511|tr|A0A7Y9E8H2|A0A7Y9E8H2_9ACTN   84.52%    failed      1.86%
2501  UP001501771|tr|A0ABN2ZHL2|A0ABN2ZHL2_9ACTN   84.66%    passed     18.37%
2502  UP000580910|tr|A0A7W3J1F9|A0A7W3J1F9_9ACTN   84.61%    passed     20.49%
2503  UP000295198|tr|A0A4V1XZX8|A0A4V1XZX8_9ACTN   84.61%    passed     12.10%
2504  UP001596087|tr|A0ABW0BK47|A0ABW0BK47_9ACTN   84.50%    failed      4.89%
2505  UP001482520|tr|A0ABV1NYS6|A0ABV1NYS6_9ACTN   84.50%    failed      4.93%
2506  UP000245507|tr|A0A316TLV6|A0A316TLV6_9ACTN   84.63%    passed     20.68%
2507  UP001327225|tr|A0ABZ0ZPQ4|A0ABZ0ZPQ4_9ACTN   84.63%    passed     22.10%
2508  UP000283644|tr|A0A417XV87|A0A417XV87_9ACTN   84.63%    passed     31.95%
2509  UP000325003|tr|A0A5B1LL99|A0A5B1LL99_9ACTN   84.03%    passed     26.36%
2510  UP000324351|tr|A0A5B1M3N7|A0A5B1M3N7_9ACTN   83.87%    passed      9.26%
2511  UP000295453|tr|A0A4V2NY81|A0A4V2NY81_9ACTN   84.52%    passed     19.34%
2512  UP001233314|tr|A0ABT9B6C5|A0ABT9B6C5_9ACTN   84.61%    passed     26.61%
2513  UP000655410|tr|A0ABQ2NF78|A0ABQ2NF78_9ACTN   84.63%    passed     19.39%
2514  UP001501821|tr|A0ABP7IEF0|A0ABP7IEF0_9ACTN   84.39%    passed     14.82%
2515  UP000276542|tr|A0A3A5HAU4|A0A3A5HAU4_9ACTN   84.36%    passed     17.96%
2516  UP000077868|tr|A0A1A9GJK2|A0A1A9GJK2_9ACTN   84.63%    passed     16.76%
2517  UP000516957|tr|A0A7Y9F1H5|A0A7Y9F1H5_9ACTN   84.63%    passed     21.88%
2518  UP000732378|tr|A0ABS2M835|A0ABS2M835_9ACTN   84.63%    passed     24.98%
2519  UP001168363|tr|A0ABT8TPX0|A0ABT8TPX0_9ACTN   84.63%    passed     25.57%
2520  UP000537326|tr|A0A7Y9YGB3|A0A7Y9YGB3_9ACTN   84.69%    passed     15.02%
2521  UP001139485|tr|A0A9X2IHP3|A0A9X2IHP3_9ACTN   84.63%    passed     16.15%
2522  UP000198859|tr|A0A1H1SPD1|A0A1H1SPD1_9ACTN   84.72%    passed      6.05%
2523  UP000473325|tr|A0A6L7F013|A0A6L7F013_9ACTN   84.03%    failed      1.16%
2524  UP000307808|tr|A0A4U2YHG4|A0A4U2YHG4_9ACTN   84.20%    passed     20.39%
2525  UP000630594|tr|A0ABQ1Q5E1|A0ABQ1Q5E1_9ACTN   84.47%    passed     17.01%
2526  UP000756387|tr|A0ABR9RQS4|A0ABR9RQS4_9ACTN   84.39%    passed     23.26%
2527  UP001596098|tr|A0ABW1QT51|A0ABW1QT51_9ACTN   84.58%    passed     30.09%
2528  UP001501581|tr|A0ABP4ENV5|A0ABP4ENV5_9ACTN   84.25%    passed     16.58%
2529  UP000530424|tr|A0A853C4Q2|A0A853C4Q2_9ACTN   84.50%    passed     32.74%
2530  UP000294894|tr|A0A4P7GNI2|A0A4P7GNI2_9ACTN   84.58%    passed      6.28%
2531  UP001597351|tr|A0ABW4TJP4|A0ABW4TJP4_9ACTN   84.61%    passed      5.80%
2532  UP000616839|tr|A0A927K9T0|A0A927K9T0_9ACTN   84.55%    failed      1.40%
2533  UP000544110|tr|A0A7Y9RUA1|A0A7Y9RUA1_9ACTN   84.52%    failed      4.38%
2534  UP001589750|tr|A0ABV5KA61|A0ABV5KA61_9ACTN   84.61%    failed      2.53%
2535  UP000271573|tr|A0A3G9IGC2|A0A3G9IGC2_9ACTN   84.63%    passed     37.63%
2536  UP000198742|tr|A0A1H4K380|A0A1H4K380_9ACTN   83.21%    failed      2.90%
2537  UP000294071|tr|A0A4V1RL96|A0A4V1RL96_9ACTN   84.55%    passed     14.73%
2538  UP000649289|tr|A0ABR8MM17|A0ABR8MM17_9ACTN   84.72%    passed      5.82%
2539  UP000297496|tr|A0A4Z1C4Q2|A0A4Z1C4Q2_9ACTN   84.42%    passed      6.39%
2540  UP000549911|tr|A0A7Y9GZX6|A0A7Y9GZX6_9ACTN   84.42%    passed      5.70%
2541  UP000597341|tr|A0ABQ3HK68|A0ABQ3HK68_9ACTN   84.42%    passed      8.72%
2542  UP001501161|tr|A0ABP5J4M3|A0ABP5J4M3_9ACTN   84.31%    failed      3.25%
2543  UP000618818|tr|A0ABR8N4E2|A0ABR8N4E2_9ACTN   83.48%    failed      0.32%
2544  UP001074726|tr|A0ABT4CDM9|A0ABT4CDM9_9ACTN   84.44%    passed      5.43%
2545  UP001201161|tr|A0ABS9H5T4|A0ABS9H5T4_9ACTN   84.31%    failed      3.97%
2546  UP001204524|tr|A0ABT1KYQ7|A0ABT1KYQ7_9ACTN   84.39%    passed      9.85%
2547  UP001589698|tr|A0ABV6DYU2|A0ABV6DYU2_9ACTN   84.55%    passed      6.81%
2548  UP000233565|tr|A0A1I0VMH5|A0A1I0VMH5_9ACTN   83.73%    failed      1.61%
2549  UP000291101|tr|A0A4Q2SVH7|A0A4Q2SVH7_9ACTN   84.42%    passed      5.11%
2550  UP001291999|tr|A0ABU5K6J1|A0ABU5K6J1_9ACTN   84.33%    failed      1.46%
2551  UP000636918|tr|A0ABS1LD07|A0ABS1LD07_9ACTN   84.69%    passed      7.60%
2552  UP001596524|tr|A0ABW2N2K4|A0ABW2N2K4_9ACTN   84.42%    passed      7.42%
2553  UP000291838|tr|A0A4Q2RXI5|A0A4Q2RXI5_9ACTN   84.14%    passed      5.08%
2554  UP000293291|tr|A0A4Q2SA56|A0A4Q2SA56_9ACTN   84.39%    passed      8.99%
2555  UP000246018|tr|A0A2T8F7E6|A0A2T8F7E6_9ACTN   84.44%    passed     12.30%
2556  UP000294853|tr|A0A4P7IBV4|A0A4P7IBV4_9ACTN   84.22%    failed      2.76%
2557  UP000502035|tr|A0A6G7YBM9|A0A6G7YBM9_9ACTN   84.17%    failed      2.65%
2558  UP000198649|tr|A0A1I3IJC7|A0A1I3IJC7_9ACTN   84.28%    passed      9.18%
2559  UP000279994|tr|A0A3N0GKM7|A0A3N0GKM7_9ACTN   84.17%    passed     14.17%
2560  UP000640489|tr|A0A930YL56|A0A930YL56_9ACTN   84.61%    passed     10.18%
2561  UP000660668|tr|A0A930VPG3|A0A930VPG3_9ACTN   84.50%    failed      3.52%
2562  UP001183648|tr|A0ABU2BX72|A0ABU2BX72_9ACTN   84.44%    passed     13.99%
2563  UP000540656|tr|A0A7Y9S2A3|A0A7Y9S2A3_9ACTN   84.31%    passed     25.15%
2564  UP000198832|tr|A0A1I1DWD1|A0A1I1DWD1_9ACTN   84.42%    failed      2.64%
2565  UP001500571|tr|A0ABP5CZW1|A0ABP5CZW1_9ACTN   84.44%    passed      8.97%
2566  UP000003111|tr|E2SBG7|E2SBG7_9ACTN           84.63%    passed      5.26%
2567  UP000067689|tr|A0A0U3T484|A0A0U3T484_9ACTN   84.44%    failed      2.63%
2568  UP001501480|tr|A0ABN2W415|A0ABN2W415_9ACTN   84.50%    passed     14.48%
2569  UP000033772|tr|A0A1J4N405|A0A1J4N405_9ACTN   84.61%    passed     19.27%
2570  UP000483261|tr|A0A6M1RA08|A0A6M1RA08_9ACTN   84.61%    passed     24.33%
2571  UP001142292|tr|A0ABQ5SUV4|A0ABQ5SUV4_9ACTN   84.61%    passed     24.15%
2572  UP000564496|tr|A0A7Z0IQQ1|A0A7Z0IQQ1_9ACTN   84.61%    passed     23.24%
2573  UP000577707|tr|A0A7W5A925|A0A7W5A925_9ACTN   84.61%    passed     22.73%
2574  UP000320209|tr|A0A543AB43|A0A543AB43_9ACTN   84.61%    passed     17.37%
2575  UP000244867|tr|A0A2R7Z0T1|A0A2R7Z0T1_9ACTN   84.52%    failed      4.33%
2576  UP001500575|tr|A0ABN2YNM6|A0ABN2YNM6_9ACTN   84.17%    failed      1.86%
2577  UP000656804|tr|A0A930Y8Y0|A0A930Y8Y0_9ACTN   84.66%    passed      7.97%
2578  UP000006820|tr|Q5YUT8|Q5YUT8_NOCFA           84.72%    passed     68.06%
2579  UP000219565|tr|A0A285L3Q7|A0A285L3Q7_9NOCA   84.72%    passed     51.39%
2580  UP000316331|tr|A0A543FEC7|A0A543FEC7_9NOCA   84.72%    passed     50.03%
2581  UP001611415|tr|A0ABW7X078|A0ABW7X078_9NOCA   84.72%    passed     46.26%
2582  UP001432062|tr|A0ABZ1YPQ7|A0ABZ1YPQ7_9NOCA   84.72%    passed     32.39%
2583  UP000540698|tr|A0A7X6KZ20|A0A7X6KZ20_9NOCA   84.72%    passed     28.57%
2584  UP000807309|tr|A0ABS0C7Q0|A0ABS0C7Q0_9NOCA   84.72%    passed     31.38%
2585  UP001317870|tr|A0ABN6U1S6|A0ABN6U1S6_9NOCA   84.72%    passed     34.89%
2586  UP001550535|tr|A0ABV2X7E2|A0ABV2X7E2_9NOCA   84.72%    passed     30.70%
2587  UP001348098|tr|A0ABU6AUT0|A0ABU6AUT0_9NOCA   84.72%    passed     33.15%
2588  UP001611450|tr|A0ABW7WA09|A0ABW7WA09_9NOCA   84.72%    passed     33.75%
2589  UP000702209|tr|A0ABS0CZH3|A0ABS0CZH3_9NOCA   84.72%    passed     40.86%
2590  UP000019150|tr|W5TLP3|W5TLP3_9NOCA           84.72%    passed     51.33%
2591  UP000215506|tr|A0A231H2C9|A0A231H2C9_9NOCA   84.72%    passed     47.66%
2592  UP001601521|tr|A0ABW6NJK7|A0ABW6NJK7_9NOCA   84.72%    passed     49.48%
2593  UP001251217|tr|A0ABU1X9F9|A0ABU1X9F9_9NOCA   84.72%    passed     46.26%
2594  UP001601442|tr|A0ABW6P8Y7|A0ABW6P8Y7_9NOCA   84.72%    passed     46.26%
2595  UP001602089|tr|A0ABW6TEU7|A0ABW6TEU7_9NOCA   84.72%    passed     46.26%
2596  UP000238356|tr|A0A2S6A5M6|A0A2S6A5M6_9NOCA   84.63%    passed     43.71%
2597  UP000523447|tr|A0A7X6LYX7|A0A7X6LYX7_9NOCA   84.72%    passed     45.87%
2598  UP000438448|tr|A0A7K0CXC0|A0A7K0CXC0_9NOCA   84.72%    passed     25.28%
2599  UP001601992|tr|A0ABW6RXW3|A0ABW6RXW3_9NOCA   84.72%    passed     38.33%
2600  UP000733379|tr|A0ABS6AVD9|A0ABS6AVD9_9NOCA   84.72%    passed     44.68%
2601  UP000255355|tr|A0A370H917|A0A370H917_9NOCA   84.72%    passed     39.63%
2602  UP000076512|tr|A0A164N5K7|A0A164N5K7_9NOCA   84.72%    passed     16.06%
2603  UP000254869|tr|A0A370IAB1|A0A370IAB1_9NOCA   84.72%    passed     45.19%
2604  UP000255467|tr|A0A379JKT9|A0A379JKT9_9NOCA   84.72%    passed     57.83%
2605  UP001139157|tr|A0A9X2E378|A0A9X2E378_9NOCA   84.72%    passed     24.40%
2606  UP000515512|tr|A0A7D6ZDZ7|A0A7D6ZDZ7_9NOCA   84.72%    passed     55.27%
2607  UP000602198|tr|A0ABS1LZU2|A0ABS1LZU2_9NOCA   84.72%    passed     70.85%
2608  UP000516173|tr|A0A7G1KJF8|A0A7G1KJF8_9NOCA   84.63%    passed     10.82%
2609  UP000540412|tr|A0A7W9PJ42|A0A7W9PJ42_9NOCA   84.72%    passed     28.26%
2610  UP000031364|tr|A0ABR4Z7H7|A0ABR4Z7H7_9NOCA   84.72%    passed     31.90%
2611  UP000247569|tr|A0A318JYN9|A0A318JYN9_9NOCA   84.72%    passed     36.30%
2612  UP000321424|tr|A0A511MSF1|A0A511MSF1_9NOCA   84.72%    passed     35.14%
2613  UP001601948|tr|A0ABW6QRQ0|A0ABW6QRQ0_9NOCA   84.72%    passed     35.14%
2614  UP000694257|tr|A0ABX8RHI1|A0ABX8RHI1_NOCIO   84.72%    passed     31.53%
2615  UP000323876|tr|A0A5N0EAZ6|A0A5N0EAZ6_9NOCA   84.72%    passed     43.70%
2616  UP000252586|tr|A0A366DWA5|A0A366DWA5_9NOCA   84.72%    passed     19.27%
2617  UP001519325|tr|A0ABS4QIK8|A0ABS4QIK8_9NOCA   84.72%    passed     48.18%
2618  UP000188836|tr|A0A1W0BMA7|A0A1W0BMA7_9NOCA   84.63%    passed     30.68%
2619  UP000503540|tr|A0A6G9YJ65|A0A6G9YJ65_9NOCA   83.79%    passed     12.42%
2620  UP000037179|tr|A0ABC9YMX9|A0ABC9YMX9_9NOCA   84.72%    passed     68.31%
2621  UP000466794|tr|A0A7K1VAX6|A0A7K1VAX6_9NOCA   84.72%    passed     68.20%
2622  UP000267164|tr|A0A386ZMN5|A0A386ZMN5_9NOCA   84.72%    passed     59.67%
2623  UP000432464|tr|A0A6I3KUF6|A0A6I3KUF6_9NOCA   84.72%    passed     52.16%
2624  UP001551695|tr|A0ABV3FN73|A0ABV3FN73_9NOCA   84.72%    passed     31.86%
2625  UP000565711|tr|A0A846XX02|A0A846XX02_9NOCA   84.72%    passed     44.50%
2626  UP000266677|tr|A0A3A4JWT1|A0A3A4JWT1_9NOCA   84.72%    passed     29.36%
2627  UP000655751|tr|A0A931I798|A0A931I798_9NOCA   84.72%    passed     23.53%
2628  UP001595696|tr|A0ABV8DSK0|A0ABV8DSK0_9NOCA   84.72%    passed     17.85%
2629  UP000565715|tr|A0A846XF97|A0A846XF97_9NOCA   84.72%    passed     33.53%
2630  UP000570678|tr|A0A846YJW1|A0A846YJW1_9NOCA   84.72%    passed     42.31%
2631  UP001611263|tr|A0ABW7TG24|A0ABW7TG24_9NOCA   84.72%    passed     35.00%
2632  UP001550628|tr|A0ABV2WHS6|A0ABV2WHS6_9NOCA   84.72%    passed     29.18%
2633  UP001551658|tr|A0ABV3F2I8|A0ABV3F2I8_9NOCA   84.72%    passed     30.09%
2634  UP001611494|tr|A0ABW7VWK7|A0ABW7VWK7_9NOCA   84.72%    passed     22.14%
2635  UP000638263|tr|A0A917R6J4|A0A917R6J4_9NOCA   84.72%    passed     41.96%
2636  UP000279275|tr|A0A3M2L6B5|A0A3M2L6B5_9NOCA   84.63%    passed     30.00%
2637  UP000431401|tr|A0A7K0E0E0|A0A7K0E0E0_9NOCA   84.83%    passed     28.92%
2638  UP000008190|tr|H6QZI8|H6QZI8_NOCCG           84.69%    passed     51.54%
2639  UP000707731|tr|A0ABS0D8F5|A0ABS0D8F5_9NOCA   84.72%    passed     55.95%
2640  UP000586827|tr|A0A849C370|A0A849C370_9NOCA   84.33%    passed     15.61%
2641  UP000017048|tr|U5E6Z5|U5E6Z5_NOCAS           84.72%    passed     52.40%
2642  UP000246410|tr|A0A317N2I8|A0A317N2I8_9NOCA   84.72%    passed     49.26%
2643  UP000658127|tr|A0ABQ2K4G5|A0ABQ2K4G5_9NOCA   84.72%    passed     55.45%
2644  UP001595767|tr|A0ABV8LDW4|A0ABV8LDW4_9NOCA   84.72%    passed     56.62%
2645  UP000295087|tr|A0A4R6PQP8|A0A4R6PQP8_NOCIG   84.72%    passed     47.60%
2646  UP000798951|tr|A0ABQ6YN32|A0ABQ6YN32_9NOCA   84.72%    passed     47.18%
2647  UP000572007|tr|A0A846W9A5|A0A846W9A5_9NOCA   84.63%    passed     44.04%
2648  UP001595844|tr|A0ABV8VE14|A0ABV8VE14_9NOCA   84.72%    passed     45.72%
2649  UP000183810|tr|A0A1J0VQW6|A0A1J0VQW6_9NOCA   84.72%    passed     54.48%
2650  UP000233766|tr|A0A2N3VJ14|A0A2N3VJ14_9NOCA   84.72%    passed     46.38%
2651  UP001621418|tr|A0ABZ1N492|A0ABZ1N492_9NOCA   84.72%    passed     51.91%
2652  UP000294856|tr|A0A4R1FPL7|A0A4R1FPL7_9NOCA   84.72%    passed     34.23%
2653  UP001596223|tr|A0ABW1JRS4|A0ABW1JRS4_9NOCA   84.72%    passed     43.94%
2654  UP000612956|tr|A0A917Q9J7|A0A917Q9J7_9NOCA   84.69%    passed     53.94%
2655  UP001601444|tr|A0ABW6PNJ6|A0ABW6PNJ6_9NOCA   84.39%    passed     33.17%
2656  UP000470876|tr|A0A6P1D2T5|A0A6P1D2T5_9NOCA   84.72%    passed     22.09%
2657  UP001500603|tr|A0ABP9K7L6|A0ABP9K7L6_9NOCA   84.63%    passed     17.51%
2658  UP000291189|tr|A0A4V1Z2F3|A0A4V1Z2F3_9ACTN   84.61%    passed     38.26%
2659  UP000754710|tr|A0ABS7RLE9|A0ABS7RLE9_9ACTN   84.66%    passed     31.91%
2660  UP000683575|tr|A0A975T031|A0A975T031_9ACTN   84.63%    passed     15.17%
2661  UP001240447|tr|A0ABT9NJQ0|A0ABT9NJQ0_9ACTN   84.61%    passed     36.55%
2662  UP000515947|tr|A0A7G9R7T8|A0A7G9R7T8_9ACTN   84.36%    failed      4.50%
2663  UP000007967|tr|D2PNB4|D2PNB4_KRIFD           84.83%    passed     21.49%
2664  UP000291144|tr|A0A4R0KMP2|A0A4R0KMP2_9ACTN   84.83%    passed     21.94%
2665  UP000293342|tr|A0A4R0JI78|A0A4R0JI78_9ACTN   84.83%    passed     21.08%
2666  UP000294508|tr|A0A4R2HSX9|A0A4R2HSX9_9ACTN   84.83%    passed     14.29%
2667  UP000295573|tr|A0A4R2IS17|A0A4R2IS17_9ACTN   84.83%    passed     15.79%
2668  UP000295172|tr|A0A4R4WHY7|A0A4R4WHY7_9ACTN   84.77%    passed     13.27%
2669  UP000292027|tr|A0A4Q7X839|A0A4Q7X839_9ACTN   84.83%    passed     25.13%
2670  UP000295146|tr|A0A4R8BXV4|A0A4R8BXV4_9ACTN   84.83%    passed     20.58%
2671  UP000295447|tr|A0A4R7ZE90|A0A4R7ZE90_9ACTN   84.80%    passed     21.09%
2672  UP000305836|tr|A0A4U3LM64|A0A4U3LM64_9ACTN   84.80%    passed     14.98%
2673  UP000292346|tr|A0A4R0HHR5|A0A4R0HHR5_9ACTN   84.80%    passed     30.56%
2674  UP000295060|tr|A0ABY2FAL3|A0ABY2FAL3_9ACTN   84.83%    passed     31.01%
2675  UP000292385|tr|A0A4R0JJU7|A0A4R0JJU7_9ACTN   84.83%    passed     29.56%
2676  UP000292695|tr|A0A4R0J2H1|A0A4R0J2H1_9ACTN   84.83%    passed     31.18%
2677  UP000316298|tr|A0A542EQD1|A0A542EQD1_9ACTN   84.85%    passed     52.93%
2678  UP001500190|tr|A0ABN2DV40|A0ABN2DV40_9ACTN   84.85%    passed     48.34%
2679  UP000555407|tr|A0A7X6A0K8|A0A7X6A0K8_9ACTN   84.85%    passed     44.47%
2680  UP000755585|tr|A0ABS4UF98|A0ABS4UF98_9ACTN   84.83%    passed     33.25%
2681  UP000558997|tr|A0A841E321|A0A841E321_9ACTN   84.85%    passed     38.63%
2682  UP001501705|tr|A0ABP4PRY2|A0ABP4PRY2_9ACTN   84.85%    passed     40.28%
2683  UP000318380|tr|A0A561B3E9|A0A561B3E9_9ACTN   84.83%    passed     24.94%
2684  UP000295151|tr|A0A4R7TGS3|A0A4R7TGS3_9ACTN   84.83%    passed     21.70%
2685  UP001500393|tr|A0ABN2EEK8|A0ABN2EEK8_9ACTN   84.80%    passed     17.08%
2686  UP001500542|tr|A0ABN1RP24|A0ABN1RP24_9ACTN   84.77%    passed     32.91%
2687  UP001501222|tr|A0ABP6WBA7|A0ABP6WBA7_9ACTN   84.77%    passed     34.55%
2688  UP000295818|tr|A0ABY2BAV1|A0ABY2BAV1_9ACTN   84.77%    passed     21.20%
2689  UP001501319|tr|A0ABN2F634|A0ABN2F634_9ACTN   84.83%    passed     48.09%
2690  UP000295388|tr|A0A4R6KBN2|A0A4R6KBN2_9ACTN   84.83%    passed     11.33%
2691  UP000549971|tr|A0A7W9J8D1|A0A7W9J8D1_9ACTN   84.77%    passed     13.82%
2692  UP001500363|tr|A0ABP4MQE6|A0ABP4MQE6_9ACTN   84.83%    passed     18.27%
2693  UP000515563|tr|A0A7G6WX11|A0A7G6WX11_9ACTN   84.72%    passed     22.28%
2694  UP000295075|tr|A0A4R4NWK6|A0A4R4NWK6_9ACTN   84.85%    passed     17.31%
2695  UP001500280|tr|A0ABN2HCA0|A0ABN2HCA0_9ACTN   84.85%    passed     20.54%
2696  UP000534306|tr|A0A7Y4L6L3|A0A7Y4L6L3_9ACTN   84.83%    passed     20.37%
2697  UP000295124|tr|A0A4R4YXR1|A0A4R4YXR1_9ACTN   84.85%    passed     21.21%
2698  UP001589890|tr|A0ABV6QMR4|A0ABV6QMR4_9ACTN   84.83%    passed     10.17%
2699  UP000184440|tr|A0A1M7QRL3|A0A1M7QRL3_9ACTN   84.94%    passed     13.26%
2700  UP001501676|tr|A0ABP6SUU0|A0ABP6SUU0_9ACTN   84.94%    passed     14.71%
2701  UP000317982|tr|A0A545AZ42|A0A545AZ42_9ACTN   84.94%    passed      9.08%
2702  UP001500967|tr|A0ABN0VBP2|A0ABN0VBP2_9ACTN   85.05%    passed     20.10%
2703  UP000460272|tr|A0A6P2CB30|A0A6P2CB30_9ACTN   84.99%    failed      1.37%
2704  UP001556631|tr|A0ABV3T1K5|A0ABV3T1K5_9ACTN   84.52%    passed      7.67%
2705  UP001596138|tr|A0ABW1SYD3|A0ABW1SYD3_9ACTN   84.80%    passed     16.57%
2706  UP000334019|tr|A0A5Q2RGJ7|A0A5Q2RGJ7_9ACTN   85.02%    passed     18.87%
2707  UP001500957|tr|A0ABN1GJS8|A0ABN1GJS8_9ACTN   84.88%    passed     10.57%
2708  UP000003343|tr|E6M184|E6M184_9ACTO           84.80%    passed     40.79%
2709  UP000006742|tr|D6ZIJ9|D6ZIJ9_MOBCV           84.80%    passed     48.90%
2710  UP000442535|tr|A0A7K0K549|A0A7K0K549_9ACTO   84.74%    passed     21.42%
2711  UP000003994|tr|K0YQG3|K0YQG3_9ACTO           84.74%    passed     32.58%
2712  UP000617426|tr|A0A923E624|A0A923E624_9ACTO   84.77%    passed      7.01%
2713  UP001596527|tr|A0ABW2SN88|A0ABW2SN88_9ACTO   84.72%    failed      2.29%
2714  UP000004245|tr|F1TJS2|F1TJS2_RHOHA           84.52%    passed     27.84%
2715  UP001629745|tr|A0ABW9FEI8|A0ABW9FEI8_9NOCA   84.52%    passed     37.35%
2716  UP001160334|tr|A0ABT6MFM4|A0ABT6MFM4_9NOCA   84.52%    passed     31.97%
2717  UP000286208|tr|A0A3S3AQM8|A0A3S3AQM8_9NOCA   84.52%    passed     41.81%
2718  UP001629744|tr|A0ABW9FPQ7|A0ABW9FPQ7_9NOCA   84.52%    passed     40.06%
2719  UP000249091|tr|A0A2X4TU38|A0A2X4TU38_9NOCA   84.52%    passed     26.86%
2720  UP000316256|tr|A0A541BNG1|A0A541BNG1_9NOCA   84.52%    passed     25.89%
2721  UP001336020|tr|A0ABU7LHQ2|A0ABU7LHQ2_9NOCA   84.52%    passed     27.86%
2722  UP001597286|tr|A0ABW4NZ59|A0ABW4NZ59_9NOCA   84.52%    passed     30.41%
2723  UP001501183|tr|A0ABP8PHD4|A0ABP8PHD4_9NOCA   84.52%    passed     26.61%
2724  UP000199417|tr|A0A1G7E4D8|A0A1G7E4D8_9NOCA   84.52%    passed     20.92%
2725  UP001595914|tr|A0ABV9FYF5|A0ABV9FYF5_9NOCA   84.52%    passed     11.31%
2726  UP000193566|tr|A0ABY1M9H4|A0ABY1M9H4_RHORH   84.52%    passed     19.26%
2727  UP000593818|tr|A0A495ND55|A0A495ND55_9NOCA   84.52%    passed     19.44%
2728  UP000254569|tr|A0A379M4B4|A0A379M4B4_9NOCA   84.52%    passed     18.15%
2729  UP001156484|tr|A0ACD4DJZ3|A0ACD4DJZ3_9NOCA   84.52%    passed     18.89%
2730  UP000198677|tr|A0A1H7N142|A0A1H7N142_9NOCA   84.52%    passed     14.19%
2731  UP001596484|tr|A0ABW2RXD7|A0ABW2RXD7_9NOCA   84.52%    passed     18.91%
2732  UP000305109|tr|A0ABY2RJ12|A0ABY2RJ12_9NOCA   84.52%    passed     20.35%
2733  UP001331936|tr|A0ABU7JSM9|A0ABU7JSM9_9NOCA   84.52%    passed     27.04%
2734  UP000183263|tr|A0A1G7ZH53|A0A1G7ZH53_9NOCA   84.52%    passed     22.89%
2735  UP000627573|tr|A0A0E4AEU0|A0A0E4AEU0_RHOER   84.52%    passed     22.05%
2736  UP000831484|tr|A0AB38R9F7|A0AB38R9F7_RHOSG   84.52%    passed     28.16%
2737  UP001589587|tr|A0ABV5XL35|A0ABV5XL35_9NOCA   84.52%    passed     25.90%
2738  UP001185927|tr|A0ABU4BQL9|A0ABU4BQL9_RHOGO   84.52%    passed     19.30%
2739  UP000283479|tr|A0A438AWM8|A0A438AWM8_9NOCA   84.52%    passed     21.38%
2740  UP000284333|tr|A0A3S3AF89|A0A3S3AF89_9NOCA   84.52%    passed     23.64%
2741  UP001152755|tr|A0A9X4REN2|A0A9X4REN2_9ACTN   84.52%    passed     19.82%
2742  UP000013525|tr|R7WLI2|R7WLI2_9NOCA           84.52%    passed     16.75%
2743  UP000011731|tr|M2ZD97|M2ZD97_9NOCA           84.52%    passed      8.12%
2744  UP001233164|tr|A0ABT7RSE3|A0ABT7RSE3_9NOCA   84.52%    passed      6.72%
2745  UP000325466|tr|A0ABQ0YRB9|A0ABQ0YRB9_9NOCA   84.52%    passed     10.41%
2746  UP000019491|tr|X0PQU0|X0PQU0_RHOWR           84.52%    passed      9.83%
2747  UP001066327|tr|A0AAX3YJH1|A0AAX3YJH1_RHOOP   84.52%    passed      8.43%
2748  UP001185737|tr|A0ABU4CAQ9|A0ABU4CAQ9_RHOJO   84.52%    passed      8.96%
2749  UP000183561|tr|A0A1H4PZA0|A0A1H4PZA0_9NOCA   84.52%    passed      8.50%
2750  UP000287519|tr|A0A402BZ04|A0A402BZ04_RHOWR   84.52%    passed      8.23%
2751  UP000662986|tr|A0A974ZSX6|A0A974ZSX6_9NOCA   84.52%    passed      8.23%
2752  UP000245711|tr|A0A2S2BYI7|A0A2S2BYI7_9NOCA   84.52%    passed     10.04%
2753  UP001524501|tr|A0ABT1QDZ5|A0ABT1QDZ5_9NOCA   84.52%    passed     10.40%
2754  UP000218810|tr|A0A2A2WPT3|A0A2A2WPT3_9ACTN   84.52%    passed     11.95%
2755  UP001500383|tr|A0ABP4VAY4|A0ABP4VAY4_9ACTN   84.52%    passed     12.38%
2756  UP000244903|tr|A0AAD0JQ92|A0AAD0JQ92_9ACTN   84.52%    passed     13.71%
2757  UP000315460|tr|A0ABY1MZA0|A0ABY1MZA0_9ACTN   84.52%    passed     13.18%
2758  UP001172702|tr|A0ABT8H1B3|A0ABT8H1B3_9ACTN   84.52%    passed     11.62%
2759  UP000244928|tr|A0A2S1R850|A0A2S1R850_9ACTN   84.52%    passed     15.25%
2760  UP001560293|tr|A0A4R3ZW02|A0A4R3ZW02_9ACTN   84.52%    passed     21.02%
2761  UP001589700|tr|A0ABV5JQK1|A0ABV5JQK1_9ACTN   84.52%    passed     17.43%
2762  UP001595836|tr|A0ABV9PV24|A0ABV9PV24_9ACTN   84.52%    passed     19.04%
2763  UP000317344|tr|A0A516X2A1|A0A516X2A1_9ACTN   84.52%    passed     23.47%
2764  UP001500839|tr|A0ABP9CMU4|A0ABP9CMU4_9ACTN   84.52%    passed     31.75%
2765  UP000185612|tr|A0A1Q5PYU0|A0A1Q5PYU0_9ACTO   84.52%    failed      3.67%
2766  UP000010301|tr|C0W0M0|C0W0M0_9ACTO           84.52%    passed     54.21%
2767  UP000280444|tr|A0A3P1SF73|A0A3P1SF73_9ACTO   84.52%    passed     19.82%
2768  UP000185628|tr|A0A1Q5Q3Y3|A0A1Q5Q3Y3_9ACTO   84.52%    passed     28.53%
2769  UP000199288|tr|A0A1H3YTF7|A0A1H3YTF7_9ACTO   84.52%    passed     30.06%
2770  UP000176288|tr|A0A1D9MJF5|A0A1D9MJF5_9ACTO   84.50%    passed     63.04%
2771  UP000186785|tr|A0A1Q5PQK2|A0A1Q5PQK2_9ACTO   84.50%    passed     68.51%
2772  UP000004367|tr|H5URB1|H5URB1_9MICO           83.65%    passed      5.64%
2773  UP001157126|tr|A0ABQ6ISU8|A0ABQ6ISU8_9MICO   83.89%    failed      4.36%
2774  UP000008495|tr|K6VS21|K6VS21_9MICO           84.31%    passed     45.92%
2775  UP000008366|tr|K6XB74|K6XB74_9MICO           84.36%    passed      8.40%
2776  UP000008914|tr|E6S926|E6S926_INTC7           83.62%    passed     17.76%
2777  UP001150259|tr|A0ABT5GLS0|A0ABT5GLS0_9MICO   84.36%    passed     23.71%
2778  UP000019489|tr|W9GA87|W9GA87_9MICO           84.28%    passed     33.21%
2779  UP000278440|tr|A0A495XXM7|A0A495XXM7_9MICO   84.42%    passed     10.94%
2780  UP000316747|tr|A0A543HV25|A0A543HV25_9MICO   84.39%    passed     20.42%
2781  UP000623461|tr|A0ABQ2HZJ6|A0ABQ2HZJ6_9MICO   84.39%    passed     22.16%
2782  UP001500730|tr|A0ABN3LDC5|A0ABN3LDC5_9MICO   84.39%    passed     21.96%
2783  UP001500427|tr|A0ABP9JD75|A0ABP9JD75_9MICO   84.39%    passed     13.61%
2784  UP001501468|tr|A0ABP7EPX1|A0ABP7EPX1_9MICO   84.39%    passed     19.88%
2785  UP001500013|tr|A0ABN2SGP4|A0ABN2SGP4_9MICO   84.33%    passed     17.55%
2786  UP001501285|tr|A0ABN2UCJ0|A0ABN2UCJ0_9MICO   84.36%    passed     22.58%
2787  UP000321534|tr|A0A512D1J2|A0A512D1J2_9MICO   84.39%    passed     29.21%
2788  UP001597046|tr|A0ABW3MRD3|A0ABW3MRD3_9MICO   84.39%    passed     23.28%
2789  UP000019494|tr|W9GKT0|W9GKT0_9MICO           84.31%    passed      9.71%
2790  UP000029990|tr|A0ABR4XFX2|A0ABR4XFX2_9MICO   84.36%    failed      3.71%
2791  UP000030011|tr|A0A0A0JPW1|A0A0A0JPW1_9MICO   84.36%    passed      5.29%
2792  UP000321793|tr|A0A512T1L3|A0A512T1L3_9MICO   84.36%    failed      2.56%
2793  UP000030002|tr|A0A0A0J969|A0A0A0J969_9MICO   84.25%    passed     10.74%
2794  UP001501475|tr|A0ABN2L046|A0ABN2L046_9MICO   84.28%    failed      2.75%
2795  UP000233781|tr|A0A2N3YHC4|A0A2N3YHC4_9MICO   84.47%    failed      1.21%
2796  UP001430172|tr|A0ABS2CJT0|A0ABS2CJT0_9MICO   84.47%    failed      3.02%
2797  UP000287866|tr|A0A8T6R810|A0A8T6R810_9MICO   84.44%    failed      0.05%
2798  UP001500390|tr|A0ABP8JHX7|A0ABP8JHX7_9MICO   84.33%    passed      6.40%
2799  UP001500945|tr|A0ABP8KIN5|A0ABP8KIN5_9MICO   84.36%    failed      3.21%
2800  UP000515976|tr|A0A7G9QZ37|A0A7G9QZ37_9MICO   84.47%    failed      0.23%
2801  UP000677016|tr|A0A941I086|A0A941I086_9MICO   84.36%    failed      0.13%
2802  UP000237822|tr|A0A2T0UR06|A0A2T0UR06_9MICO   84.11%    failed      0.04%
2803  UP000588586|tr|A0A849HI50|A0A849HI50_9MICO   84.17%    failed      3.90%
2804  UP000013167|tr|N0DXW5|N0DXW5_9MICO           84.22%    passed     10.94%
2805  UP000035720|tr|A0A077M8I3|A0A077M8I3_9MICO   84.66%    passed     11.35%
2806  UP000035763|tr|W6K3I3|W6K3I3_9MICO           84.63%    passed     15.15%
2807  UP001499938|tr|A0ABP4YDR6|A0ABP4YDR6_9MICO   84.66%    passed      7.15%
2808  UP000035721|tr|A0A077M6U2|A0A077M6U2_9MICO   84.36%    failed      0.83%
2809  UP000037397|tr|A0A0L6CF17|A0A0L6CF17_9MICO   84.55%    passed     20.59%
2810  UP000066480|tr|A0A0K1JLX8|A0A0K1JLX8_9MICO   84.58%    passed      6.80%
2811  UP001528912|tr|A0ABT6C720|A0ABT6C720_9MICO   84.47%    passed      9.04%
2812  UP000318336|tr|A0A542X8X3|A0A542X8X3_9MICO   84.44%    failed      4.90%
2813  UP001321421|tr|A0ABM8H845|A0ABM8H845_9MICO   84.44%    failed      3.10%
2814  UP000256253|tr|A0A3D9US00|A0A3D9US00_9MICO   84.63%    passed     16.88%
2815  UP000320806|tr|A0A542EEG0|A0A542EEG0_9MICO   84.63%    passed     14.42%
2816  UP000271678|tr|A0A3M9M7K2|A0A3M9M7K2_9MICO   84.66%    failed      2.37%
2817  UP000559182|tr|A0A839NJ05|A0A839NJ05_9MICO   87.26%    passed      5.10%
2818  UP000636793|tr|A0A916TIC9|A0A916TIC9_9MICO   84.69%    failed      4.17%
2819  UP001596298|tr|A0ABW2AFP5|A0ABW2AFP5_9MICO   84.69%    failed      3.78%
2820  UP000557772|tr|A0A849AGP3|A0A849AGP3_9MICO   84.69%    passed     10.07%
2821  UP000318297|tr|A0A561E0W2|A0A561E0W2_9MICO   84.63%    failed      0.36%
2822  UP000250028|tr|A0A2Y8ZKV6|A0A2Y8ZKV6_9MICO   84.69%    passed     13.06%
2823  UP001596356|tr|A0ABW2APE1|A0ABW2APE1_9MICO   84.69%    passed     11.39%
2824  UP000571817|tr|A0A853DKX9|A0A853DKX9_9MICO   84.52%    failed      2.48%
2825  UP000320244|tr|A0A563E4G4|A0A563E4G4_9MICO   84.39%    passed      5.24%
2826  UP000199019|tr|A0A1H9S6W2|A0A1H9S6W2_9MICO   84.52%    passed      7.11%
2827  UP000199077|tr|A0A1H0KMH6|A0A1H0KMH6_9MICO   84.28%    passed     16.68%
2828  UP000317722|tr|A0A502CKP1|A0A502CKP1_9MICO   84.69%    passed     18.77%
2829  UP000573599|tr|A0A852WB23|A0A852WB23_9MICO   84.31%    passed      7.70%
2830  UP001500556|tr|A0ABP8XHS5|A0ABP8XHS5_9MICO   84.55%    passed     18.19%
2831  UP001501326|tr|A0ABP6H1T7|A0ABP6H1T7_9MICO   84.33%    passed      7.32%
2832  UP000319514|tr|A0A542ZMN3|A0A542ZMN3_9MICO   84.69%    passed      8.54%
2833  UP000535543|tr|A0A848KGJ1|A0A848KGJ1_9NOCA   84.61%    passed     44.79%
2834  UP000027986|tr|A0A075JEA3|A0A075JEA3_9MICO   84.20%    passed      5.22%
2835  UP000323565|tr|A0ABX5Z7D8|A0ABX5Z7D8_9MICO   84.17%    passed      7.73%
2836  UP001500350|tr|A0ABP4PIZ9|A0ABP4PIZ9_9MICO   84.17%    failed      3.50%
2837  UP001501288|tr|A0ABN2BTQ4|A0ABN2BTQ4_9MICO   84.17%    failed      4.78%
2838  UP000317893|tr|A0A542DWE9|A0A542DWE9_9MICO   84.61%    failed      0.00%
2839  UP000093501|tr|A0A1C0AKU9|A0A1C0AKU9_9ACTN   84.50%    passed     26.51%
2840  UP001501521|tr|A0ABP9F6P6|A0ABP9F6P6_9ACTN   84.50%    passed     32.54%
2841  UP000188324|tr|A0A1Q2CI91|A0A1Q2CI91_9ACTN   84.50%    passed     41.69%
2842  UP000184512|tr|A0A1M6LXL9|A0A1M6LXL9_9ACTN   84.50%    passed     29.69%
2843  UP000516117|tr|A0A7H0H541|A0A7H0H541_9ACTN   84.50%    passed     24.75%
2844  UP000824504|tr|A0ABX8SKL3|A0ABX8SKL3_9ACTN   84.50%    passed     47.39%
2845  UP001244136|tr|A0ABY8PY76|A0ABY8PY76_9ACTN   84.50%    passed     47.45%
2846  UP000199475|tr|A0A1G9HWS4|A0A1G9HWS4_9ACTN   84.50%    passed     33.97%
2847  UP000188342|tr|A0A1R4IPM6|A0A1R4IPM6_9ACTN   84.25%    passed     26.20%
2848  UP001596266|tr|A0ABW1X176|A0ABW1X176_9ACTN   83.62%    passed     18.64%
2849  UP001597326|tr|A0ABW4RY35|A0ABW4RY35_9ACTN   83.73%    passed     32.51%
2850  UP000292373|tr|A0A4Q9KBH9|A0A4Q9KBH9_9ACTN   84.55%    passed     12.35%
2851  UP000501058|tr|A0A6G7Y5P0|A0A6G7Y5P0_9ACTN   84.61%    passed      9.07%
2852  UP000315395|tr|A0A516G911|A0A516G911_9MICO   84.20%    failed      3.63%
2853  UP001056455|tr|A0ABY4YW40|A0ABY4YW40_9MICO   84.20%    passed     16.14%
2854  UP001056535|tr|A0ABY4YJU7|A0ABY4YJU7_9MICO   84.20%    passed     12.84%
2855  UP000319516|tr|A0A542YPT8|A0A542YPT8_9MICO   84.50%    failed      4.65%
2856  UP000605670|tr|A0A917BUK9|A0A917BUK9_9MICO   84.28%    passed      8.57%
2857  UP000215896|tr|A0A255GLI2|A0A255GLI2_9ACTN   84.36%    passed     41.25%
2858  UP000216311|tr|A0A255HFW3|A0A255HFW3_9ACTN   84.50%    passed     21.26%
2859  UP001442841|tr|A0ABZ3FX45|A0ABZ3FX45_9ACTN   84.61%    passed     35.08%
2860  UP000431092|tr|A0A6I3I9X8|A0A6I3I9X8_9MICO   84.47%    failed      1.98%
2861  UP001521931|tr|A0ABS9Q284|A0ABS9Q284_9MICO   84.22%    passed      7.32%
2862  UP000006878|tr|A0ABP1U450|A0ABP1U450_GLUAR   84.44%    passed     38.65%
2863  UP000229263|tr|A0ABX4MZ70|A0ABX4MZ70_9MICC   84.44%    passed     38.88%
2864  UP000316242|tr|A0ABQ0RNL0|A0ABQ0RNL0_GLUNI   84.44%    passed     36.39%
2865  UP000320717|tr|A0A5B8I0S6|A0A5B8I0S6_9MICC   84.44%    passed     32.22%
2866  UP000502331|tr|A0A6H0SIJ2|A0A6H0SIJ2_9MICC   84.44%    passed     33.20%
2867  UP001486888|tr|A0AAU6WBP9|A0AAU6WBP9_9MICC   84.44%    passed     31.07%
2868  UP000316612|tr|A0A4Y4DPE0|A0A4Y4DPE0_GLUUR   84.44%    passed     47.55%
2869  UP000252167|tr|A0A365YF76|A0A365YF76_9MICC   84.44%    passed     27.80%
2870  UP001195422|tr|A0ABS4XKN2|A0ABS4XKN2_GLUPR   84.44%    passed     27.70%
2871  UP000606115|tr|A0ABQ2D4A1|A0ABQ2D4A1_9MICC   84.44%    passed     53.97%
2872  UP001595884|tr|A0ABV9MMI6|A0ABV9MMI6_9MICC   84.44%    passed     55.79%
2873  UP000307000|tr|A0A5B7WXD5|A0A5B7WXD5_9MICC   84.44%    passed     42.66%
2874  UP000012015|tr|M7MV73|M7MV73_9MICC           84.44%    passed     35.44%
2875  UP000746595|tr|A0ABX1FZ97|A0ABX1FZ97_9MICC   84.44%    passed     41.06%
2876  UP000766570|tr|A0ABS4WBW0|A0ABS4WBW0_9MICC   84.44%    passed     35.73%
2877  UP001296993|tr|A0ABS4XHR3|A0ABS4XHR3_9MICC   84.44%    passed     32.00%
2878  UP001183817|tr|A0ABU2BLN0|A0ABU2BLN0_9MICC   84.44%    passed     29.64%
2879  UP001501257|tr|A0ABP9TT04|A0ABP9TT04_9MICC   84.44%    passed     41.29%
2880  UP000523000|tr|A0A839QHT2|A0A839QHT2_9MICC   84.44%    passed     22.43%
2881  UP000325307|tr|A0A5A7NRC5|A0A5A7NRC5_9MICC   84.44%    passed     24.93%
2882  UP001500752|tr|A0ABP7C3Y5|A0ABP7C3Y5_9MICC   84.44%    passed     30.79%
2883  UP000292685|tr|A0A4Q8AFI3|A0A4Q8AFI3_9MICC   84.42%    passed     23.94%
2884  UP000642819|tr|A0ABQ3GEG1|A0ABQ3GEG1_9MICC   84.44%    passed     33.28%
2885  UP000625033|tr|A0A931GIG1|A0A931GIG1_9MICC   84.44%    passed     18.71%
2886  UP001501536|tr|A0ABP7DDD3|A0ABP7DDD3_9MICC   84.44%    passed     40.89%
2887  UP001575652|tr|A0ABV4UM85|A0ABV4UM85_9MICC   84.31%    passed     12.29%
2888  UP000195913|tr|A0A1R4GWX8|A0A1R4GWX8_9MICC   84.44%    passed     25.18%
2889  UP000226079|tr|A0A2A9CV21|A0A2A9CV21_9ACTN   84.58%    passed     29.43%
2890  UP000199086|tr|A0A1G6HT53|A0A1G6HT53_9ACTN   84.69%    passed     56.76%
2891  UP000386847|tr|A0A5Q2F8K1|A0A5Q2F8K1_9ACTN   84.69%    passed     56.19%
2892  UP000291933|tr|A0A4Q9KQD4|A0A4Q9KQD4_PROTD   84.61%    passed     40.68%
2893  UP000242637|tr|A0A239VBJ0|A0A239VBJ0_9MICO   84.28%    passed     19.61%
2894  UP000324288|tr|A0A0M4M7Q1|A0A0M4M7Q1_9ACTN   84.69%    passed     51.22%
2895  UP000000841|tr|C7MZ76|C7MZ76_SACVD           84.47%    failed      2.70%
2896  UP000002791|tr|H5XNR2|H5XNR2_9PSEU           84.44%    failed      0.80%
2897  UP000005087|tr|I1D3W7|I1D3W7_9PSEU           84.50%    failed      0.65%
2898  UP000004691|tr|I0V728|I0V728_9PSEU           84.50%    failed      1.18%
2899  UP000004705|tr|H8G3N1|H8G3N1_9PSEU           84.44%    failed      1.55%
2900  UP000192591|tr|A0A1V9AA91|A0A1V9AA91_SACPI   84.44%    failed      0.08%
2901  UP000004926|tr|H5XBJ9|H5XBJ9_9PSEU           84.83%    failed      0.92%
2902  UP000545493|tr|A0A7X5ZRC4|A0A7X5ZRC4_9PSEU   84.83%    failed      0.79%
2903  UP000006138|tr|A0A9R0U7W5|A0A9R0U7W5_AMYMS   84.88%    passed      5.06%
2904  UP000014139|tr|R1GDM2|R1GDM2_9PSEU           84.94%    passed      5.58%
2905  UP000649955|tr|A0ABQ3KUA9|A0ABQ3KUA9_9PSEU   84.94%    passed      7.99%
2906  UP001589535|tr|A0ABV5U236|A0ABV5U236_9PSEU   84.94%    passed      7.99%
2907  UP000027345|tr|A0A066TY12|A0A066TY12_9PSEU   84.94%    passed      8.37%
2908  UP000199622|tr|A0A1H4RHD2|A0A1H4RHD2_9PSEU   84.94%    passed     13.42%
2909  UP000267081|tr|A0A427SWA2|A0A427SWA2_9PSEU   84.94%    passed     16.66%
2910  UP000631670|tr|A0ABR9I1D9|A0ABR9I1D9_9PSEU   84.94%    passed     18.29%
2911  UP000182740|tr|A0A1K1SZK2|A0A1K1SZK2_9PSEU   84.91%    passed      5.77%
2912  UP001227101|tr|A0ABY8XM72|A0ABY8XM72_9PSEU   84.91%    passed      8.73%
2913  UP001440984|tr|A0ABV0L5K6|A0ABV0L5K6_9PSEU   84.91%    passed      6.85%
2914  UP000215199|tr|A0A229SU74|A0A229SU74_9PSEU   84.88%    passed      8.26%
2915  UP000286716|tr|A0A428W4G7|A0A428W4G7_AMYBA   84.94%    passed      6.06%
2916  UP000399805|tr|A0A6I8LLV3|A0A6I8LLV3_9PSEU   84.85%    failed      4.31%
2917  UP001239397|tr|A0A9Y2JGK8|A0A9Y2JGK8_9PSEU   84.74%    passed     12.18%
2918  UP000198878|tr|A0A1H5RB53|A0A1H5RB53_9PSEU   84.85%    passed     17.11%
2919  UP001304298|tr|A0ABU5RI32|A0ABU5RI32_9PSEU   84.88%    passed     11.86%
2920  UP001144096|tr|A0A9X2NC01|A0A9X2NC01_9PSEU   84.74%    passed      6.49%
2921  UP001236014|tr|A0A9Y2MWZ7|A0A9Y2MWZ7_9PSEU   84.77%    passed     16.23%
2922  UP001330812|tr|A0ABZ1I9R0|A0ABZ1I9R0_9PSEU   84.88%    passed     13.06%
2923  UP000198582|tr|A0A1H8X711|A0A1H8X711_9PSEU   84.88%    failed      2.46%
2924  UP000581769|tr|A0A840IV29|A0A840IV29_9PSEU   84.88%    failed      2.18%
2925  UP000233750|tr|A0A2N3W9G0|A0A2N3W9G0_9PSEU   84.85%    passed     10.96%
2926  UP000526734|tr|A0A7W3ZA58|A0A7W3ZA58_9PSEU   84.85%    passed     10.26%
2927  UP001597542|tr|A0ABW5IDE9|A0ABW5IDE9_9PSEU   84.85%    passed     10.26%
2928  UP001595764|tr|A0ABV7QGF9|A0ABV7QGF9_9PSEU   84.85%    passed     10.29%
2929  UP001597483|tr|A0ABW5HLI8|A0ABW5HLI8_9PSEU   84.85%    passed      9.61%
2930  UP000470404|tr|A0A1I5QVR8|A0A1I5QVR8_9PSEU   84.85%    passed      8.53%
2931  UP000243542|tr|A0A2A9G182|A0A2A9G182_9PSEU   84.77%    failed      2.05%
2932  UP000285112|tr|A0A419I1M1|A0A419I1M1_9PSEU   84.85%    failed      3.63%
2933  UP001500689|tr|A0ABP6VA00|A0ABP6VA00_9PSEU   84.85%    failed      3.27%
2934  UP000013968|tr|R4SY96|R4SY96_9PSEU           84.88%    passed      8.41%
2935  UP001456344|tr|A0ACD5B4F8|A0ACD5B4F8_9PSEU   84.88%    passed     10.21%
2936  UP000028492|tr|A0A075V087|A0A075V087_9PSEU   84.88%    passed      8.29%
2937  UP000188551|tr|M2NP27|M2NP27_9PSEU           84.88%    passed      6.89%
2938  UP000215223|tr|A0A229SGK4|A0A229SGK4_9PSEU   84.88%    passed      6.89%
2939  UP000054226|tr|M2WZ73|M2WZ73_9PSEU           84.88%    passed      6.32%
2940  UP001595645|tr|A0ABV7NQI7|A0ABV7NQI7_9PSEU   84.88%    passed      8.30%
2941  UP000635387|tr|A0ABQ3LCW3|A0ABQ3LCW3_9PSEU   84.88%    passed      6.74%
2942  UP000215563|tr|A0A229RR85|A0A229RR85_AMYAL   84.88%    passed      5.75%
2943  UP000656548|tr|A0ABR9LCP9|A0ABR9LCP9_9PSEU   84.88%    passed      6.82%
2944  UP000256220|tr|A0A2P2FMB2|A0A2P2FMB2_AMYLU   84.88%    passed      5.95%
2945  UP000093695|tr|A0A193BWL8|A0A193BWL8_AMYOR   84.88%    passed      8.95%
2946  UP000186883|tr|A0A154MKH9|A0A154MKH9_9PSEU   84.88%    passed      7.25%
2947  UP000187486|tr|A0A1R0KMZ5|A0A1R0KMZ5_9PSEU   84.77%    passed      6.65%
2948  UP000580861|tr|A0A841BD88|A0A841BD88_9PSEU   84.85%    passed      6.74%
2949  UP000199515|tr|A0A1H3ITU3|A0A1H3ITU3_9PSEU   84.88%    passed      8.07%
2950  UP001597419|tr|A0ABW5GDX3|A0ABW5GDX3_9PSEU   84.85%    failed      1.88%
2951  UP001501116|tr|A0ABN2QCX0|A0ABN2QCX0_9PSEU   84.72%    failed      3.12%
2952  UP000062973|tr|A0A076MW20|A0A076MW20_AMYME   84.77%    passed     20.38%
2953  UP000274843|tr|A0A3N2H2S0|A0A3N2H2S0_9PSEU   84.85%    passed     21.13%
2954  UP001501624|tr|A0ABP7IH94|A0ABP7IH94_9PSEU   84.85%    passed     21.70%
2955  UP000605897|tr|A0ABQ3JCR0|A0ABQ3JCR0_9PSEU   84.85%    passed     16.24%
2956  UP000830158|tr|A0ABY4P1Q7|A0ABY4P1Q7_9PSEU   84.85%    passed     16.61%
2957  UP000754495|tr|A0ABX0SSW3|A0ABX0SSW3_9PSEU   84.85%    passed     18.21%
2958  UP001229651|tr|A0ABU0EZA6|A0ABU0EZA6_9PSEU   84.77%    passed     11.23%
2959  UP000549616|tr|A0A853B765|A0A853B765_9PSEU   84.85%    passed     13.12%
2960  UP000320011|tr|A0A558CNT2|A0A558CNT2_9PSEU   84.85%    passed      8.07%
2961  UP001163203|tr|A0ABY7B5J8|A0ABY7B5J8_9PSEU   84.85%    passed      8.07%
2962  UP000199025|tr|A0A1I3W6F5|A0A1I3W6F5_9PSEU   84.80%    passed      5.52%
2963  UP001500192|tr|A0ABP9QM60|A0ABP9QM60_9PSEU   84.80%    passed      5.52%
2964  UP000658656|tr|A0A8H9M6E3|A0A8H9M6E3_9PSEU   84.80%    failed      2.77%
2965  UP000319769|tr|A0A5N0V3F1|A0A5N0V3F1_9PSEU   84.80%    passed      5.22%
2966  UP000715441|tr|A0ABX1J044|A0ABX1J044_9PSEU   84.74%    passed     19.42%
2967  UP000318578|tr|A0A558AF19|A0A558AF19_9PSEU   84.72%    failed      4.25%
2968  UP000440096|tr|A0A6N7ZB50|A0A6N7ZB50_9PSEU   84.83%    passed      5.67%
2969  UP000305546|tr|A0A5C4M5K5|A0A5C4M5K5_9PSEU   84.77%    passed      9.48%
2970  UP000199494|tr|A0A1G6J720|A0A1G6J720_9PSEU   84.61%    passed     23.39%
2971  UP000247892|tr|A0A318LMR4|A0A318LMR4_9PSEU   84.58%    passed      8.43%
2972  UP000309992|tr|A0ABY2S2B0|A0ABY2S2B0_9PSEU   84.83%    passed      9.88%
2973  UP000635245|tr|A0A934R0P9|A0A934R0P9_9PSEU   84.83%    passed      7.84%
2974  UP000249915|tr|A0A2V4B1U7|A0A2V4B1U7_9PSEU   84.83%    passed      5.98%
2975  UP001597478|tr|A0ABW5WAR2|A0ABW5WAR2_9PSEU   84.72%    passed     11.91%
2976  UP000317303|tr|A0A660CAY2|A0A660CAY2_9PSEU   84.69%    passed     11.19%
2977  UP000550714|tr|A0A839S1G5|A0A839S1G5_9PSEU   84.69%    passed      6.87%
2978  UP000564573|tr|A0A839XQK1|A0A839XQK1_9PSEU   84.69%    passed      9.59%
2979  UP001598673|tr|A0ABW6G2Y5|A0ABW6G2Y5_9PSEU   84.69%    passed      9.82%
2980  UP001500467|tr|A0ABP4GC55|A0ABP4GC55_9PSEU   84.69%    failed      2.59%
2981  UP001500653|tr|A0ABN1VZC4|A0ABN1VZC4_9PSEU   84.69%    failed      4.56%
2982  UP000238362|tr|A0A2T0M3A5|A0A2T0M3A5_9PSEU   84.83%    failed      0.63%
2983  UP000250434|tr|A0A344LKG1|A0A344LKG1_9PSEU   84.83%    failed      3.06%
2984  UP000741013|tr|A0ABS4Q2R5|A0ABS4Q2R5_9PSEU   84.66%    failed      2.69%
2985  UP000292003|tr|A0A4Q7J7F2|A0A4Q7J7F2_9PSEU   84.85%    failed      3.61%
2986  UP000243799|tr|A0A1I1B618|A0A1I1B618_9PSEU   84.80%    failed      1.09%
2987  UP001165136|tr|A0A9W6R918|A0A9W6R918_9PSEU   84.77%    failed      4.71%
2988  UP001597417|tr|A0ABW5FYJ6|A0ABW5FYJ6_9PSEU   84.85%    failed      2.10%
2989  UP000198348|tr|A0A238X685|A0A238X685_9PSEU   84.42%    failed      1.21%
2990  UP000582974|tr|A0A837ZYJ6|A0A837ZYJ6_9PSEU   84.94%    failed      1.80%
2991  UP001596337|tr|A0ABW2C324|A0ABW2C324_9PSEU   84.96%    passed      8.20%
2992  UP000242444|tr|A0A263DAQ6|A0A263DAQ6_9PSEU   84.74%    failed      2.96%
2993  UP000198727|tr|A0A1I5VTW8|A0A1I5VTW8_9PSEU   84.85%    failed      0.00%
2994  UP000002213|tr|C6WAH6|C6WAH6_ACTMD           84.83%    failed      0.33%
2995  UP000218505|tr|A0A290Z2B7|A0A290Z2B7_9PSEU   84.83%    failed      0.40%
2996  UP000006281|tr|K0JUF1|K0JUF1_SACES           84.80%    failed      2.13%
2997  UP000241118|tr|A0A2P8ICU2|A0A2P8ICU2_SACCR   84.74%    passed      6.17%
2998  UP000316628|tr|A0A543JBK6|A0A543JBK6_9PSEU   84.74%    passed      5.63%
2999  UP001597168|tr|A0ABW3QNK9|A0ABW3QNK9_9PSEU   84.88%    failed      4.94%
3000  UP000268727|tr|A0A3N1H4Z2|A0A3N1H4Z2_9PSEU   84.74%    failed      1.59%
3001  UP000325787|tr|A0A5Q0HCW1|A0A5Q0HCW1_SACSY   84.91%    failed      1.44%
3002  UP001225605|tr|A0ABU0X0K2|A0ABU0X0K2_9PSEU   84.80%    failed      3.61%
3003  UP001268819|tr|A0ABU1Q7X0|A0ABU1Q7X0_9PSEU   84.80%    failed      2.76%
3004  UP001595833|tr|A0ABV9XS27|A0ABV9XS27_9PSEU   84.66%    failed      1.17%
3005  UP001596220|tr|A0ABW1P5G0|A0ABW1P5G0_9PSEU   84.63%    failed      0.09%
3006  UP000552097|tr|A0A7W9HV41|A0A7W9HV41_9PSEU   84.74%    passed      8.79%
3007  UP000547510|tr|A0A841CV64|A0A841CV64_9PSEU   84.69%    failed      2.79%
3008  UP001195724|tr|A0A8T8I422|A0A8T8I422_9PSEU   84.91%    failed      0.03%
3009  UP000639606|tr|A0A918EC18|A0A918EC18_9PSEU   84.83%    failed      0.77%
3010  UP000282084|tr|A0A495VVF8|A0A495VVF8_9PSEU   84.85%    failed      0.74%
3011  UP000542674|tr|A0A7W7T6S8|A0A7W7T6S8_9PSEU   84.80%    failed      0.46%
3012  UP000272729|tr|A0A495XAS4|A0A495XAS4_9PSEU   84.80%    passed      6.78%
3013  UP001500416|tr|A0ABP3DWW6|A0ABP3DWW6_9PSEU   84.80%    failed      3.50%
3014  UP000323454|tr|A0A5B2WV57|A0A5B2WV57_9PSEU   84.61%    failed      4.55%
3015  UP001206128|tr|A0AAE3KHJ6|A0AAE3KHJ6_9PSEU   84.88%    failed      0.85%
3016  UP000033393|tr|A0A0F0GFE0|A0A0F0GFE0_LENAE   84.83%    passed      6.22%
3017  UP000248714|tr|A0A316HQ13|A0A316HQ13_9PSEU   84.91%    failed      4.33%
3018  UP001500711|tr|A0ABP7CCM5|A0ABP7CCM5_9PSEU   84.83%    failed      4.26%
3019  UP000481360|tr|A0A7C9W436|A0A7C9W436_9PSEU   84.91%    passed      5.59%
3020  UP001285521|tr|A0ABU4SUV7|A0ABU4SUV7_9PSEU   84.91%    passed     12.39%
3021  UP001515943|tr|A0ABX1FJ52|A0ABX1FJ52_9PSEU   84.91%    passed      6.29%
3022  UP001595690|tr|A0ABV8BWW2|A0ABV8BWW2_9PSEU   84.83%    passed      9.81%
3023  UP000199352|tr|A0A1H9I9M2|A0A1H9I9M2_9PSEU   84.91%    passed      5.57%
3024  UP000649573|tr|A0ABQ2UVW2|A0ABQ2UVW2_9PSEU   84.83%    passed      7.16%
3025  UP000093053|tr|A0A1B2HXJ4|A0A1B2HXJ4_9PSEU   84.91%    passed      6.15%
3026  UP000192840|tr|A0A1W2EXR5|A0A1W2EXR5_9PSEU   84.91%    passed     10.47%
3027  UP001271792|tr|A0ABU4TQA1|A0ABU4TQA1_9PSEU   84.91%    passed      9.02%
3028  UP000199028|tr|A0A1H9XX16|A0A1H9XX16_9PSEU   84.91%    passed      8.75%
3029  UP000198583|tr|A0A1I6F0U1|A0A1I6F0U1_9PSEU   84.91%    passed     13.69%
3030  UP001285352|tr|A0ABU4V458|A0ABU4V458_9PSEU   84.91%    passed     17.84%
3031  UP000597656|tr|A0ABQ2IRK6|A0ABQ2IRK6_9PSEU   84.83%    passed     20.67%
3032  UP000605568|tr|A0ABQ3MN43|A0ABQ3MN43_9PSEU   84.83%    passed     11.13%
3033  UP000199691|tr|A0A1H0W4I8|A0A1H0W4I8_9PSEU   84.94%    passed      9.55%
3034  UP000199623|tr|A0A1G7ZYN7|A0A1G7ZYN7_9PSEU   84.91%    failed      4.03%
3035  UP000199503|tr|A0A1H9W0T5|A0A1H9W0T5_9PSEU   84.91%    passed     15.99%
3036  UP000316639|tr|A0A563EP22|A0A563EP22_9PSEU   84.91%    passed     14.12%
3037  UP000239494|tr|A0A2T0SAG3|A0A2T0SAG3_9PSEU   84.83%    failed      3.27%
3038  UP001141259|tr|A0A9X2VHF0|A0A9X2VHF0_9PSEU   84.85%    failed      4.79%
3039  UP000019277|tr|W7IRY1|W7IRY1_9PSEU           84.85%    passed      9.76%
3040  UP000186040|tr|A0A1Q9LS84|A0A1Q9LS84_9PSEU   84.85%    failed      1.54%
3041  UP000199051|tr|A0A1H9XQU4|A0A1H9XQU4_9PSEU   84.66%    failed      0.50%
3042  UP000282454|tr|A0A421BB56|A0A421BB56_9PSEU   84.66%    failed      0.73%
3043  UP001165042|tr|A0A9W6V8Z7|A0A9W6V8Z7_9PSEU   84.66%    failed      1.23%
3044  UP000199501|tr|A0A1G6LRZ0|A0A1G6LRZ0_9PSEU   84.85%    passed      6.39%
3045  UP000199651|tr|A0A1H0JEL7|A0A1H0JEL7_9PSEU   84.85%    passed      5.11%
3046  UP000734823|tr|A0ABR7L4M7|A0ABR7L4M7_9PSEU   84.85%    passed      5.77%
3047  UP001205185|tr|A0ABT1I4Q0|A0ABT1I4Q0_9PSEU   84.85%    failed      1.19%
3048  UP000660680|tr|A0A918GQ06|A0A918GQ06_9PSEU   84.85%    failed      1.60%
3049  UP001596157|tr|A0ABW0ENZ6|A0ABW0ENZ6_9PSEU   84.63%    failed      1.12%
3050  UP000239203|tr|A0A2S6GHH0|A0A2S6GHH0_9PSEU   84.85%    failed      1.94%
3051  UP000063699|tr|A0A0N9I192|A0A0N9I192_9PSEU   84.88%    passed     13.78%
3052  UP000192674|tr|A0A1Y5Y172|A0A1Y5Y172_KIBAR   84.88%    passed     23.20%
3053  UP001521150|tr|A0ABS8ZUY6|A0ABS8ZUY6_9PSEU   84.88%    passed     21.51%
3054  UP000763557|tr|A0ABX2FAN6|A0ABX2FAN6_9PSEU   84.88%    passed      9.75%
3055  UP001519332|tr|A0ABS4U2P0|A0ABS4U2P0_9PSEU   84.88%    passed     10.67%
3056  UP000295680|tr|A0A4R2J482|A0A4R2J482_9PSEU   84.88%    failed      4.25%
3057  UP000294257|tr|A0A4Q7KD27|A0A4Q7KD27_9PSEU   84.91%    passed      9.89%
3058  UP000295444|tr|A0A4R6RY62|A0A4R6RY62_LABRH   84.91%    passed     18.79%
3059  UP000183376|tr|A0A1H0D007|A0A1H0D007_ALLAB   84.72%    failed      1.67%
3060  UP001501747|tr|A0ABP7S713|A0ABP7S713_9PSEU   84.83%    failed      1.42%
3061  UP001589693|tr|A0ABV5ZS80|A0ABV5ZS80_9PSEU   84.83%    failed      3.71%
3062  UP000184501|tr|A0A1M5B5L5|A0A1M5B5L5_STRHI   84.85%    failed      0.06%
3063  UP001205311|tr|A0ABT1HMT8|A0ABT1HMT8_STRSD   84.85%    failed      0.04%
3064  UP000637578|tr|A0A8J3CEB6|A0A8J3CEB6_9PSEU   84.85%    failed      0.04%
3065  UP000533598|tr|A0A7W7CBN6|A0A7W7CBN6_9PSEU   84.85%    failed      0.93%
3066  UP001519363|tr|A0ABS5AAF6|A0ABS5AAF6_9PSEU   84.85%    failed      0.99%
3067  UP000298860|tr|A0A4D4JBQ3|A0A4D4JBQ3_9PSEU   84.83%    failed      0.75%
3068  UP000019225|tr|W5WI16|W5WI16_9PSEU           84.85%    passed      6.19%
3069  UP000517916|tr|A0ABR6BEU1|A0ABR6BEU1_9PSEU   84.85%    failed      3.68%
3070  UP000256269|tr|A0A3E0HZH8|A0A3E0HZH8_9PSEU   84.88%    passed      6.57%
3071  UP000585638|tr|A0A7W9KMF0|A0A7W9KMF0_9PSEU   84.88%    failed      2.08%
3072  UP001589810|tr|A0ABV6MYM5|A0ABV6MYM5_9PSEU   84.88%    passed      5.76%
3073  UP000185596|tr|A0A1Q8CRB4|A0A1Q8CRB4_9PSEU   84.91%    failed      4.57%
3074  UP000185696|tr|A0A7Z1B0Y5|A0A7Z1B0Y5_9PSEU   84.61%    failed      1.99%
3075  UP001156441|tr|A0ABT2J822|A0ABT2J822_9PSEU   84.91%    failed      3.71%
3076  UP000294927|tr|A0A4R7UUG8|A0A4R7UUG8_9PSEU   84.91%    passed      7.45%
3077  UP000520767|tr|A0A7W7Q0T5|A0A7W7Q0T5_9PSEU   84.91%    passed      7.67%
3078  UP001595859|tr|A0ABV9SGP8|A0ABV9SGP8_9PSEU   84.91%    failed      1.65%
3079  UP000006728|tr|A4FAM5|A4FAM5_SACEN           84.94%    failed      1.02%
3080  UP001500729|tr|A0ABN1DJJ7|A0ABN1DJJ7_SACER   84.94%    failed      1.02%
3081  UP001500979|tr|A0ABN3VFL7|A0ABN3VFL7_9PSEU   84.94%    failed      0.91%
3082  UP000031419|tr|A0A073AX06|A0A073AX06_9PSEU   84.94%    passed     15.81%
3083  UP000198852|tr|A0A1I6RRP8|A0A1I6RRP8_9PSEU   84.91%    passed     14.77%
3084  UP001237595|tr|A0ABT6PTG8|A0ABT6PTG8_9PSEU   84.91%    passed     17.79%
3085  UP000294723|tr|A0A4R5BZ37|A0A4R5BZ37_9PSEU   84.91%    passed     18.59%
3086  UP000295674|tr|A0A4R4VV75|A0A4R4VV75_9PSEU   84.91%    passed     16.36%
3087  UP000674084|tr|A0ABS5DAE1|A0ABS5DAE1_9PSEU   84.91%    passed     18.53%
3088  UP000294744|tr|A0A4R4V6W0|A0A4R4V6W0_9PSEU   84.91%    passed     13.66%
3089  UP000316184|tr|A0A561U3Z2|A0A561U3Z2_9PSEU   84.91%    passed     18.37%
3090  UP001327093|tr|A0ABU6AAJ0|A0ABU6AAJ0_9PSEU   84.91%    passed     19.71%
3091  UP000274515|tr|A0A3R8P278|A0A3R8P278_9PSEU   84.91%    passed      5.66%
3092  UP000199529|tr|A0A1H3AIK4|A0A1H3AIK4_9PSEU   84.94%    failed      1.56%
3093  UP000294947|tr|A0A4R4ZCF6|A0A4R4ZCF6_9PSEU   84.94%    failed      1.97%
3094  UP000233786|tr|A0A2N3XX39|A0A2N3XX39_SACSN   84.94%    failed      2.18%
3095  UP000584374|tr|A0A840QCN7|A0A840QCN7_9PSEU   84.94%    failed      0.90%
3096  UP000199690|tr|A0A1H6DR19|A0A1H6DR19_9PSEU   84.91%    failed      1.86%
3097  UP000270697|tr|A0A1I5HR33|A0A1I5HR33_9PSEU   84.91%    failed      2.09%
3098  UP000323946|tr|A0A5M7BB40|A0A5M7BB40_SACHI   84.91%    failed      1.44%
3099  UP001210380|tr|A0ABT4UWC0|A0ABT4UWC0_9PSEU   84.91%    failed      3.53%
3100  UP000587002|tr|A0A853AM27|A0A853AM27_9PSEU   84.91%    failed      1.25%
3101  UP001500220|tr|A0A917NFE4|A0A917NFE4_9PSEU   84.94%    failed      0.92%
3102  UP001597018|tr|A0ABW3FQ19|A0ABW3FQ19_9PSEU   84.94%    failed      0.30%
3103  UP001501218|tr|A0ABN3FYR3|A0ABN3FYR3_9PSEU   84.91%    passed      8.74%
3104  UP001596504|tr|A0ABW2LQV6|A0ABW2LQV6_9PSEU   84.50%    passed      7.54%
3105  UP000580474|tr|A0A840NFZ1|A0A840NFZ1_9PSEU   84.94%    failed      1.42%
3106  UP001500483|tr|A0ABP6RVE5|A0ABP6RVE5_9PSEU   84.94%    failed      0.29%
3107  UP001564626|tr|A0ABV4CMI1|A0ABV4CMI1_9PSEU   84.94%    failed      1.17%
3108  UP000371041|tr|A0A5Q3Q6J4|A0A5Q3Q6J4_9PSEU   84.94%    failed      0.22%
3109  UP000598360|tr|A0A929B766|A0A929B766_9PSEU   84.91%    failed      0.01%
3110  UP000294911|tr|A0A4R2R6H3|A0A4R2R6H3_9PSEU   84.74%    passed     21.19%
3111  UP000007809|tr|F4CPW2|F4CPW2_PSEUX           84.91%    failed      0.38%
3112  UP001597182|tr|A0ABW3VFM8|A0ABW3VFM8_9PSEU   84.91%    failed      0.31%
3113  UP000321685|tr|A0A511DHY9|A0A511DHY9_9PSEU   84.88%    failed      0.02%
3114  UP000184363|tr|A0A1M6R5P5|A0A1M6R5P5_PSETH   84.99%    failed      1.37%
3115  UP000315677|tr|A0A543DNB5|A0A543DNB5_9PSEU   84.96%    failed      0.28%
3116  UP000319818|tr|A0A543GD27|A0A543GD27_9PSEU   84.96%    failed      0.34%
3117  UP000321261|tr|A0A561SJ14|A0A561SJ14_9PSEU   84.96%    failed      0.07%
3118  UP001499967|tr|A0ABP4AJP6|A0ABP4AJP6_9PSEU   84.96%    failed      0.90%
3119  UP001500804|tr|A0ABP9P0X7|A0ABP9P0X7_9PSEU   84.96%    failed      0.06%
3120  UP001296706|tr|A0ABX1RGZ5|A0ABX1RGZ5_9PSEU   84.88%    failed      0.12%
3121  UP001299970|tr|A0ABS9TCG9|A0ABS9TCG9_9PSEU   84.96%    passed      5.28%
3122  UP001597114|tr|A0ABW4EXV4|A0ABW4EXV4_9PSEU   84.96%    failed      4.34%
3123  UP001597145|tr|A0ABW4FUD9|A0ABW4FUD9_9PSEU   84.96%    failed      0.14%
3124  UP001165283|tr|A0ABT1A6L1|A0ABT1A6L1_9PSEU   85.18%    failed      0.02%
3125  UP000586918|tr|A0A848DCK3|A0A848DCK3_9PSEU   84.80%    failed      0.28%
3126  UP000820669|tr|A0ABX1S4K9|A0ABX1S4K9_9PSEU   84.88%    failed      1.08%
3127  UP000320338|tr|A0A4Y3WLU5|A0A4Y3WLU5_9PSEU   84.94%    failed      0.53%
3128  UP000515728|tr|A0A7G7MHA4|A0A7G7MHA4_9PSEU   84.94%    failed      1.29%
3129  UP000694287|tr|A0ABS6UMA3|A0ABS6UMA3_9PSEU   84.94%    failed      0.64%
3130  UP000505377|tr|A0A6M6JR22|A0A6M6JR22_9PSEU   84.94%    failed      0.39%
3131  UP000694300|tr|A0ABS6UEZ1|A0ABS6UEZ1_9PSEU   84.94%    failed      0.46%
3132  UP000194360|tr|A0A1Y2MP47|A0A1Y2MP47_PSEAH   84.96%    failed      1.00%
3133  UP000320693|tr|A0ABQ0S1L4|A0ABQ0S1L4_9PSEU   84.96%    failed      1.00%
3134  UP001501414|tr|A0ABP4IZL3|A0ABP4IZL3_9PSEU   84.96%    failed      0.99%
3135  UP000549695|tr|A0A852WGI6|A0A852WGI6_PSEA5   84.96%    failed      1.89%
3136  UP001367513|tr|A0ABU9AEZ7|A0ABU9AEZ7_PSEA5   84.96%    failed      1.89%
3137  UP001464923|tr|A0ABV1JS92|A0ABV1JS92_9PSEU   84.96%    failed      1.95%
3138  UP001364211|tr|A0ABU8T044|A0ABU8T044_9PSEU   84.96%    failed      1.57%
3139  UP001519295|tr|A0ABS4VUB3|A0ABS4VUB3_9PSEU   84.96%    failed      1.37%
3140  UP000199614|tr|A0A1I4UKG7|A0A1I4UKG7_PSUAM   84.96%    failed      1.32%
3141  UP001494902|tr|A0ABV1KJ17|A0ABV1KJ17_9PSEU   84.96%    failed      0.59%
3142  UP000291591|tr|A0A4Q7V304|A0A4Q7V304_PSEST   84.96%    failed      0.98%
3143  UP000295560|tr|A0A4R1HVY4|A0A4R1HVY4_PSEEN   84.96%    failed      0.35%
3144  UP000198967|tr|A0A1G8A2H1|A0A1G8A2H1_PSEOR   84.91%    failed      2.39%
3145  UP001143463|tr|A0A9W6L1B5|A0A9W6L1B5_9PSEU   84.85%    passed      7.40%
3146  UP001500325|tr|A0ABP8W7E5|A0ABP8W7E5_9PSEU   84.77%    failed      2.31%
3147  UP001596119|tr|A0ABW1IDH0|A0ABW1IDH0_9PSEU   84.85%    failed      2.32%
3148  UP001501598|tr|A0ABP8RNQ1|A0ABP8RNQ1_9PSEU   84.91%    failed      1.38%
3149  UP001500449|tr|A0ABN2N395|A0ABN2N395_9PSEU   84.83%    failed      1.26%
3150  UP000321328|tr|A0A511D2G8|A0A511D2G8_9PSEU   84.96%    failed      0.06%
3151  UP001596302|tr|A0ABW1J2L4|A0ABW1J2L4_9PSEU   84.96%    failed      0.02%
3152  UP001183202|tr|A0ABU2NA02|A0ABU2NA02_9PSEU   84.85%    failed      0.03%
3153  UP001428817|tr|A0ABP9R6H9|A0ABP9R6H9_9PSEU   84.77%    failed      0.30%
3154  UP000054404|tr|A0A0W1KIJ4|A0A0W1KIJ4_9ACTO   84.72%    passed     22.87%
3155  UP001230145|tr|A0ABT9PKZ5|A0ABT9PKZ5_9ACTO   84.72%    passed     13.30%
3156  UP000595053|tr|A0A7M1QS61|A0A7M1QS61_9ACTO   84.72%    passed     45.90%
3157  UP001555100|tr|A0ABV3NCM0|A0ABV3NCM0_9ACTO   84.72%    passed     40.33%
3158  UP001266099|tr|A0ABU1T471|A0ABU1T471_9ACTO   84.72%    passed     39.20%
3159  UP000293036|tr|A0A4Q9V0K5|A0A4Q9V0K5_9ACTO   84.72%    passed     34.01%
3160  UP001243212|tr|A0ABT9NE52|A0ABT9NE52_9ACTO   84.69%    passed     34.60%
3161  UP000217144|tr|A0AAD0E3H7|A0AAD0E3H7_9ACTN   84.88%    passed     12.73%
3162  UP000217215|tr|A0A249KF99|A0A249KF99_9ACTN   84.88%    passed     12.05%
3163  UP000217216|tr|A0AAC9YTA4|A0AAC9YTA4_9ACTN   84.88%    passed     24.22%
3164  UP000217177|tr|A0ABM6MD23|A0ABM6MD23_9ACTN   84.94%    passed     14.52%
3165  UP000217186|tr|A0A249KUA2|A0A249KUA2_9ACTN   84.94%    passed     14.74%
3166  UP000217221|tr|A0A249LEA8|A0A249LEA8_9ACTN   84.91%    passed     25.47%
3167  UP000217153|tr|A0A249JZ17|A0A249JZ17_9ACTN   84.91%    failed      4.79%
3168  UP000217171|tr|A0A249KAA7|A0A249KAA7_9ACTN   84.91%    failed      4.28%
3169  UP000217210|tr|A0A249L5M6|A0A249L5M6_9ACTN   84.88%    failed      1.14%
3170  UP000011863|tr|A0A6C7E456|A0A6C7E456_ILUCY   84.69%    passed     16.69%
3171  UP000294558|tr|A0A4R7I1E2|A0A4R7I1E2_9ACTN   84.85%    passed     21.96%
3172  UP001216390|tr|A0AAE9Y9U7|A0AAE9Y9U7_9ACTN   84.91%    failed      0.06%
3173  UP000569329|tr|A0A839DS99|A0A839DS99_9PSEU   84.99%    failed      0.01%
3174  UP000002586|tr|A0LCN5|A0LCN5_MAGMM           85.35%    passed     23.12%
3175  UP000194003|tr|A0A1Y2K895|A0A1Y2K895_9PROT   86.74%    passed     54.94%
3176  UP001628193|tr|A0ABQ0CC52|A0ABQ0CC52_9PROT   85.32%    failed      0.23%
3177  UP000095347|tr|A0A1E5Q8R9|A0A1E5Q8R9_9PROT   84.96%    passed      9.65%
3178  UP000295304|tr|A0A4V2UN71|A0A4V2UN71_9PROT   85.18%    passed     63.58%
3179  UP000000442|tr|C0QLL5|C0QLL5_DESAH           85.32%    passed     21.99%
3180  UP000191931|tr|A0A1W1HFP8|A0A1W1HFP8_9BACT   85.32%    passed     13.23%
3181  UP000192418|tr|A0A1W2F3M4|A0A1W2F3M4_9BACT   90.66%    passed     64.58%
3182  UP000005778|tr|I5AZD9|I5AZD9_9BACT           85.35%    passed     53.33%
3183  UP000293902|tr|A0A328FH67|A0A328FH67_9BACT   85.35%    passed     41.56%
3184  UP000553343|tr|A0A850T220|A0A850T220_9BACT   85.32%    passed     40.50%
3185  UP000014216|tr|S0FXL9|S0FXL9_9BACT           85.32%    passed     52.69%
3186  UP000007347|tr|K0NM90|K0NM90_DESTT           85.32%    passed     37.17%
3187  UP000199608|tr|A0A1H2HZX1|A0A1H2HZX1_9BACT   85.32%    passed     23.10%
3188  UP000000739|tr|B8FLJ8|B8FLJ8_DESAL           84.99%    passed     55.88%
3189  UP000183994|tr|A0A1M6K380|A0A1M6K380_9BACT   84.99%    passed     39.62%
3190  UP000014977|tr|S7TXN0|S7TXN0_DESML           85.35%    passed     60.08%
3191  UP000288096|tr|A0A401FX59|A0A401FX59_9BACT   89.48%    passed     28.35%
3192  UP000663720|tr|A0A975BB58|A0A975BB58_9BACT   85.35%    failed      1.15%
3193  UP000663722|tr|A0A975BU05|A0A975BU05_9BACT   85.35%    passed      5.25%
3194  UP000422108|tr|A0A5K8AFJ7|A0A5K8AFJ7_9BACT   85.35%    passed     25.17%
3195  UP000427769|tr|A0A5K7ZF79|A0A5K7ZF79_9BACT   85.35%    passed     19.24%
3196  UP000427906|tr|A0A5K7YNH4|A0A5K7YNH4_9BACT   85.35%    passed      9.76%
3197  UP001165427|tr|A0AA41R5P6|A0AA41R5P6_9BACT   85.35%    passed      5.00%
3198  UP000525298|tr|A0A7W0HJ67|A0A7W0HJ67_9BACT   85.32%    passed     10.16%
3199  UP000006671|tr|D2UY48|D2UY48_NAEGR           84.11%    failed      0.03%
3200  UP000444721|tr|A0A6A5BT61|A0A6A5BT61_NAEFO   84.00%    failed      0.06%
3201  UP000816034|tr|A0AA88KM49|A0AA88KM49_NAELO   83.98%    failed      0.19%
3202  UP001431209|tr|A0AAW2ZJL5|A0AAW2ZJL5_9EUKA   84.52%    passed     13.09%
3203  UP000001058|tr|D8UCM0|D8UCM0_VOLCA           85.57%    passed     10.10%
3204  UP000747399|tr|A0A8J4B598|A0A8J4B598_9CHLO   81.84%    failed      0.04%
3205  UP001165090|tr|A0ABQ5RV20|A0ABQ5RV20_9CHLO   81.84%    failed      0.15%
3206  UP001165080|tr|A0A9W6BSD7|A0A9W6BSD7_9CHLO   81.92%    failed      0.00%
3207  UP000075714|tr|A0A150GZG4|A0A150GZG4_GONPE   86.06%    failed      4.75%
3208  UP001054857|tr|A0AAD3DM90|A0AAD3DM90_9CHLO   83.46%    failed      3.33%
3209  UP000006906|tr|A8HYA9|A8HYA9_CHLRE           83.87%    failed      0.55%
3210  UP000613740|tr|A0A835TH20|A0A835TH20_9CHLO   83.87%    failed      0.68%
3211  UP000650467|tr|A0A835SW18|A0A835SW18_CHLIN   85.57%    passed     19.93%
3212  UP000612055|tr|A0A835XLB7|A0A835XLB7_9CHLO   83.76%    failed      0.00%
3213  UP000232323|tr|A0A250WSE1|A0A250WSE1_9CHLO   83.98%    passed      9.06%
3214  UP000001554|tr|A0A9J7NB38|A0A9J7NB38_BRAFL   84.36%    passed     24.86%
3215  UP000838412|tr|A0A8J9WHT5|A0A8J9WHT5_BRALA   84.36%    passed     13.91%
3216  UP000515135|tr|A0A6P4Z5I8|A0A6P4Z5I8_BRABE   84.31%    passed     11.41%
3217  UP000009022|tr|B3S033|B3S033_TRIAD           85.48%    passed      6.64%
3218  UP000694865|tr|A0ABM0MI81|A0ABM0MI81_SACKO   84.22%    passed     46.58%
3219  UP000007110|tr|A0A7M7NYZ0|A0A7M7NYZ0_STRPU   84.50%    passed     88.38%
3220  UP000230750|tr|A0A2G8L554|A0A2G8L554_STIJA   83.89%    passed     18.12%
3221  UP001152320|tr|A0A9Q1BEK2|A0A9Q1BEK2_HOLLE   84.11%    passed      8.25%
3222  UP000694845|tr|A0A8B7Z5A3|A0A8B7Z5A3_ACAPL   84.22%    passed     31.86%
3223  UP000887568|tr|A0A914AEU5|A0A914AEU5_PATMI   84.25%    passed     44.33%
3224  UP000005408|tr|A0A8W8K252|A0A8W8K252_MAGGI   84.44%    failed      1.94%
3225  UP000694844|tr|A0A8B8EAU3|A0A8B8EAU3_CRAVI   84.44%    failed      2.35%
3226  UP000030746|tr|V4A1L2|V4A1L2_LOTGI           85.73%    passed     34.05%
3227  UP001347796|tr|A0AAN8JK04|A0AAN8JK04_PATCE   84.33%    passed     18.53%
3228  UP000271974|tr|A0A433TL16|A0A433TL16_ELYCH   84.20%    failed      3.94%
3229  UP000735302|tr|A0AAV4BSY1|A0AAV4BSY1_9GAST   84.20%    failed      1.50%
3230  UP000762676|tr|A0AAV4J8Y6|A0AAV4J8Y6_9GAST   92.17%    passed     38.35%
3231  UP001283361|tr|A0AAE1BCE3|A0AAE1BCE3_9GAST   83.26%    passed     10.22%
3232  UP000694888|tr|A0ABM1A4R9|A0ABM1A4R9_APLCA   84.17%    passed     15.90%
3233  UP000678393|tr|A0A8S4A8K4|A0A8S4A8K4_9EUPU   84.20%    passed      5.81%
3234  UP001165740|tr|A0A9W2YRI3|A0A9W2YRI3_BIOGL   84.17%    failed      4.71%
3235  UP001233172|tr|A0AAD8FB02|A0AAD8FB02_BIOPF   84.17%    failed      4.09%
3236  UP001497497|tr|A0AAV2H7Z1|A0AAV2H7Z1_LYMST   83.81%    passed      9.37%
3237  UP000828390|tr|A0A9D4BMM3|A0A9D4BMM3_DREPO   84.36%    passed     20.97%
3238  UP001195483|tr|A0AAE0VZ05|A0AAE0VZ05_9BIVA   84.33%    passed      6.35%
3239  UP001634394|tr|A0ABD3VKS1|A0ABD3VKS1_SINWO   84.36%    passed      5.80%
3240  UP000242188|tr|A0A210PKZ2|A0A210PKZ2_MIZYE   84.39%    passed     14.39%
3241  UP001217089|tr|A0ABQ9FV25|A0ABQ9FV25_TEGGR   85.48%    passed      7.08%
3242  UP001164746|tr|A0ABY7EZ85|A0ABY7EZ85_MYAAR   85.40%    passed      5.70%
3243  UP000749559|tr|A0A8S4N466|A0A8S4N466_OWEFU   84.91%    passed     18.31%
3244  UP000245119|tr|A0A2T7PTM8|A0A2T7PTM8_POMCA   83.87%    passed     27.86%
3245  UP000008854|tr|G4VB23|G4VB23_SCHMA           84.39%    passed     24.14%
3246  UP000050792|tr|A0AA85F3E9|A0AA85F3E9_9TREM   84.39%    passed     22.77%
3247  UP000279833|tr|A0A183K7X9|A0A183K7X9_9TREM   86.66%    passed     57.42%
3248  UP000471633|tr|A0A922LWB0|A0A922LWB0_SCHHA   84.39%    passed     16.33%
3249  UP000277204|tr|A0A183LPL6|A0A183LPL6_9TREM   92.17%    passed     91.90%
3250  UP001292079|tr|A0AAE1ZF85|A0AAE1ZF85_SCHME   87.67%    passed     51.13%
3251  UP000311919|tr|A0A4Z2DWG3|A0A4Z2DWG3_SCHJA   84.52%    passed     42.21%
3252  UP000290809|tr|A0A430QPV1|A0A430QPV1_SCHBO   87.18%    passed     10.42%
3253  UP000050795|tr|A0AA85K410|A0AA85K410_TRIRE   84.50%    passed     21.49%
3254  UP000269396|tr|A0A183P9M1|A0A183P9M1_9TREM   86.52%    failed      0.10%
3255  UP000008909|tr|H2KP23|H2KP23_CLOSI           78.94%    failed      1.89%
3256  UP000054324|tr|A0A074ZJL7|A0A074ZJL7_OPIVI   86.41%    passed     51.99%
3257  UP000243686|tr|A0A1S8XBH4|A0A1S8XBH4_OPIVI   86.80%    passed     42.77%
3258  UP000286415|tr|A0A8T1MHJ1|A0A8T1MHJ1_CLOSI   83.98%    passed     31.28%
3259  UP000308267|tr|A0A4S2MDS4|A0A4S2MDS4_OPIFE   84.47%    passed     62.34%
3260  UP000230066|tr|A0A4E0S2K5|A0A4E0S2K5_FASHE   84.69%    passed     45.82%
3261  UP000316759|tr|A0A504YJH6|A0A504YJH6_FASGI   93.02%    passed     70.50%
3262  UP000728185|tr|A0A8E0RXQ7|A0A8E0RXQ7_9TREM   84.69%    passed     56.06%
3263  UP000324629|tr|A0A5J4NLT4|A0A5J4NLT4_9TREM   84.47%    passed     51.84%
3264  UP000699462|tr|A0A8T0DIC4|A0A8T0DIC4_9TREM   84.47%    passed     57.87%
3265  UP000748531|tr|A0A8J4SQQ2|A0A8J4SQQ2_9TREM   85.05%    passed     66.78%
3266  UP000822476|tr|A0A8S9Z326|A0A8S9Z326_9TREM   84.11%    passed     66.55%
3267  UP001626550|tr|A0ABD2QEG3|A0ABD2QEG3_9PLAT   84.69%    passed     18.97%
3268  UP001208570|tr|A0AAD9MUH8|A0AAD9MUH8_9ANNE   84.42%    passed     24.91%
3269  UP000515154|tr|A0A6P7TJT8|A0A6P7TJT8_9MOLL   84.28%    passed     82.07%
3270  UP001162480|tr|A0AA36BWN4|A0AA36BWN4_OCTVU   84.28%    passed     88.54%
3271  UP000597762|tr|A0A812CDR3|A0A812CDR3_ACAPH   84.33%    passed     19.61%
3272  UP000015101|tr|T1EDF6|T1EDF6_HELRO           84.25%    passed      5.73%
3273  UP000276133|tr|A0A3M7SPV5|A0A3M7SPV5_BRAPC   84.74%    failed      0.32%
3274  UP000663879|tr|A0A813PGF0|A0A813PGF0_9BILA   84.72%    failed      1.06%
3275  UP001209878|tr|A0AAD9KZM9|A0AAD9KZM9_RIDPI   84.58%    passed     51.39%
3276  UP000549394|tr|A0A7I8VGF0|A0A7I8VGF0_9ANNE   84.47%    failed      0.83%
3277  UP000245461|tr|A0A317DUX5|A0A317DUX5_9PROT   85.21%    passed     65.94%
3278  UP000246077|tr|A0A317EAQ1|A0A317EAQ1_9PROT   85.21%    passed     63.28%
3279  UP000695022|tr|A0ABM1EK54|A0ABM1EK54_PRICU   84.39%    passed     48.59%
3280  UP000017246|tr|A0A087W2H9|A0A087W2H9_ECHMU   84.58%    passed     13.04%
3281  UP000019149|tr|W6UEF9|W6UEF9_ECHGR           84.58%    passed     13.46%
3282  UP000282613|tr|A0A0R3W1Z7|A0A0R3W1Z7_TAEAS   84.58%    passed     17.72%
3283  UP000274429|tr|A0A0R3WHJ2|A0A0R3WHJ2_HYDTA   84.28%    passed     35.47%
3284  UP001651158|tr|A0ABR4QGS0|A0ABR4QGS0_9CEST   85.37%    passed     38.58%
3285  UP000267029|tr|A0A0R3ULW2|A0A0R3ULW2_MESCO   82.69%    passed     34.25%
3286  UP000278807|tr|A0A0R3TS21|A0A0R3TS21_RODNA   84.50%    passed      6.30%
3287  UP000321570|tr|A0A0R3S8R0|A0A0R3S8R0_HYMDI   84.52%    passed     13.38%
3288  UP000275846|tr|A0A3P7CU94|A0A3P7CU94_SCHSO   83.07%    passed     56.15%
3289  UP000281553|tr|A0A3P6TCN8|A0A3P6TCN8_DIBLA   87.70%    passed     63.04%
3290  UP000001880|tr|D0LZR9|D0LZR9_HALO1           84.99%    passed      9.84%
3291  UP000002139|tr|A9GQY2|A9GQY2_SORC5           84.99%    failed      1.53%
3292  UP001217485|tr|A0ABT5C1Y6|A0ABT5C1Y6_9BACT   84.99%    failed      2.67%
3293  UP000309215|tr|A0A4V5PK92|A0A4V5PK92_9BACT   84.99%    passed      5.00%
3294  UP001160301|tr|A0ABT6P8M9|A0ABT6P8M9_9BACT   84.99%    passed      5.00%
3295  UP001221411|tr|A0ABT5EX62|A0ABT5EX62_9BACT   84.99%    failed      4.60%
3296  UP001151081|tr|A0A9X3XFE9|A0A9X3XFE9_9BACT   84.99%    failed      3.76%
3297  UP000440224|tr|A0A6N7PMB7|A0A6N7PMB7_9BACT   84.99%    passed      6.76%
3298  UP000002402|tr|Q1D7K8|Q1D7K8_MYXXD           84.42%    passed     22.15%
3299  UP000198717|tr|A0A511HGS5|A0A511HGS5_9BACT   85.07%    passed     28.00%
3300  UP000009026|tr|A0A0H4WVU0|A0A0H4WVU0_9BACT   85.07%    passed     30.67%
3301  UP000217343|tr|A0A250JV01|A0A250JV01_9BACT   85.07%    passed     27.29%
3302  UP000011131|tr|L7UAA4|L7UAA4_MYXSD           85.13%    passed     19.69%
3303  UP000663090|tr|A0ABX7NB81|A0ABX7NB81_9BACT   85.13%    passed     15.67%
3304  UP000315369|tr|A0A540WK43|A0A540WK43_9BACT   85.10%    passed      8.25%
3305  UP000183760|tr|A0A511T9Y9|A0A511T9Y9_MYXFU   85.10%    passed     20.08%
3306  UP000518300|tr|A0A848LC72|A0A848LC72_9BACT   85.10%    passed     35.77%
3307  UP000662747|tr|A0ABX7P9F0|A0ABX7P9F0_9BACT   85.10%    passed     29.77%
3308  UP000007587|tr|H8MVJ5|H8MVJ5_CORCM           85.13%    passed     11.84%
3309  UP000267003|tr|A0A3A8Q4Q3|A0A3A8Q4Q3_9BACT   85.13%    passed     13.53%
3310  UP000563426|tr|A0A3A8H9A0|A0A3A8H9A0_9BACT   85.13%    passed     13.18%
3311  UP000664052|tr|A0ABS3D725|A0ABS3D725_9BACT   85.13%    passed     14.01%
3312  UP001342631|tr|A0ABQ6R5Q0|A0ABQ6R5Q0_9BACT   85.13%    passed     12.25%
3313  UP000268313|tr|A0A3A8JGA1|A0A3A8JGA1_9BACT   85.13%    passed     12.43%
3314  UP000537825|tr|A0A7X4YH85|A0A7X4YH85_9BACT   85.13%    passed      9.05%
3315  UP000282656|tr|A0A3A8PQT2|A0A3A8PQT2_9BACT   85.13%    passed     12.79%
3316  UP000268094|tr|A0A3A8I273|A0A3A8I273_9BACT   85.10%    passed     13.01%
3317  UP000278907|tr|A0ABX9QBK3|A0ABX9QBK3_9BACT   85.10%    passed     10.51%
3318  UP001516472|tr|A0ABR9PYY1|A0ABR9PYY1_9BACT   85.10%    passed     14.75%
3319  UP000272888|tr|A0A3A8NCM2|A0A3A8NCM2_9BACT   85.10%    passed     12.48%
3320  UP000273405|tr|A0A3A8MMP0|A0A3A8MMP0_9BACT   85.10%    passed     15.68%
3321  UP000256345|tr|A0ABX9JVJ9|A0ABX9JVJ9_9BACT   85.13%    passed     19.60%
3322  UP001207654|tr|A0ABT3ZWJ5|A0ABT3ZWJ5_9BACT   85.13%    passed     22.63%
3323  UP001611383|tr|A0ABY9WHV9|A0ABY9WHV9_9BACT   85.13%    passed     22.51%
3324  UP000011682|tr|S9Q996|S9Q996_CYSF2           85.15%    passed     14.39%
3325  UP000182229|tr|A0A1L9AYT8|A0A1L9AYT8_9BACT   85.15%    passed     15.30%
3326  UP000217289|tr|A0A250IGM4|A0A250IGM4_9BACT   85.15%    failed      2.43%
3327  UP000028725|tr|A0A085VTZ5|A0A085VTZ5_9BACT   85.15%    passed     22.68%
3328  UP001291309|tr|A0ABU5H7W8|A0ABU5H7W8_9BACT   85.15%    passed     19.35%
3329  UP000019678|tr|A0A017SWQ0|A0A017SWQ0_9BACT   84.69%    failed      0.48%
3330  UP000067626|tr|A0A0K1ERY1|A0A0K1ERY1_CHOCO   84.88%    failed      0.91%
3331  UP000064967|tr|A0A0K1PX60|A0A0K1PX60_9BACT   84.99%    passed     10.30%
3332  UP000034883|tr|A0A0F6W500|A0A0F6W500_9BACT   84.83%    passed     15.67%
3333  UP000001929|tr|Q2RS89|Q2RS89_RHORT           84.99%    failed      3.15%
3334  UP000033220|tr|H6SPK1|H6SPK1_PARPM           84.66%    failed      1.80%
3335  UP000321567|tr|A0A512H697|A0A512H697_9PROT   85.26%    passed     10.97%
3336  UP000631034|tr|A0A8J6YNW5|A0A8J6YNW5_9PROT   85.26%    passed     10.31%
3337  UP000009881|tr|K9GQ96|K9GQ96_9PROT           85.29%    passed     34.82%
3338  UP000219621|tr|A0A286GNK1|A0A286GNK1_9PROT   85.29%    passed     43.11%
3339  UP000199412|tr|A0A1G7D6P5|A0A1G7D6P5_9PROT   85.32%    failed      3.26%
3340  UP000555728|tr|A0A7W6S1N2|A0A7W6S1N2_9PROT   85.32%    failed      0.29%
3341  UP000324065|tr|A0A5M6IBS3|A0A5M6IBS3_9PROT   85.32%    passed     12.86%
3342  UP000434582|tr|A0A7X1ZG43|A0A7X1ZG43_9PROT   85.32%    passed      7.79%
3343  UP000554286|tr|A0A7W6W8V8|A0A7W6W8V8_9PROT   85.07%    failed      0.59%
3344  UP000076066|tr|A0A143DDG4|A0A143DDG4_9PROT   85.32%    passed     38.37%
3345  UP000185678|tr|A0A1N7NMJ8|A0A1N7NMJ8_9PROT   85.32%    passed     80.79%
3346  UP000544872|tr|A0A7X0DN52|A0A7X0DN52_NOVIT   85.32%    passed     41.92%
3347  UP000004169|tr|H8FSJ0|H8FSJ0_MAGML           85.26%    passed     20.80%
3348  UP000182983|tr|A0A1H6HF40|A0A1H6HF40_MAGFU   85.26%    passed     10.15%
3349  UP001597296|tr|A0ABW5C4B9|A0ABW5C4B9_9PROT   85.26%    passed     10.41%
3350  UP000007058|tr|Q2W7P0|Q2W7P0_PARM1           85.26%    passed     59.55%
3351  UP000031971|tr|A0A0C2V6I2|A0A0C2V6I2_PARME   85.26%    passed     49.67%
3352  UP000011744|tr|M2ZME7|M2ZME7_9PROT           85.26%    passed     50.57%
3353  UP000078428|tr|A0A178M5L2|A0A178M5L2_9PROT   85.26%    passed     36.07%
3354  UP000251075|tr|A0A364NYC1|A0A364NYC1_9PROT   85.26%    passed     27.75%
3355  UP000480684|tr|A0A7C9QVF5|A0A7C9QVF5_9PROT   85.26%    passed     33.81%
3356  UP000018922|tr|V6F2F9|V6F2F9_MAGGM           85.26%    passed     18.10%
3357  UP000680714|tr|A0ABS5I7A4|A0ABS5I7A4_9PROT   85.26%    passed     18.96%
3358  UP000078543|tr|A0A178MCK8|A0A178MCK8_9PROT   85.26%    passed     44.00%
3359  UP000233293|tr|A0A2N3PVY3|A0A2N3PVY3_9PROT   85.21%    passed     37.78%
3360  UP000326641|tr|A0A564WEU6|A0A564WEU6_9PROT   85.13%    passed     37.98%
3361  UP000516369|tr|A0A7H1MXJ1|A0A7H1MXJ1_9PROT   85.13%    passed     27.37%
3362  UP000027463|tr|A0ABR4TID3|A0ABR4TID3_9PROT   85.26%    passed     70.64%
3363  UP000076167|tr|A0ABR5Y7B7|A0ABR5Y7B7_9PROT   85.26%    passed     67.51%
3364  UP000252419|tr|A0A367UEL2|A0A367UEL2_9PROT   85.26%    passed     67.76%
3365  UP000193396|tr|A0A1Y2LAW6|A0A1Y2LAW6_9PROT   85.26%    passed     74.36%
3366  UP000193391|tr|A0A1Y2KWU9|A0A1Y2KWU9_9PROT   85.26%    passed     82.10%
3367  UP000233458|tr|A0ABM6Q6N3|A0ABM6Q6N3_9PROT   85.26%    passed     60.89%
3368  UP000233332|tr|A0A2N3L2T4|A0A2N3L2T4_9PROT   85.26%    passed     53.25%
3369  UP000233365|tr|A0A8I1SIZ2|A0A8I1SIZ2_9PROT   85.26%    passed     56.37%
3370  UP001529180|tr|A0ABT6GDS0|A0ABT6GDS0_9PROT   85.26%    passed     59.22%
3371  UP000256971|tr|A0ABN5NFR6|A0ABN5NFR6_9PROT   85.26%    passed     59.42%
3372  UP000556869|tr|A0ABX0WYR8|A0ABX0WYR8_9PROT   85.26%    passed     54.04%
3373  UP000008743|tr|A0A0D2X4H0|A0A0D2X4H0_CAPO3   84.06%    passed      5.50%
3374  UP000095280|tr|A0A1I8JF77|A0A1I8JF77_9PLAT   84.36%    passed     23.18%
3375  UP000215902|tr|A0A267GPU0|A0A267GPU0_9PLAT   84.61%    passed     28.42%
3376  UP000001568|tr|A4RVM5|A4RVM5_OSTLU           84.66%    passed     22.99%
3377  UP000009170|tr|A0A090LZV8|A0A090LZV8_OSTTA   84.17%    failed      4.67%
3378  UP000001876|tr|C1MPR9|C1MPR9_MICPC           87.87%    passed     76.20%
3379  UP000002009|tr|C1E4Q8|C1E4Q8_MICCC           84.25%    passed     47.26%
3380  UP000001357|tr|A9UZD6|A9UZD6_MONBE           84.28%    passed     37.18%
3381  UP000007799|tr|F2UIA3|F2UIA3_SALR5           84.09%    passed     38.58%
3382  UP000006746|tr|K2JWC6|K2JWC6_9PROT           85.24%    passed     36.84%
3383  UP000076400|tr|A0A154W8Y1|A0A154W8Y1_9PROT   85.24%    passed     21.37%
3384  UP000033774|tr|A0A0F3IWG8|A0A0F3IWG8_9PROT   85.21%    passed     20.21%
3385  UP000216361|tr|A0A255XMR8|A0A255XMR8_9PROT   85.24%    passed      9.69%
3386  UP001597295|tr|A0ABW5DS16|A0ABW5DS16_9PROT   85.26%    passed     54.35%
3387  UP000190092|tr|A0A1T4T095|A0A1T4T095_9HYPH   85.26%    passed     28.11%
3388  UP000321058|tr|A0A512NDX2|A0A512NDX2_9HYPH   85.26%    passed     40.09%
3389  UP000727907|tr|A0ABS6IJV1|A0ABS6IJV1_9HYPH   85.26%    passed     27.80%
3390  UP001198862|tr|A0ABS8KZM4|A0ABS8KZM4_9HYPH   85.26%    passed     23.12%
3391  UP000321638|tr|A0A5C8PR83|A0A5C8PR83_9HYPH   85.26%    passed      5.99%
3392  UP000278222|tr|A0A3N1LHI3|A0A3N1LHI3_9PROT   85.24%    passed     23.84%
3393  UP000317496|tr|A0A516H1V1|A0A516H1V1_9PROT   85.32%    passed     33.95%
3394  UP001595711|tr|A0ABV7VFN9|A0ABV7VFN9_9PROT   85.32%    passed     36.50%
3395  UP000198615|tr|A0A8G2BFW6|A0A8G2BFW6_9PROT   85.32%    passed     65.87%
3396  UP000630353|tr|A0A918XY67|A0A918XY67_9PROT   85.32%    passed     37.06%
3397  UP001060336|tr|A0A9J7AQG6|A0A9J7AQG6_9PROT   85.32%    passed     48.58%
3398  UP000183685|tr|A0A1G7AX07|A0A1G7AX07_9PROT   85.32%    passed     55.66%
3399  UP001595776|tr|A0ABV8U8K3|A0ABV8U8K3_9PROT   85.32%    passed     33.43%
3400  UP000630923|tr|A0A919AT43|A0A919AT43_9PROT   85.32%    passed     34.33%
3401  UP001595444|tr|A0ABV7D8Y7|A0ABV7D8Y7_9PROT   85.32%    passed     12.90%
3402  UP001217500|tr|A0AAF0BGK0|A0AAF0BGK0_9PROT   85.32%    passed     32.89%
3403  UP001268683|tr|A0AA52EIU1|A0AA52EIU1_9PROT   85.32%    passed     24.46%
3404  UP000271227|tr|A0A3M0D648|A0A3M0D648_9PROT   84.99%    passed     29.64%
3405  UP000229730|tr|A0A2G4YRL2|A0A2G4YRL2_9PROT   85.32%    passed     22.22%
3406  UP000319148|tr|A0A501PCG2|A0A501PCG2_9PROT   85.32%    passed     41.81%
3407  UP000193200|tr|A0A1Y5TU48|A0A1Y5TU48_9PROT   85.32%    passed     63.07%
3408  UP000445696|tr|A0A845MGZ1|A0A845MGZ1_9PROT   85.24%    passed     55.04%
3409  UP000476030|tr|A0A6L8W4V7|A0A6L8W4V7_9PROT   85.24%    passed     38.61%
3410  UP000664761|tr|A0ABS3F9P8|A0ABS3F9P8_9PROT   85.24%    passed     62.37%
3411  UP001056291|tr|A0ABY4W3B4|A0ABY4W3B4_9PROT   85.21%    passed     52.16%
3412  UP001161409|tr|A0ABQ5U3K0|A0ABQ5U3K0_9PROT   85.29%    passed     57.58%
3413  UP000019335|tr|W7TSQ3|W7TSQ3_9STRA           84.50%    passed     34.28%
3414  UP000355283|tr|A0A4D9DG54|A0A4D9DG54_9STRA   84.50%    passed     46.96%
3415  UP000324585|tr|A0A5J4YNQ0|A0A5J4YNQ0_PORPP   82.85%    passed     32.71%
3416  UP000013827|tr|A0A0D3I9S5|A0A0D3I9S5_EMIH1   84.47%    passed     22.47%
3417  UP000037460|tr|A0A0M0LSE4|A0A0M0LSE4_9EUKA   84.61%    passed     59.59%
3418  UP001515480|tr|A0AB34J9P3|A0AB34J9P3_PRYPA   84.55%    passed     12.00%
3419  UP000002630|tr|D7FN31|D7FN31_ECTSI           83.35%    passed     28.10%
3420  UP000054408|tr|A0A0L0DMW1|A0A0L0DMW1_THETB   87.78%    passed     26.70%
3421  UP000593567|tr|A0A7J7KNQ7|A0A7J7KNQ7_BUGNE   83.98%    passed     30.24%
3422  UP000041254|tr|A0A0G4G075|A0A0G4G075_VITBC   84.31%    passed     72.60%
3423  UP000000419|tr|Q8YGY9|Q8YGY9_BRUME           85.24%    passed     47.44%
3424  UP000002719|tr|Q2YNT5|Q2YNT5_BRUA2           85.24%    passed     47.44%
3425  UP000002188|tr|C7LBR0|C7LBR0_BRUMC           85.24%    passed     42.67%
3426  UP000007104|tr|A0A0H3G307|A0A0H3G307_BRUSU   85.24%    passed     49.75%
3427  UP000004689|tr|A0ABM9ZKY6|A0ABM9ZKY6_BRUPB   85.24%    passed     40.95%
3428  UP000001385|tr|A9MAX8|A9MAX8_BRUC2           85.24%    passed     49.30%
3429  UP001171122|tr|A0AAW7BFA3|A0AAW7BFA3_9HYPH   85.24%    passed     54.54%
3430  UP000005727|tr|A0A7U8PWQ1|A0A7U8PWQ1_BRUNE   85.24%    passed     41.24%
3431  UP000003990|tr|A0ABM9ZE41|A0ABM9ZE41_9HYPH   85.24%    passed     38.62%
3432  UP000006383|tr|A0A0H3AQN5|A0A0H3AQN5_BRUO2   84.09%    passed     35.55%
3433  UP000002301|tr|A6X137|A6X137_BRUA4           85.24%    passed     41.63%
3434  UP000435957|tr|A0A256GYJ9|A0A256GYJ9_9HYPH   85.24%    passed     44.90%
3435  UP000238493|tr|A0A2S7IV06|A0A2S7IV06_9HYPH   85.24%    passed     33.40%
3436  UP000430843|tr|A0A6L3YV62|A0A6L3YV62_9HYPH   85.24%    passed     40.90%
3437  UP000578622|tr|A0A5N7P2K9|A0A5N7P2K9_9HYPH   85.24%    passed     32.23%
3438  UP001058739|tr|A0ABY5UBD7|A0ABY5UBD7_9HYPH   85.24%    passed     31.12%
3439  UP000553980|tr|A0A5C5CT68|A0A5C5CT68_9HYPH   85.24%    passed     35.88%
3440  UP001375812|tr|A0ABU8PAH6|A0ABU8PAH6_9HYPH   85.24%    passed     43.44%
3441  UP000182985|tr|A0A1J6HGX7|A0A1J6HGX7_9HYPH   85.24%    passed     45.75%
3442  UP000312784|tr|A0ABY2Y3S4|A0ABY2Y3S4_9HYPH   85.24%    passed     50.43%
3443  UP000574931|tr|A0A2P9HNR7|A0A2P9HNR7_9HYPH   85.24%    passed     46.85%
3444  UP000215590|tr|A0A256FW35|A0A256FW35_9HYPH   85.24%    passed     57.71%
3445  UP001301216|tr|A0ABT3QLI2|A0ABT3QLI2_9HYPH   85.24%    passed     45.54%
3446  UP000216188|tr|A0A256GE33|A0A256GE33_9HYPH   85.24%    passed     41.61%
3447  UP000718278|tr|A0ABS3JX82|A0ABS3JX82_9HYPH   85.24%    passed     40.58%
3448  UP000216478|tr|A0A256F3A4|A0A256F3A4_9HYPH   85.24%    passed     42.48%
3449  UP000216345|tr|A0A256FI01|A0A256FI01_9HYPH   85.24%    passed     41.19%
3450  UP000327108|tr|A0A5N1JRJ5|A0A5N1JRJ5_9HYPH   85.24%    passed     48.77%
3451  UP001184614|tr|A0ABU1M4Z2|A0ABU1M4Z2_9HYPH   85.24%    passed     40.32%
3452  UP000315388|tr|A0A502BMB2|A0A502BMB2_9HYPH   85.24%    passed     50.03%
3453  UP000245865|tr|A0A316JG90|A0A316JG90_9HYPH   85.24%    passed     67.74%
3454  UP000752297|tr|A0A949USP7|A0A949USP7_9HYPH   85.24%    passed     48.88%
3455  UP000555546|tr|A0A7W9AWJ7|A0A7W9AWJ7_9HYPH   85.21%    passed     40.60%
3456  UP000555393|tr|A0A841LWU3|A0A841LWU3_9HYPH   85.21%    passed     31.03%
3457  UP001424441|tr|A0ABN1FG37|A0ABN1FG37_9HYPH   85.21%    passed     32.88%
3458  UP000070107|tr|A0A135HVA8|A0A135HVA8_9HYPH   85.35%    passed     48.67%
3459  UP000239434|tr|A0A2S9IM43|A0A2S9IM43_9HYPH   85.24%    passed     29.59%
3460  UP000253420|tr|A0A368KCP8|A0A368KCP8_9HYPH   85.24%    passed     42.21%
3461  UP000247454|tr|A0A318T2V5|A0A318T2V5_9HYPH   85.35%    passed     29.08%
3462  UP001628091|tr|A0ABQ0H048|A0ABQ0H048_9HYPH   85.18%    passed     49.11%
3463  UP000646478|tr|A0A916S5R1|A0A916S5R1_9HYPH   85.35%    passed     45.96%
3464  UP001596042|tr|A0ABV9H3E4|A0ABV9H3E4_9HYPH   85.24%    passed     32.40%
3465  UP000249453|tr|A0A364JU25|A0A364JU25_9HYPH   85.24%    passed     45.26%
3466  UP000242763|tr|A0A1I3KX44|A0A1I3KX44_9HYPH   85.24%    passed     58.50%
3467  UP000323258|tr|A0A5D4GZF8|A0A5D4GZF8_9HYPH   85.24%    passed     58.54%
3468  UP001559025|tr|A0ABV3WT90|A0ABV3WT90_9HYPH   85.24%    passed     45.03%
3469  UP000601789|tr|A0ABS0SAD0|A0ABS0SAD0_9HYPH   85.24%    passed     56.23%
3470  UP000252893|tr|A0A366EBF9|A0A366EBF9_9HYPH   85.24%    passed     55.59%
3471  UP000531231|tr|A0A7W8AI56|A0A7W8AI56_9HYPH   85.24%    passed     47.69%
3472  UP001597263|tr|A0ABW3V9R0|A0ABW3V9R0_9HYPH   85.24%    passed     59.34%
3473  UP000321389|tr|A0A5B8KW20|A0A5B8KW20_9HYPH   85.24%    passed     21.79%
3474  UP000463224|tr|A0A844QFQ6|A0A844QFQ6_9HYPH   85.35%    passed     28.91%
3475  UP000221168|tr|A0A2G1QHH8|A0A2G1QHH8_9HYPH   85.24%    passed     46.86%
3476  UP000278398|tr|A0A3R9XZE4|A0A3R9XZE4_9HYPH   85.24%    passed     26.20%
3477  UP000001596|tr|B9JW53|B9JW53_ALLAM           85.37%    passed     56.54%
3478  UP000179454|tr|A0ABD6H4L2|A0ABD6H4L2_AGRVI   85.37%    passed     56.54%
3479  UP001235269|tr|A0ABU0I8U2|A0ABU0I8U2_9HYPH   85.37%    passed     32.73%
3480  UP000185598|tr|A0A1Q9A0U6|A0A1Q9A0U6_9HYPH   85.37%    passed     46.46%
3481  UP000007123|tr|K2Q369|K2Q369_9HYPH           85.35%    passed     29.80%
3482  UP000596351|tr|A0ABX7EZF3|A0ABX7EZF3_9HYPH   85.35%    passed     31.64%
3483  UP000247536|tr|A0ABX5NYJ6|A0ABX5NYJ6_9HYPH   85.35%    passed     35.07%
3484  UP000309667|tr|A0ABY2QNL6|A0ABY2QNL6_9HYPH   85.35%    passed     39.56%
3485  UP001522662|tr|A0ABT0D0F7|A0ABT0D0F7_9HYPH   85.35%    passed     40.53%
3486  UP000308530|tr|A0ABX6QQ26|A0ABX6QQ26_9HYPH   85.35%    passed     36.66%
3487  UP001238496|tr|A0ABU0G7V9|A0ABU0G7V9_9HYPH   85.35%    passed     29.78%
3488  UP000550895|tr|A0A7W8HTG6|A0A7W8HTG6_9HYPH   85.35%    passed     28.21%
3489  UP000316429|tr|A0A504U860|A0A504U860_9HYPH   85.35%    passed     40.59%
3490  UP000308828|tr|A0A4S8P6F9|A0A4S8P6F9_9HYPH   85.35%    passed     33.24%
3491  UP000186894|tr|A0A1Q8ZNM9|A0A1Q8ZNM9_9HYPH   85.35%    passed     34.04%
3492  UP000310754|tr|A0A4S4A2K2|A0A4S4A2K2_9HYPH   85.35%    passed     41.18%
3493  UP000477849|tr|A0A6M1S1C7|A0A6M1S1C7_9HYPH   85.35%    passed     33.36%
3494  UP001155079|tr|A0ABT0V9F8|A0ABT0V9F8_9HYPH   85.35%    passed     32.56%
3495  UP000252582|tr|A0A6I7HTJ3|A0A6I7HTJ3_9HYPH   85.35%    passed     36.97%
3496  UP001595647|tr|A0ABV7I145|A0ABV7I145_9HYPH   85.35%    passed     38.68%
3497  UP000291088|tr|A0A4Q2T1B6|A0A4Q2T1B6_9HYPH   85.35%    passed     38.52%
3498  UP000254764|tr|A0A376AG77|A0A376AG77_9HYPH   85.35%    passed     48.03%
3499  UP000321717|tr|A0A512HCE3|A0A512HCE3_9HYPH   85.35%    passed     31.37%
3500  UP001157117|tr|A0ABQ6E6E1|A0ABQ6E6E1_9SPHN   85.35%    passed     31.37%
3501  UP000541470|tr|A0A7Y0ATN6|A0A7Y0ATN6_9HYPH   85.35%    passed     34.90%
3502  UP000001936|tr|Q2K7M1|Q2K7M1_RHIEC           86.31%    passed     48.31%
3503  UP000006575|tr|Q1MFT1|Q1MFT1_RHIJ3           85.35%    passed     49.73%
3504  UP001322785|tr|A0ABZ0ZCE5|A0ABZ0ZCE5_9HYPH   85.35%    passed     44.59%
3505  UP000291302|tr|A0ABY1XUI7|A0ABY1XUI7_9HYPH   85.35%    passed     43.11%
3506  UP000542811|tr|A0A1S9GQK8|A0A1S9GQK8_9HYPH   85.35%    passed     39.50%
3507  UP001187203|tr|A0ABU3YL55|A0ABU3YL55_9HYPH   85.35%    passed     39.64%
3508  UP000539787|tr|A0ABR6AG38|A0ABR6AG38_9HYPH   85.35%    passed     41.73%
3509  UP000519972|tr|A0A7Y3SAR8|A0A7Y3SAR8_9HYPH   85.35%    passed     51.48%
3510  UP000305673|tr|A0ABX6P9H3|A0ABX6P9H3_9HYPH   85.35%    passed     46.88%
3511  UP001531129|tr|A0ABU8CM89|A0ABU8CM89_9HYPH   85.35%    passed     53.15%
3512  UP000291659|tr|A0AAE4YYD4|A0AAE4YYD4_9HYPH   85.35%    passed     42.76%
3513  UP000219972|tr|A0ABX4J5H5|A0ABX4J5H5_9HYPH   85.35%    passed     37.88%
3514  UP000078551|tr|A0A192T9I6|A0A192T9I6_9HYPH   85.35%    passed     45.17%
3515  UP000272004|tr|A0A7W6B646|A0A7W6B646_9HYPH   85.35%    passed     49.48%
3516  UP001549077|tr|A0ABV2MB12|A0ABV2MB12_9HYPH   85.35%    passed     51.51%
3517  UP000218807|tr|A0A2A5L0Q8|A0A2A5L0Q8_9HYPH   85.35%    passed     52.11%
3518  UP000733858|tr|A0ABS7M116|A0ABS7M116_9HYPH   85.35%    passed     46.20%
3519  UP000528824|tr|A0A7W8UJD2|A0A7W8UJD2_9HYPH   85.35%    passed     55.42%
3520  UP001304050|tr|A0ACC6MYC9|A0ACC6MYC9_9HYPH   85.35%    passed     53.21%
3521  UP000518315|tr|A0A427N028|A0A427N028_9HYPH   85.35%    passed     43.69%
3522  UP001269402|tr|A0AAW8NZJ4|A0AAW8NZJ4_9HYPH   85.35%    passed     41.58%
3523  UP000278823|tr|A0A432PTC1|A0A432PTC1_9HYPH   85.35%    passed     49.34%
3524  UP000008330|tr|A0ABF7QMQ1|A0ABF7QMQ1_RHILW   85.35%    passed     54.68%
3525  UP000220927|tr|A0AAE5WMH8|A0AAE5WMH8_9HYPH   85.35%    passed     50.98%
3526  UP000220768|tr|A0A2A6JBP3|A0A2A6JBP3_9HYPH   85.35%    passed     42.85%
3527  UP000720124|tr|A0ABS7LRE0|A0ABS7LRE0_9HYPH   85.35%    passed     29.26%
3528  UP000770629|tr|A0A9Q3M938|A0A9Q3M938_9HYPH   85.35%    passed     46.78%
3529  UP000219914|tr|A0A2A6KLH8|A0A2A6KLH8_9HYPH   85.35%    passed     41.41%
3530  UP000524492|tr|A0A7W6QCY6|A0A7W6QCY6_9HYPH   85.35%    passed     47.30%
3531  UP000012429|tr|N6VDV1|N6VDV1_9HYPH           85.35%    passed     34.81%
3532  UP000199101|tr|A0A1C3WTV2|A0A1C3WTV2_9HYPH   85.35%    passed     28.16%
3533  UP000390335|tr|A0ABQ0YZH7|A0ABQ0YZH7_9HYPH   85.35%    passed     28.06%
3534  UP000526625|tr|A0A6P1C206|A0A6P1C206_RHITR   85.35%    passed     29.06%
3535  UP001250791|tr|A0ABU1SS12|A0ABU1SS12_9HYPH   85.35%    passed     34.51%
3536  UP000186228|tr|A0A1C3TW57|A0A1C3TW57_9HYPH   85.35%    passed     29.71%
3537  UP000199435|tr|A0A1C3WYG1|A0A1C3WYG1_9HYPH   85.35%    passed     39.18%
3538  UP000282195|tr|A0A387FLZ1|A0A387FLZ1_9HYPH   85.35%    passed     45.73%
3539  UP001172645|tr|A0ABT7JXW0|A0ABT7JXW0_9HYPH   85.35%    passed     47.14%
3540  UP001172630|tr|A0ABT7KAF9|A0ABT7KAF9_9HYPH   85.35%    passed     29.99%
3541  UP000543836|tr|A0A7W7ELA6|A0A7W7ELA6_9HYPH   85.35%    passed     33.96%
3542  UP000549882|tr|A0A7W8XQA6|A0A7W8XQA6_9HYPH   85.35%    passed     37.36%
3543  UP000620262|tr|A0ABR9J242|A0ABR9J242_RHIVS   85.35%    passed     37.02%
3544  UP000717752|tr|A0ABS7H283|A0ABS7H283_9HYPH   85.35%    passed     26.52%
3545  UP000009319|tr|K0PX07|K0PX07_9HYPH           85.35%    passed     38.35%
3546  UP000014411|tr|S3HH60|S3HH60_9HYPH           85.35%    passed     42.61%
3547  UP000019443|tr|W6RC70|W6RC70_9HYPH           85.35%    passed     49.48%
3548  UP000198939|tr|A0A1H8NBD1|A0A1H8NBD1_9HYPH   85.35%    passed     60.59%
3549  UP000582090|tr|A0A7W6CMT9|A0A7W6CMT9_9HYPH   85.35%    passed     47.64%
3550  UP000068164|tr|A0A109JKI3|A0A109JKI3_9HYPH   85.35%    passed     48.39%
3551  UP000326881|tr|A0A5Q0C458|A0A5Q0C458_9HYPH   85.35%    passed     54.57%
3552  UP000031368|tr|A0A0B4X468|A0A0B4X468_9HYPH   85.35%    passed     59.63%
3553  UP000551353|tr|A0ABR6IM58|A0ABR6IM58_9HYPH   85.35%    passed     66.35%
3554  UP001060123|tr|A0A2N0D8H8|A0A2N0D8H8_RHISU   85.35%    passed     56.26%
3555  UP000295547|tr|A0A4R3QZ66|A0A4R3QZ66_9HYPH   85.35%    passed     59.77%
3556  UP001161580|tr|A0AAE3QFQ1|A0AAE3QFQ1_9HYPH   85.35%    passed     26.86%
3557  UP000528286|tr|A0A7W6J4E2|A0A7W6J4E2_9HYPH   85.35%    passed     52.50%
3558  UP000759443|tr|A0ABS4DZ33|A0ABS4DZ33_9HYPH   85.37%    passed     31.59%
3559  UP000245252|tr|A0A2U2DTI2|A0A2U2DTI2_9HYPH   85.35%    passed     19.27%
3560  UP000182840|tr|A0A1L3SSG8|A0A1L3SSG8_9HYPH   85.24%    passed     23.56%
3561  UP001556692|tr|A0ABV3SM57|A0ABV3SM57_9HYPH   85.24%    passed     20.83%
3562  UP000004291|tr|A9D6R1|A9D6R1_HOEPD           85.35%    passed     57.88%
3563  UP000094795|tr|A0A1C1YWK4|A0A1C1YWK4_9HYPH   85.35%    passed     35.01%
3564  UP000219465|tr|A0A286HLH9|A0A286HLH9_9HYPH   85.35%    passed     52.48%
3565  UP001320715|tr|A0ABT1CNW7|A0ABT1CNW7_9HYPH   85.35%    passed     53.26%
3566  UP001081283|tr|A0ABT3YHZ2|A0ABT3YHZ2_9HYPH   85.35%    passed     65.05%
3567  UP000295131|tr|A0A4R5PJY1|A0A4R5PJY1_9HYPH   85.35%    passed     62.12%
3568  UP001430804|tr|A0ABS6WQ24|A0ABS6WQ24_9HYPH   85.35%    passed     48.37%
3569  UP001073227|tr|A0ABT3Z6G8|A0ABT3Z6G8_9HYPH   85.35%    passed     64.15%
3570  UP000246352|tr|A0A317PTM2|A0A317PTM2_9HYPH   85.35%    passed     23.55%
3571  UP000291301|tr|A0A4R0P866|A0A4R0P866_9HYPH   85.26%    passed     15.00%
3572  UP000509367|tr|A0A6N1VEJ1|A0A6N1VEJ1_9HYPH   85.26%    passed     48.66%
3573  UP001549047|tr|A0ABV2IZ70|A0ABV2IZ70_9HYPH   85.35%    passed     45.60%
3574  UP000246132|tr|A0A3A8AGX5|A0A3A8AGX5_9HYPH   85.37%    passed     45.16%
3575  UP000293719|tr|A0A4P6V3J8|A0A4P6V3J8_9HYPH   85.35%    passed     26.22%
3576  UP000215405|tr|A0A231UWH1|A0A231UWH1_9HYPH   85.21%    passed     39.28%
3577  UP000281094|tr|A0A3L7JCQ5|A0A3L7JCQ5_9HYPH   85.24%    passed     60.78%
3578  UP001148313|tr|A0ABT4VJX4|A0ABT4VJX4_9HYPH   85.24%    passed     27.04%
3579  UP001196509|tr|A0AAE2ZI96|A0AAE2ZI96_9HYPH   85.24%    passed     55.29%
3580  UP001151234|tr|A0A9X3UG86|A0A9X3UG86_9HYPH   85.24%    passed     37.28%
3581  UP000268192|tr|A0A3S9B4V6|A0A3S9B4V6_9HYPH   85.35%    passed     39.99%
3582  UP000633219|tr|A0A937CLE0|A0A937CLE0_9HYPH   85.35%    passed     35.75%
3583  UP001174932|tr|A0ABT8YHM7|A0ABT8YHM7_9HYPH   85.35%    passed     52.58%
3584  UP000037822|tr|A0A0N1FI96|A0A0N1FI96_9HYPH   85.26%    passed     31.52%
3585  UP000094969|tr|A0A1D7TZX8|A0A1D7TZX8_9HYPH   85.26%    passed     30.86%
3586  UP000236919|tr|A0A2S4MER2|A0A2S4MER2_9HYPH   85.26%    passed     28.83%
3587  UP000236743|tr|A0A1H5SJQ8|A0A1H5SJQ8_9HYPH   85.15%    passed     47.32%
3588  UP001596060|tr|A0ABW0P3G5|A0ABW0P3G5_9HYPH   85.15%    passed     28.60%
3589  UP000255207|tr|A0A370L7G7|A0A370L7G7_9HYPH   85.15%    passed     39.70%
3590  UP000051562|tr|A0A0Q3KTY1|A0A0Q3KTY1_9HYPH   85.26%    passed     37.87%
3591  UP000199468|tr|A0ABY0NKI9|A0ABY0NKI9_9HYPH   85.26%    passed     38.03%
3592  UP000619295|tr|A0A927I0U1|A0A927I0U1_9HYPH   85.26%    passed     34.34%
3593  UP001254257|tr|A0ABU3S1G4|A0ABU3S1G4_9HYPH   85.26%    passed     33.94%
3594  UP000199664|tr|A0A1H7P9W2|A0A1H7P9W2_9HYPH   85.26%    passed     22.07%
3595  UP001596053|tr|A0ABW0IWM5|A0ABW0IWM5_9HYPH   85.26%    passed     30.82%
3596  UP001596104|tr|A0ABW0H2B4|A0ABW0H2B4_9HYPH   85.26%    passed     30.28%
3597  UP001595976|tr|A0ABW0F9X8|A0ABW0F9X8_9HYPH   85.26%    passed     21.41%
3598  UP000094622|tr|A0A1E3H4I4|A0A1E3H4I4_9HYPH   93.37%    passed     59.96%
3599  UP000223606|tr|A0A2C9D563|A0A2C9D563_9HYPH   85.13%    failed      3.55%
3600  UP000182178|tr|A0ABM9U1N8|A0ABM9U1N8_9HYPH   85.21%    failed      2.32%
3601  UP000182703|tr|A0AAC9NZT2|A0AAC9NZT2_9HYPH   85.21%    failed      2.32%
3602  UP000577362|tr|A0A840C292|A0A840C292_9HYPH   85.21%    failed      3.70%
3603  UP000588017|tr|A0A841K4U3|A0A841K4U3_9HYPH   85.21%    passed      5.64%
3604  UP001321492|tr|A0ABT7AHG0|A0ABT7AHG0_9HYPH   85.18%    failed      0.97%
3605  UP000631694|tr|A0A931I5V0|A0A931I5V0_9HYPH   85.15%    passed      5.15%
3606  UP000182800|tr|A0A0P7XX87|A0A0P7XX87_9HYPH   85.26%    passed     26.92%
3607  UP000323142|tr|A0A5B2VSF4|A0A5B2VSF4_9HYPH   85.35%    failed      3.58%
3608  UP000600449|tr|A0A917Q5G5|A0A917Q5G5_9HYPH   84.72%    passed     18.89%
3609  UP000186406|tr|A0A1M7Z6T2|A0A1M7Z6T2_9HYPH   85.05%    passed      6.89%
3610  UP000637002|tr|A0A916TWS4|A0A916TWS4_9HYPH   85.26%    passed      7.32%
3611  UP000294881|tr|A0A4R2GXR1|A0A4R2GXR1_9HYPH   85.13%    passed     27.93%
3612  UP001595704|tr|A0ABV7UNA2|A0ABV7UNA2_9HYPH   85.13%    passed     25.70%
3613  UP001595536|tr|A0ABV7LBJ0|A0ABV7LBJ0_9HYPH   85.13%    passed      8.99%
3614  UP000239772|tr|A0A2T1HR05|A0A2T1HR05_9HYPH   85.26%    passed     38.50%
3615  UP000603912|tr|A0A917MGF5|A0A917MGF5_9HYPH   85.26%    passed     50.87%
3616  UP001205890|tr|A0ABT1LCN4|A0ABT1LCN4_9HYPH   85.26%    passed     15.75%
3617  UP000048984|tr|A0A0P6WLJ3|A0A0P6WLJ3_9HYPH   85.40%    passed      8.61%
3618  UP000766595|tr|A0A947D9E5|A0A947D9E5_9HYPH   85.10%    passed     15.04%
3619  UP000237682|tr|A0A2S9QAS7|A0A2S9QAS7_9HYPH   85.05%    passed      9.59%
3620  UP001555786|tr|A0ABV6ZBF6|A0ABV6ZBF6_9HYPH   85.05%    passed      8.89%
3621  UP001156882|tr|A0ABQ6CTX7|A0ABQ6CTX7_9HYPH   85.05%    passed     17.68%
3622  UP001237448|tr|A0ABU0FHU9|A0ABU0FHU9_9HYPH   85.05%    passed      6.07%
3623  UP001242480|tr|A0ABU0JKN3|A0ABU0JKN3_9HYPH   85.26%    failed      2.06%
3624  UP000038011|tr|A0A0N0VLC6|A0A0N0VLC6_9HYPH   85.40%    passed     69.18%
3625  UP001477870|tr|A0ABU9T551|A0ABU9T551_9HYPH   85.40%    passed     67.40%
3626  UP000188912|tr|A0A1U9JTX1|A0A1U9JTX1_9HYPH   85.24%    passed     28.89%
3627  UP000294547|tr|A0A4R6RI61|A0A4R6RI61_9HYPH   85.21%    passed      7.38%
3628  UP000249299|tr|A0A327JSZ7|A0A327JSZ7_9HYPH   85.24%    passed     21.27%
3629  UP001209755|tr|A0ABT3HGH3|A0ABT3HGH3_9HYPH   84.36%    passed     23.00%
3630  UP000001695|tr|B2IKK4|B2IKK4_BEII9           85.26%    passed      7.30%
3631  UP000002257|tr|B8EN08|B8EN08_METSB           85.26%    passed     14.27%
3632  UP000485880|tr|A0A8B6M3S7|A0A8B6M3S7_METTU   84.31%    failed      3.54%
3633  UP000198755|tr|A0A1I3ZP68|A0A1I3ZP68_9HYPH   85.26%    failed      1.70%
3634  UP001626536|tr|A0ABZ0HQK7|A0ABZ0HQK7_9HYPH   85.26%    failed      4.96%
3635  UP000256900|tr|A0A3D9YV49|A0A3D9YV49_9HYPH   85.26%    passed      5.40%
3636  UP000237889|tr|A0A2S0NBA8|A0A2S0NBA8_9HYPH   85.15%    passed      6.26%
3637  UP000241808|tr|A0A2T4YZ69|A0A2T4YZ69_9HYPH   85.15%    passed     17.22%
3638  UP000298588|tr|A0A4D7QLK4|A0A4D7QLK4_9HYPH   85.15%    passed     12.06%
3639  UP000298781|tr|A0A4D7ATQ0|A0A4D7ATQ0_9HYPH   85.15%    passed     19.67%
3640  UP000253529|tr|A0A366EHP5|A0A366EHP5_9HYPH   85.26%    failed      1.35%
3641  UP000198418|tr|A0A212S497|A0A212S497_RHOAC   85.32%    failed      2.03%
3642  UP000239089|tr|A0A2S6MUF9|A0A2S6MUF9_9HYPH   85.32%    passed      5.19%
3643  UP001139104|tr|A0ABS9Z1G6|A0ABS9Z1G6_9HYPH   85.26%    passed      5.60%
3644  UP000008130|tr|F2J5X5|F2J5X5_POLGS           85.07%    passed     15.65%
3645  UP000064921|tr|A0A0L0J3Q5|A0A0L0J3Q5_9HYPH   85.07%    passed     63.18%
3646  UP001380822|tr|A0ABU7ZIZ8|A0ABU7ZIZ8_9HYPH   85.07%    passed     60.95%
3647  UP000183900|tr|A0A0K6HUK6|A0A0K6HUK6_9HYPH   85.07%    passed     59.06%
3648  UP000541347|tr|A0ABW9ZD09|A0ABW9ZD09_9HYPH   85.07%    passed     52.30%
3649  UP000586722|tr|A0A7X5F247|A0A7X5F247_9HYPH   85.07%    passed     52.30%
3650  UP000048926|tr|A0A0M6XXF3|A0A0M6XXF3_9HYPH   85.07%    passed     26.68%
3651  UP000188174|tr|A0ABM6I935|A0ABM6I935_9HYPH   85.07%    passed     24.91%
3652  UP001431221|tr|A0ABT0GTJ2|A0ABT0GTJ2_9HYPH   85.07%    passed     44.66%
3653  UP001209803|tr|A0ABY8EXS4|A0ABY8EXS4_9HYPH   85.07%    passed     56.33%
3654  UP000236959|tr|A0A2S3UN86|A0A2S3UN86_9HYPH   85.07%    passed     31.57%
3655  UP001300261|tr|A0ABT3R1G5|A0ABT3R1G5_9HYPH   85.07%    passed     30.38%
3656  UP000186002|tr|A0A1M7D2B6|A0A1M7D2B6_9HYPH   85.07%    passed     48.79%
3657  UP000632063|tr|A0ABR9CQ03|A0ABR9CQ03_9HYPH   85.07%    passed     44.40%
3658  UP001597327|tr|A0ABW4JSV2|A0ABW4JSV2_9HYPH   85.07%    passed     46.48%
3659  UP000053235|tr|A0A0M7A3Z0|A0A0M7A3Z0_9HYPH   85.07%    passed     31.68%
3660  UP001157914|tr|A0ABY1NTC7|A0ABY1NTC7_9HYPH   85.07%    passed     33.01%
3661  UP000615687|tr|A0A927K9I4|A0A927K9I4_9HYPH   85.07%    passed     48.83%
3662  UP000320593|tr|A0A562T7K3|A0A562T7K3_9HYPH   85.07%    passed     31.45%
3663  UP000605148|tr|A0A916TET8|A0A916TET8_9HYPH   85.07%    passed     30.11%
3664  UP001385499|tr|A0ABU8TPT7|A0ABU8TPT7_9HYPH   85.07%    passed     40.39%
3665  UP000049983|tr|A0A0M7ATP5|A0A0M7ATP5_9HYPH   85.07%    passed     33.34%
3666  UP000664779|tr|A0A939J970|A0A939J970_9HYPH   85.18%    passed     47.43%
3667  UP000244081|tr|A0A2T5UW75|A0A2T5UW75_9HYPH   85.05%    passed     39.59%
3668  UP000076577|tr|A0A165TYS2|A0A165TYS2_9HYPH   85.10%    passed     28.28%
3669  UP000183371|tr|A0A1I6Y7L6|A0A1I6Y7L6_9HYPH   85.10%    passed     17.79%
3670  UP000680706|tr|A0ABX8AT54|A0ABX8AT54_9HYPH   85.10%    passed     19.45%
3671  UP000199598|tr|A0A1I4BES5|A0A1I4BES5_9HYPH   85.10%    passed     21.75%
3672  UP000637980|tr|A0ABQ3DZV4|A0ABQ3DZV4_9HYPH   85.10%    passed     26.32%
3673  UP000185783|tr|A0A1U7JEP8|A0A1U7JEP8_9HYPH   85.10%    passed     33.38%
3674  UP000219331|tr|A0A285SA55|A0A285SA55_9HYPH   85.10%    passed     35.23%
3675  UP000559404|tr|A0A838XT29|A0A838XT29_9HYPH   85.10%    passed     12.06%
3676  UP000433101|tr|A0A7X3LY47|A0A7X3LY47_9HYPH   85.10%    passed     17.45%
3677  UP000541109|tr|A0A839A904|A0A839A904_9HYPH   85.10%    passed     27.04%
3678  UP000001095|tr|K8P564|K8P564_9BRAD           84.94%    passed     26.18%
3679  UP000001096|tr|K8P6D5|K8P6D5_9BRAD           84.94%    passed     26.29%
3680  UP000480266|tr|A0A7C9RF86|A0A7C9RF86_9BRAD   87.67%    passed     41.02%
3681  UP000034832|tr|A0A4U6BPX0|A0A4U6BPX0_9BRAD   84.94%    passed     56.64%
3682  UP000001426|tr|Q6N319|Q6N319_RHOPA           84.91%    passed     30.67%
3683  UP000256343|tr|A0A336JQ75|A0A336JQ75_9BRAD   84.91%    passed     24.55%
3684  UP000256725|tr|A0ABX9JAF5|A0ABX9JAF5_9BRAD   84.91%    passed     24.55%
3685  UP000248148|tr|A0A318T8V3|A0A318T8V3_9BRAD   84.94%    passed     20.40%
3686  UP000008809|tr|Q2ITK4|Q2ITK4_RHOP2           84.80%    passed     45.62%
3687  UP000199615|tr|A0A1H8UWC8|A0A1H8UWC8_9BRAD   84.91%    passed     48.26%
3688  UP001589775|tr|A0ABV6ETK0|A0ABV6ETK0_9BRAD   84.91%    passed     24.89%
3689  UP000002526|tr|Q89I43|Q89I43_BRADU           84.91%    passed     24.61%
3690  UP000315914|tr|A0A560K5E6|A0A560K5E6_9BRAD   84.91%    passed     26.38%
3691  UP001565369|tr|A0ABV4G4Y8|A0ABV4G4Y8_9BRAD   84.91%    passed     29.10%
3692  UP000231194|tr|A0A2M8RDA8|A0A2M8RDA8_9BRAD   84.91%    passed     31.80%
3693  UP000297966|tr|A0A4Y9LCS3|A0A4Y9LCS3_9BRAD   84.91%    passed     26.64%
3694  UP000449969|tr|A0A844TJB4|A0A844TJB4_9BRAD   84.91%    passed     29.59%
3695  UP000051936|tr|A0A0R3DV14|A0A0R3DV14_9BRAD   84.91%    passed     22.92%
3696  UP000228930|tr|A0A2M6UCI3|A0A2M6UCI3_9BRAD   84.91%    passed     29.74%
3697  UP001565474|tr|A0ABV4GPM7|A0ABV4GPM7_9BRAD   84.91%    passed     37.31%
3698  UP000290401|tr|A0ABY0E9J7|A0ABY0E9J7_9BRAD   84.91%    passed     20.16%
3699  UP000593880|tr|A0A410V541|A0A410V541_9BRAD   84.91%    passed     39.69%
3700  UP000669317|tr|A0A2U3PYW9|A0A2U3PYW9_9BRAD   84.91%    passed     35.12%
3701  UP000289946|tr|A0A4Q0SC40|A0A4Q0SC40_9BRAD   84.91%    passed     42.41%
3702  UP000639516|tr|A0ABR7TYN9|A0ABR7TYN9_9BRAD   84.91%    passed     36.91%
3703  UP001194539|tr|A0ABS0P5S8|A0ABS0P5S8_9BRAD   84.91%    passed     33.08%
3704  UP000317176|tr|A0A562LQ42|A0A562LQ42_9BRAD   84.91%    passed     36.50%
3705  UP000289546|tr|A0A4Q0RZL1|A0A4Q0RZL1_9BRAD   84.91%    passed     34.29%
3706  UP000319298|tr|A0A6G9A8Z5|A0A6G9A8Z5_9BRAD   84.91%    passed     32.32%
3707  UP000298225|tr|A0A4Y9L914|A0A4Y9L914_9BRAD   84.91%    passed     31.98%
3708  UP000807370|tr|A0ABS0PXJ6|A0ABS0PXJ6_9BRAD   84.91%    passed     47.74%
3709  UP000007886|tr|A0AAI8QBJ3|A0AAI8QBJ3_9BRAD   84.91%    passed     42.42%
3710  UP001430990|tr|A0ABY3QF63|A0ABY3QF63_9BRAD   84.91%    passed     39.37%
3711  UP001549291|tr|A0ABV2RVF6|A0ABV2RVF6_BRAJP   84.91%    passed     39.37%
3712  UP001139012|tr|A0ABS9LVL2|A0ABS9LVL2_9BRAD   84.91%    passed     29.90%
3713  UP000324758|tr|A0A5D3KLT7|A0A5D3KLT7_9BRAD   84.91%    passed     29.37%
3714  UP000324853|tr|A0A5S4WW55|A0A5S4WW55_9BRAD   84.91%    passed     21.59%
3715  UP000319949|tr|A0A560DXM8|A0A560DXM8_9BRAD   84.91%    passed     23.27%
3716  UP000594621|tr|A0A7S9DAK7|A0A7S9DAK7_9BRAD   84.91%    passed     23.66%
3717  UP001179614|tr|A0ABY7MDJ5|A0ABY7MDJ5_9BRAD   84.91%    passed     26.82%
3718  UP000199184|tr|A0A1C3XP24|A0A1C3XP24_9BRAD   84.91%    passed     22.22%
3719  UP000215884|tr|A0A2U8PWR8|A0A2U8PWR8_9BRAD   84.91%    passed     27.16%
3720  UP000316291|tr|A0A562RA06|A0A562RA06_9BRAD   84.91%    passed     28.17%
3721  UP000076959|tr|A0A176Z051|A0A176Z051_9BRAD   84.91%    passed     36.73%
3722  UP000193884|tr|A0ABX3X4G4|A0ABX3X4G4_9BRAD   84.91%    passed     27.37%
3723  UP000290819|tr|A0A4Q1VIB9|A0A4Q1VIB9_9BRAD   84.91%    passed     24.37%
3724  UP001156905|tr|A0ABQ6BEW0|A0ABQ6BEW0_9BRAD   84.91%    passed     46.97%
3725  UP000324797|tr|A0A5S4YIR1|A0A5S4YIR1_9BRAD   84.77%    passed     40.56%
3726  UP000077173|tr|A0A176Z992|A0A176Z992_9BRAD   84.80%    passed     31.09%
3727  UP000050863|tr|A0A0R3M294|A0A0R3M294_9BRAD   84.94%    passed     33.94%
3728  UP000051913|tr|A0A0R3K5V0|A0A0R3K5V0_9BRAD   84.94%    passed     33.65%
3729  UP000052023|tr|A0A0R3MG90|A0A0R3MG90_9BRAD   84.94%    passed     41.23%
3730  UP000544122|tr|A0A7Y4GST5|A0A7Y4GST5_9BRAD   84.94%    passed     38.39%
3731  UP000092839|tr|A0A1B1UKU8|A0A1B1UKU8_9BRAD   84.94%    passed     40.64%
3732  UP001364224|tr|A0ABU8B7S4|A0ABU8B7S4_9BRAD   84.94%    passed     36.27%
3733  UP000528734|tr|A0A7Y4GZP9|A0A7Y4GZP9_9BRAD   84.94%    passed     30.59%
3734  UP000057737|tr|A0A125Q619|A0A125Q619_9BRAD   84.91%    passed     40.44%
3735  UP000321304|tr|A0A560LS31|A0A560LS31_9BRAD   84.91%    passed     36.03%
3736  UP000436468|tr|A0A844SQR1|A0A844SQR1_9BRAD   84.91%    passed     37.28%
3737  UP000692816|tr|A0ABS3MBT3|A0ABS3MBT3_9BRAD   84.91%    passed     40.34%
3738  UP001221546|tr|A0ABY8JS01|A0ABY8JS01_9BRAD   84.91%    passed     40.36%
3739  UP000468531|tr|A0A6P1BQV8|A0A6P1BQV8_9BRAD   84.91%    passed     38.61%
3740  UP000328092|tr|A0A508TRJ6|A0A508TRJ6_9BRAD   84.91%    passed     31.47%
3741  UP001565471|tr|A0A4Q4K100|A0A4Q4K100_BRAEL   84.80%    passed     39.89%
3742  UP001432046|tr|A0A973W401|A0A973W401_9BRAD   84.91%    passed     37.60%
3743  UP001315278|tr|A0ABS5FTE5|A0ABS5FTE5_9BRAD   84.91%    passed     52.57%
3744  UP000243904|tr|A0A1H1MJQ8|A0A1H1MJQ8_9BRAD   84.94%    passed     32.13%
3745  UP000198803|tr|A0ABY0QAA1|A0ABY0QAA1_9BRAD   84.94%    passed     28.07%
3746  UP000676951|tr|A0A975P2J4|A0A975P2J4_9BRAD   84.94%    passed     16.74%
3747  UP000184096|tr|A0A1M7UJ01|A0A1M7UJ01_9BRAD   84.91%    passed     39.27%
3748  UP000076574|tr|A0A163Y3N8|A0A163Y3N8_9BRAD   84.94%    passed     43.45%
3749  UP000682843|tr|A0ABX8AB03|A0ABX8AB03_9BRAD   84.91%    passed     44.08%
3750  UP000011841|tr|M4ZR38|M4ZR38_9BRAD           84.91%    passed     51.53%
3751  UP000886476|tr|A0ABX2CMA4|A0ABX2CMA4_9BRAD   84.91%    passed     44.62%
3752  UP001314635|tr|A0ABS5G8A0|A0ABS5G8A0_9BRAD   84.91%    passed     46.41%
3753  UP001431010|tr|A0ABY3RCT1|A0ABY3RCT1_9BRAD   84.91%    passed     37.39%
3754  UP000542353|tr|A0A7W7Z4I8|A0A7W7Z4I8_9BRAD   84.91%    passed     40.57%
3755  UP000001342|tr|A0ABP2SCW1|A0ABP2SCW1_AFIFE   85.02%    passed     20.53%
3756  UP001213907|tr|A0ABY8BRM5|A0ABY8BRM5_AFICR   85.02%    passed     24.96%
3757  UP000007730|tr|B6JBK0|B6JBK0_AFIC5           84.99%    passed     44.15%
3758  UP000254889|tr|A0A345ZQM5|A0A345ZQM5_9HYPH   85.02%    passed      8.22%
3759  UP000263993|tr|A0A371BD02|A0A371BD02_9BRAD   84.99%    passed      9.30%
3760  UP000194137|tr|A0A1W6ZTU9|A0A1W6ZTU9_9HYPH   85.02%    passed     56.25%
3761  UP000236884|tr|A0A0S3PVA7|A0A0S3PVA7_9BRAD   84.88%    passed     39.80%
3762  UP000248863|tr|A0A327JVV2|A0A327JVV2_9BRAD   84.96%    passed      8.37%
3763  UP001597314|tr|A0ABW5AKX1|A0ABW5AKX1_9BRAD   84.96%    failed      2.86%
3764  UP001165652|tr|A0ABT5JCT4|A0ABT5JCT4_RHOTP   84.96%    passed      8.16%
3765  UP000249130|tr|A0A327KT53|A0A327KT53_9BRAD   84.96%    passed      8.85%
3766  UP000289200|tr|A0A327K2Y8|A0A327K2Y8_9BRAD   84.96%    passed      5.64%
3767  UP001597101|tr|A0ABW3FMC5|A0ABW3FMC5_9HYPH   85.15%    passed     54.97%
3768  UP000199236|tr|A0A1I5AVZ3|A0A1I5AVZ3_9HYPH   85.29%    passed     17.10%
3769  UP000234881|tr|A0A2N5XQH2|A0A2N5XQH2_9HYPH   85.26%    passed     44.62%
3770  UP000219439|tr|A0A285NEF2|A0A285NEF2_9HYPH   85.26%    passed     30.95%
3771  UP000005667|tr|G7Z9X0|G7Z9X0_AZOL4           85.18%    passed     20.56%
3772  UP000225379|tr|A0A2B8BCI2|A0A2B8BCI2_9PROT   85.18%    passed     16.88%
3773  UP000605086|tr|A0ABX2KLJ1|A0ABX2KLJ1_9PROT   85.18%    passed     17.70%
3774  UP000324927|tr|A0A5A9G7Z8|A0A5A9G7Z8_AZOLI   85.18%    passed     19.34%
3775  UP000077405|tr|A0A2R4VTI6|A0A2R4VTI6_9PROT   83.70%    failed      2.35%
3776  UP000509702|tr|A0A6N1AS54|A0A6N1AS54_9PROT   85.18%    passed     24.36%
3777  UP000249605|tr|A0A2U9S7Y8|A0A2U9S7Y8_9PROT   85.18%    passed     18.41%
3778  UP000652760|tr|A0ABS1F4J2|A0ABS1F4J2_9PROT   85.18%    passed     18.56%
3779  UP001244552|tr|A0ABU0MMC3|A0ABU0MMC3_9PROT   85.13%    passed      6.12%
3780  UP000069935|tr|A0AAC8W4L1|A0AAC8W4L1_9PROT   85.24%    passed     10.47%
3781  UP000280346|tr|A0A3S0WYQ0|A0A3S0WYQ0_9PROT   85.10%    passed     18.62%
3782  UP000277007|tr|A0A3S0R5B4|A0A3S0R5B4_9PROT   85.21%    passed     11.00%
3783  UP000283458|tr|A0A418VZ30|A0A418VZ30_9PROT   85.21%    passed      8.01%
3784  UP000007319|tr|A0A9P1JRV8|A0A9P1JRV8_9PROT   85.10%    passed      9.90%
3785  UP001628281|tr|A0ABW8VDE4|A0ABW8VDE4_9PROT   85.10%    passed     11.07%
3786  UP001596166|tr|A0ABW0GG31|A0ABW0GG31_9PROT   85.10%    passed     12.45%
3787  UP001277471|tr|A0A0P0EI27|A0A0P0EI27_AZOBR   85.10%    passed     14.82%
3788  UP000480854|tr|A0A9W7KQX9|A0A9W7KQX9_9PROT   85.13%    passed     12.38%
3789  UP001227317|tr|A0ABU0WJ42|A0ABU0WJ42_9PROT   85.10%    passed     14.93%
3790  UP000654452|tr|A0ABS1I758|A0ABS1I758_9PROT   85.10%    passed     16.84%
3791  UP000639419|tr|A0ABX2L5D2|A0ABX2L5D2_9PROT   85.10%    passed      9.63%
3792  UP000781958|tr|A0ABS4SW24|A0ABS4SW24_9PROT   85.10%    passed     15.87%
3793  UP000245629|tr|A0A2S2CXT7|A0A2S2CXT7_9PROT   85.07%    passed     10.66%
3794  UP000584642|tr|A0ABX2T281|A0ABX2T281_9PROT   85.10%    passed      8.29%
3795  UP000197153|tr|A0A248JZF2|A0A248JZF2_9PROT   85.18%    passed     10.67%
3796  UP000316545|tr|A0A560G3G1|A0A560G3G1_9PROT   85.18%    passed     13.10%
3797  UP000315751|tr|A0A560H0F1|A0A560H0F1_9PROT   85.18%    passed      9.37%
3798  UP000539175|tr|A0A7X0AV69|A0A7X0AV69_9PROT   85.18%    passed      8.39%
3799  UP000216998|tr|A0A255Z732|A0A255Z732_9PROT   85.21%    passed     12.46%
3800  UP000234752|tr|A0A2K9NI45|A0A2K9NI45_9PROT   85.21%    passed     13.93%
3801  UP000292781|tr|A0A4Q9VX11|A0A4Q9VX11_9HYPH   85.13%    passed     84.51%
3802  UP000192917|tr|A0A1Y6CRQ0|A0A1Y6CRQ0_9PROT   84.88%    failed      1.26%
3803  UP000315252|tr|A0A545T7Y6|A0A545T7Y6_9PROT   84.99%    passed     33.90%
3804  UP000256845|tr|A0A3D9HWW4|A0A3D9HWW4_9PROT   85.24%    passed     27.81%
3805  UP000287447|tr|A0A437QVU6|A0A437QVU6_9PROT   85.26%    passed     52.66%
3806  UP000672602|tr|A0A8J7SJ00|A0A8J7SJ00_9PROT   85.35%    passed     26.32%
3807  UP000539372|tr|A0A7Y0DY35|A0A7Y0DY35_9PROT   85.21%    passed     44.69%
3808  UP000000245|tr|A5FY66|A5FY66_ACICJ           84.99%    passed     18.28%
3809  UP000007100|tr|F0IY71|F0IY71_ACIMA           84.99%    passed     19.10%
3810  UP001521209|tr|A0ABS9DW95|A0ABS9DW95_9PROT   84.99%    passed      7.53%
3811  UP000186308|tr|A0A8G2FFJ8|A0A8G2FFJ8_ACIRU   84.99%    failed      4.91%
3812  UP001279553|tr|A0AAW9DRA1|A0AAW9DRA1_ACIAO   84.99%    failed      3.22%
3813  UP000032668|tr|A0A0D6PMI6|A0A0D6PMI6_9PROT   84.99%    passed     51.18%
3814  UP000553706|tr|A0A840VS77|A0A840VS77_9PROT   84.99%    passed     39.06%
3815  UP001156641|tr|A0ABQ6ACB1|A0ABQ6ACB1_9PROT   84.99%    passed     40.80%
3816  UP000001176|tr|A9HBG7|A9HBG7_GLUDA           84.83%    passed     14.37%
3817  UP000555756|tr|A0A7W4JUU8|A0A7W4JUU8_9PROT   84.83%    passed     25.97%
3818  UP000561066|tr|A0A7W4P5Y6|A0A7W4P5Y6_9PROT   84.83%    passed     13.22%
3819  UP000578030|tr|A0A7W4KA21|A0A7W4KA21_9PROT   84.83%    passed     22.47%
3820  UP000254958|tr|A0A370GBW9|A0A370GBW9_GLULI   84.85%    passed     33.71%
3821  UP000540490|tr|A0A7W4IJ40|A0A7W4IJ40_9PROT   84.85%    passed     29.77%
3822  UP000525623|tr|A0A7W4JC18|A0A7W4JC18_9PROT   84.83%    passed     25.37%
3823  UP000577891|tr|A0A7W4IXS9|A0A7W4IXS9_9PROT   84.83%    passed     30.88%
3824  UP000540556|tr|A0A7W4PMU4|A0A7W4PMU4_9PROT   84.83%    passed     34.22%
3825  UP000559860|tr|A0A7W4NX07|A0A7W4NX07_9PROT   84.83%    passed     25.83%
3826  UP001060895|tr|A0ABQ0P2T2|A0ABQ0P2T2_9PROT   84.83%    passed     18.43%
3827  UP000037566|tr|A0A0M0EGC8|A0A0M0EGC8_KOMEU   84.94%    passed     48.16%
3828  UP001519538|tr|A0ABS5SK79|A0ABS5SK79_9PROT   84.94%    passed     46.88%
3829  UP000315095|tr|A0A4V0WMP3|A0A4V0WMP3_9PROT   84.94%    passed     54.22%
3830  UP000247371|tr|A0A2V4R4X7|A0A2V4R4X7_9PROT   84.94%    passed     40.17%
3831  UP000427842|tr|A0ABQ6VVD5|A0ABQ6VVD5_9PROT   84.94%    passed     43.08%
3832  UP001061452|tr|A0ABQ0PKJ4|A0ABQ0PKJ4_9PROT   86.11%    passed     45.22%
3833  UP000247512|tr|A0A9N7H236|A0A9N7H236_9PROT   84.94%    passed     50.06%
3834  UP000247814|tr|A0A318QMB0|A0A318QMB0_9PROT   84.94%    passed     63.04%
3835  UP000623090|tr|A0ABX2AE19|A0ABX2AE19_9PROT   84.94%    passed     61.10%
3836  UP000248257|tr|A0A318PJZ0|A0A318PJZ0_KOMXY   84.94%    passed     53.45%
3837  UP000502533|tr|A0A181C6Y7|A0A181C6Y7_9PROT   84.94%    passed     32.16%
3838  UP000262371|tr|A0A371YW98|A0A371YW98_9PROT   84.94%    passed     58.00%
3839  UP000264120|tr|A0A347W9W9|A0A347W9W9_9PROT   84.94%    passed     32.55%
3840  UP000237344|tr|A0A2S3W2K8|A0A2S3W2K8_9PROT   84.77%    passed     37.59%
3841  UP001526337|tr|A0ABT3K567|A0ABT3K567_9PROT   84.77%    passed     47.31%
3842  UP000319478|tr|A0AAW5EPX8|A0AAW5EPX8_NOVHA   84.77%    passed     36.64%
3843  UP000248116|tr|A0A318Q982|A0A318Q982_9PROT   84.77%    passed     54.50%
3844  UP000252680|tr|A0A365YZ53|A0A365YZ53_9PROT   84.77%    passed     50.77%
3845  UP001449795|tr|A0ABZ3DB36|A0ABZ3DB36_9PROT   84.85%    failed      0.52%
3846  UP000585665|tr|A0A850P756|A0A850P756_9PROT   84.88%    failed      3.95%
3847  UP000029448|tr|A0A094YQS2|A0A094YQS2_9PROT   84.14%    passed     44.54%
3848  UP000056109|tr|A0A0U5B879|A0A0U5B879_9PROT   84.88%    passed     69.07%
3849  UP000032670|tr|A0A252B2P9|A0A252B2P9_9PROT   84.91%    passed     64.17%
3850  UP000032673|tr|A0A6N3T4W2|A0A6N3T4W2_9PROT   84.91%    passed     71.72%
3851  UP000321891|tr|A0A0D6N1U5|A0A0D6N1U5_9PROT   84.91%    passed     70.44%
3852  UP000317617|tr|A0A4Y3TQ70|A0A4Y3TQ70_9PROT   84.91%    passed     59.01%
3853  UP000548726|tr|A0A6V8I7X3|A0A6V8I7X3_9PROT   84.91%    passed     44.74%
3854  UP001065047|tr|A0ABQ0PNA5|A0ABQ0PNA5_9PROT   84.91%    passed     49.41%
3855  UP001523543|tr|A0A149UXV7|A0A149UXV7_9PROT   84.91%    passed     52.28%
3856  UP001526446|tr|A0ABT3Q836|A0ABT3Q836_9PROT   84.91%    passed     52.80%
3857  UP000076595|tr|A0ABM6ALN6|A0ABM6ALN6_9PROT   84.94%    passed     44.34%
3858  UP000228751|tr|A0A2G4REV1|A0A2G4REV1_9PROT   84.94%    passed     53.28%
3859  UP000287027|tr|A0A5B9GJH4|A0A5B9GJH4_9PROT   84.94%    passed     52.35%
3860  UP000287385|tr|A0A401X6B0|A0A401X6B0_ACEPA   84.94%    passed     55.70%
3861  UP000175973|tr|A0A1D8QZ56|A0A1D8QZ56_9PROT   84.94%    passed     47.86%
3862  UP000194931|tr|A0A252BTK8|A0A252BTK8_9PROT   84.91%    passed     30.79%
3863  UP000216151|tr|A0A269XY16|A0A269XY16_9PROT   84.91%    passed     41.32%
3864  UP001523528|tr|A0ABT1EZS3|A0ABT1EZS3_9PROT   84.91%    passed     44.17%
3865  UP000578000|tr|A0A841QFB3|A0A841QFB3_9PROT   84.11%    passed     15.97%
3866  UP000657200|tr|A0ABX0KJ60|A0ABX0KJ60_9PROT   84.91%    passed     40.10%
3867  UP000216033|tr|A0A270BL21|A0A270BL21_9PROT   84.94%    passed     33.78%
3868  UP000324536|tr|A0A5C1YP59|A0A5C1YP59_9PROT   84.94%    passed     40.89%
3869  UP000664073|tr|A0A939HJR2|A0A939HJR2_9PROT   84.94%    passed     51.84%
3870  UP000317730|tr|A0A4Y3TUQ6|A0A4Y3TUQ6_9PROT   84.94%    passed     71.29%
3871  UP000664399|tr|A0ABS3LMK8|A0ABS3LMK8_9PROT   84.94%    passed     53.00%
3872  UP001301152|tr|A0ABT3QGX5|A0ABT3QGX5_9PROT   84.88%    passed     69.37%
3873  UP000188937|tr|A0A1U9KF32|A0A1U9KF32_ACEAC   84.58%    passed     22.22%
3874  UP000516424|tr|A0AB33IJ76|A0AB33IJ76_ACEAC   84.58%    passed      8.48%
3875  UP001521074|tr|A0ABS8W171|A0ABS8W171_9PROT   84.58%    passed     13.86%
3876  UP000631653|tr|A0ABX0K1Y3|A0ABX0K1Y3_9PROT   84.52%    passed     16.26%
3877  UP000597459|tr|A0A967B836|A0A967B836_9PROT   84.58%    passed      6.47%
3878  UP000321746|tr|A0A511XLH9|A0A511XLH9_9PROT   84.31%    failed      3.56%
3879  UP000615326|tr|A0ABX0KCC1|A0ABX0KCC1_9PROT   84.31%    passed      9.99%
3880  UP000635278|tr|A0ABX0JT69|A0ABX0JT69_9PROT   85.15%    passed     21.39%
3881  UP000321635|tr|A0A511XEH2|A0A511XEH2_9PROT   84.61%    passed     13.51%
3882  UP000664771|tr|A0ABS3M1I8|A0ABS3M1I8_9PROT   84.61%    passed     13.72%
3883  UP000001963|tr|Q0BR47|Q0BR47_GRABC           84.94%    passed      6.84%
3884  UP000032680|tr|A0A0D6P544|A0A0D6P544_9PROT   84.99%    passed      6.49%
3885  UP000325255|tr|A0A5M6IND8|A0A5M6IND8_9PROT   84.99%    passed     25.27%
3886  UP001165679|tr|A0AA41YSU9|A0AA41YSU9_9PROT   85.40%    passed     66.38%
3887  UP000239724|tr|A0A2S6NLQ1|A0A2S6NLQ1_RHOGL   85.40%    passed      9.04%
3888  UP000005324|tr|D5RIT0|D5RIT0_9PROT           84.25%    passed     12.56%
3889  UP000223527|tr|A0A2C7ADQ8|A0A2C7ADQ8_9PROT   85.02%    passed     18.87%
3890  UP000245048|tr|A0A2U1VAD8|A0A2U1VAD8_9PROT   85.40%    passed      8.52%
3891  UP000188879|tr|A0A1V2H698|A0A1V2H698_9PROT   85.02%    passed     15.12%
3892  UP001595593|tr|A0ABV7G117|A0ABV7G117_9PROT   85.40%    passed     27.59%
3893  UP000322110|tr|A0A5B2TNW0|A0A5B2TNW0_9PROT   85.40%    passed     24.08%
3894  UP001201985|tr|A0ABS9W4L3|A0ABS9W4L3_9PROT   85.29%    passed     13.07%
3895  UP000274097|tr|A0A3A9J6F9|A0A3A9J6F9_9PROT   85.40%    passed     25.21%
3896  UP000603940|tr|A0ABR7RDG1|A0ABR7RDG1_9PROT   85.40%    passed     34.99%
3897  UP001518990|tr|A0ABS3KFP5|A0ABS3KFP5_9PROT   85.02%    passed     41.99%
3898  UP000626026|tr|A0ABR7RTZ0|A0ABR7RTZ0_9PROT   85.02%    passed     38.77%
3899  UP001518989|tr|A0ABS3KTM7|A0ABS3KTM7_9PROT   85.02%    passed     17.13%
3900  UP000460715|tr|A0A845BGU9|A0A845BGU9_9PROT   85.02%    passed      8.39%
3901  UP000054844|tr|A0A1S8D8R8|A0A1S8D8R8_9PROT   85.02%    passed     19.34%
3902  UP001258945|tr|A0A1L7AKL9|A0A1L7AKL9_9PROT   85.02%    passed     28.64%
3903  UP001589865|tr|A0ABV6JP48|A0ABV6JP48_9PROT   85.02%    passed     47.58%
3904  UP000198925|tr|A0A1G6W2E6|A0A1G6W2E6_9PROT   84.72%    passed     20.83%
3905  UP000606490|tr|A0ABS1VAF4|A0ABS1VAF4_9PROT   85.40%    passed     28.33%
3906  UP000660885|tr|A0ABS1U276|A0ABS1U276_9PROT   85.40%    passed     26.37%
3907  UP001529369|tr|A0ABT8ACA3|A0ABT8ACA3_9PROT   85.40%    passed     29.15%
3908  UP000600101|tr|A0A9X0QVN1|A0A9X0QVN1_9PROT   85.40%    passed     30.20%
3909  UP001523392|tr|A0ABT1D7J7|A0ABT1D7J7_9PROT   85.40%    passed     26.32%
3910  UP000249065|tr|A0A327M9P4|A0A327M9P4_9PROT   85.40%    passed     20.54%
3911  UP000295023|tr|A0A4R4DQV0|A0A4R4DQV0_9PROT   85.40%    passed     46.36%
3912  UP001139311|tr|A0A9X1L671|A0A9X1L671_9PROT   85.40%    passed     42.26%
3913  UP001243009|tr|A0ABT9E5E1|A0ABT9E5E1_9PROT   85.40%    passed     33.36%
3914  UP000697995|tr|A0ABS1CTG3|A0ABS1CTG3_9PROT   85.40%    passed     29.45%
3915  UP000295096|tr|A0A4V3A9U2|A0A4V3A9U2_9PROT   85.40%    passed     18.14%
3916  UP000199473|tr|A0A1I3ZF96|A0A1I3ZF96_9PROT   84.74%    passed     52.82%
3917  UP000475385|tr|A0A6M1LQC5|A0A6M1LQC5_9PROT   85.40%    passed     43.12%
3918  UP000689967|tr|A0ABS6HGY6|A0ABS6HGY6_9PROT   85.40%    passed     41.38%
3919  UP001595420|tr|A0ABV7BUX7|A0ABV7BUX7_9PROT   84.69%    passed     30.55%
3920  UP000765160|tr|A0ABX1F7K4|A0ABX1F7K4_9PROT   84.74%    passed     33.31%
3921  UP000787635|tr|A0ABX1E8H9|A0ABX1E8H9_9PROT   84.74%    passed     31.19%
3922  UP000245765|tr|A0A317FE93|A0A317FE93_9PROT   84.74%    passed     54.88%
3923  UP001501588|tr|A0ABN1FSC0|A0ABN1FSC0_9PROT   84.36%    failed      3.57%
3924  UP000553193|tr|A0A840AA57|A0A840AA57_9PROT   84.94%    passed     11.78%
3925  UP001526430|tr|A0ABT3NQN1|A0ABT3NQN1_9PROT   85.40%    passed     21.80%
3926  UP001196068|tr|A0AAF1KML4|A0AAF1KML4_9PROT   84.85%    passed      8.91%
3927  UP001196870|tr|A0ABS5F2X5|A0ABS5F2X5_9PROT   84.80%    passed     27.15%
3928  UP000282957|tr|A0A437MGE2|A0A437MGE2_9PROT   84.96%    passed     60.75%
3929  UP000548582|tr|A0A848EL12|A0A848EL12_9PROT   84.85%    passed     45.02%
3930  UP000746741|tr|A0A9X9WI04|A0A9X9WI04_9PROT   84.85%    passed     52.79%
3931  UP000680815|tr|A0ABS4APZ1|A0ABS4APZ1_9PROT   85.40%    passed     48.23%
3932  UP000831327|tr|A0ABM7Y055|A0ABM7Y055_9PROT   84.85%    passed     44.81%
3933  UP000562254|tr|A0A840XYZ9|A0A840XYZ9_9PROT   84.85%    passed     23.37%
3934  UP000661507|tr|A0A917NWE8|A0A917NWE8_9PROT   84.85%    passed     52.01%
3935  UP001196565|tr|A0ABS7AHJ4|A0ABS7AHJ4_9PROT   84.83%    passed     68.76%
3936  UP001138709|tr|A0A9X9XEQ1|A0A9X9XEQ1_9PROT   84.85%    passed     46.12%
3937  UP001138751|tr|A0A9X9X267|A0A9X9X267_9PROT   84.85%    passed     65.15%
3938  UP000698752|tr|A0ABS5EKB1|A0ABS5EKB1_9PROT   84.83%    passed     74.59%
3939  UP001305521|tr|A0ABZ0PCM1|A0ABZ0PCM1_9PROT   84.85%    passed     54.08%
3940  UP000597507|tr|A0A8J3EDI3|A0A8J3EDI3_9PROT   84.74%    failed      1.85%
3941  UP001519924|tr|A0ABS7F708|A0ABS7F708_9PROT   85.40%    passed      6.01%
3942  UP000184387|tr|A0A1M6PMV8|A0A1M6PMV8_9PROT   83.95%    passed     30.14%
3943  UP000681594|tr|A0ABS4AGE9|A0ABS4AGE9_9PROT   85.26%    passed     65.40%
3944  UP000677537|tr|A0A940N1K1|A0A940N1K1_9PROT   84.99%    passed     58.06%
3945  UP001524642|tr|A0ABT1X9G0|A0ABT1X9G0_9PROT   85.37%    passed     56.16%
3946  UP000580654|tr|A0A840YG48|A0A840YG48_9PROT   83.84%    passed     16.94%
3947  UP000317078|tr|A0A502FG18|A0A502FG18_9PROT   84.99%    passed     37.19%
3948  UP001589789|tr|A0ABV6IPP2|A0ABV6IPP2_9PROT   84.99%    passed     37.84%
3949  UP000766336|tr|A0ABS5QHV6|A0ABS5QHV6_9PROT   84.96%    passed     10.36%
3950  UP000249688|tr|A0A2W7ILH4|A0A2W7ILH4_9PROT   84.85%    passed     17.15%
3951  UP001139516|tr|A0A9X1Y7E7|A0A9X1Y7E7_9PROT   85.40%    passed     52.36%
3952  UP000305654|tr|A0A5R9J755|A0A5R9J755_9PROT   84.77%    failed      1.91%
3953  UP001524547|tr|A0ABT1VVH2|A0ABT1VVH2_9PROT   85.37%    failed      1.29%
3954  UP000500767|tr|A0A6M8HX16|A0A6M8HX16_9PROT   84.83%    passed     30.69%
3955  UP001524587|tr|A0ABT1W5I6|A0ABT1W5I6_9PROT   84.85%    passed     20.42%
3956  UP000557688|tr|A0A839V0K2|A0A839V0K2_9PROT   84.74%    passed     14.14%
3957  UP000694001|tr|A0A975YL70|A0A975YL70_9PROT   85.40%    failed      1.13%
3958  UP000011083|tr|L8GPI2|L8GPI2_ACACF           83.98%    passed     18.65%
3959  UP000001529|tr|S8EVV6|S8EVV6_TOXGM           78.75%    failed      0.00%
3960  UP000002226|tr|V5BD96|V5BD96_TOXGV           78.75%    failed      0.00%
3961  UP000557509|tr|A0A7J6KBD7|A0A7J6KBD7_TOXGO   78.77%    failed      0.00%
3962  UP000007494|tr|F0VAV2|F0VAV2_NEOCL           83.32%    failed      1.61%
3963  UP000224006|tr|A0A2A9MI19|A0A2A9MI19_BESBE   83.16%    failed      4.51%
3964  UP000030747|tr|U6KZM0|U6KZM0_EIMTE           84.31%    passed     20.97%
3965  UP000030754|tr|U6MN52|U6MN52_9EIME           84.31%    passed     15.34%
3966  UP000095192|tr|A0A1D3CWV2|A0A1D3CWV2_9EIME   84.42%    passed      8.40%
3967  UP000515125|tr|A0A6P6RPV4|A0A6P6RPV4_9EIME   85.81%    passed      9.46%
3968  UP000030763|tr|U6M797|U6M797_EIMMA           94.58%    passed     17.10%
3969  UP000221165|tr|A0A2C6KX10|A0A2C6KX10_9APIC   79.38%    failed      0.00%
3970  UP001186944|tr|A0AA88YGS3|A0AA88YGS3_PINIB   84.39%    passed     36.23%
3971  UP001165289|tr|A0AAV7K6K6|A0AAV7K6K6_9METZ   84.39%    passed      6.69%
3972  UP000186817|tr|A0A1Q9CTZ1|A0A1Q9CTZ1_SYMMI   66.64%    failed      0.02%
3973  UP000601435|tr|A0A812R455|A0A812R455_9DINO   87.35%    passed     77.35%
3974  UP000649617|tr|A0A812VF44|A0A812VF44_SYMPI   85.29%    passed     48.43%
3975  UP001178507|tr|A0AA36I1D2|A0AA36I1D2_9DINO   84.42%    passed     17.95%
3976  UP001152797|tr|A0A9P1GF68|A0A9P1GF68_9DINO   84.22%    passed     23.85%
3977  UP001642464|tr|A0ABP0QF47|A0ABP0QF47_9DINO   84.28%    passed     26.42%
3978  UP001642484|tr|A0ABP0JDG5|A0ABP0JDG5_9DINO   84.28%    passed     27.43%
3979  UP000654075|tr|A0A813G8Y5|A0A813G8Y5_POLGL   84.28%    passed     91.37%
3980  UP001189429|tr|A0ABN9YFA6|A0ABN9YFA6_9DINO   85.92%    passed     85.01%
3981  UP000011087|tr|L1JXX0|L1JXX0_GUITC           84.31%    passed     11.94%
3982  UP000007259|tr|E9AWM1|E9AWM1_LEIMU           84.96%    passed     34.91%
3983  UP000419144|tr|A0A640KIJ7|A0A640KIJ7_LEITA   84.96%    passed     30.08%
3984  UP000674143|tr|A0A836KTR8|A0A836KTR8_9TRYP   84.96%    passed     28.22%
3985  UP000674179|tr|A0A836KM68|A0A836KM68_LEIEN   84.96%    passed     23.95%
3986  UP000015354|tr|S9VEK7|S9VEK7_9TRYP           84.94%    passed     80.51%
3987  UP000515908|tr|S9UBD7|S9UBD7_9TRYP           90.00%    passed     44.16%
3988  UP000031737|tr|A0A061IYL0|A0A061IYL0_TRYRA   84.80%    passed     58.75%
3989  UP000019141|tr|W4LB40|W4LB40_ENTF1           84.96%    passed     13.67%
3990  UP001250932|tr|A0ABU3K3L9|A0ABU3K3L9_9BACT   84.85%    passed     35.01%
3991  UP001302494|tr|A0AA96K4W0|A0AA96K4W0_9BACT   84.77%    passed     27.23%
3992  UP001302719|tr|A0AA96G9N5|A0AA96G9N5_9BACT   84.61%    passed     18.54%
3993  UP000231658|tr|A0A1C3RI99|A0A1C3RI99_9PROT   85.35%    passed     64.41%
3994  UP000632498|tr|A0A917FBE0|A0A917FBE0_9PROT   85.35%    passed     24.40%
3995  UP000240243|tr|A0A2P7RD91|A0A2P7RD91_9GAMM   85.02%    passed     20.20%
3996  UP000217076|tr|A0A1G7WUB7|A0A1G7WUB7_9PROT   85.21%    passed     32.87%
3997  UP000000759|tr|B7FWX5|B7FWX5_PHATC           84.47%    passed     22.14%
3998  UP000198406|tr|A0A1Z5KBM1|A0A1Z5KBM1_FISSO   84.47%    passed     30.12%
3999  UP000693970|tr|A0A9K3KYN7|A0A9K3KYN7_9STRA   84.33%    passed     37.92%
4000  UP001295423|tr|A0AAD2GDH4|A0AAD2GDH4_9STRA   84.47%    passed     10.13%
4001  UP000001449|tr|B8C0H3|B8C0H3_THAPS           82.85%    failed      0.52%
4002  UP001224775|tr|A0AAD9D7B8|A0AAD9D7B8_9STRA   88.00%    passed     35.60%
4003  UP001530293|tr|A0ABD3MMS6|A0ABD3MMS6_9STRA   82.44%    failed      0.90%
4004  UP001530315|tr|A0ABD3MV82|A0ABD3MV82_9STRA   83.13%    failed      0.32%
4005  UP001530377|tr|A0ABD3R6G1|A0ABD3R6G1_9STRA   79.84%    failed      1.71%
4006  UP001516023|tr|A0ABD3P247|A0ABD3P247_9STRA   82.88%    passed      6.06%
4007  UP001530400|tr|A0ABD3NCS0|A0ABD3NCS0_9STRA   83.07%    passed     13.86%
4008  UP000266841|tr|K0SAX1|K0SAX1_THAOC           83.73%    passed     15.12%
4009  UP001054902|tr|A0AAD3H3Y1|A0AAD3H3Y1_9STRA   84.36%    passed      5.63%
4010  UP001153069|tr|A0A9N8EHN8|A0A9N8EHN8_9STRA   84.44%    passed     61.57%
4011  UP000095751|tr|A0A1E7F7K0|A0A1E7F7K0_9STRA   83.21%    failed      0.66%
4012  UP000291116|tr|A0A448YVD0|A0A448YVD0_9STRA   82.74%    failed      1.74%
4013  UP000002729|tr|F0Y2Y1|F0Y2Y1_AURAN           84.47%    failed      0.05%
4014  UP001230188|tr|A0AAD7UIY8|A0AAD7UIY8_9STRA   84.47%    failed      1.28%
4015  UP001165060|tr|A0ABQ6MX05|A0ABQ6MX05_9STRA   84.58%    passed     36.33%
4016  UP001165065|tr|A0A9W7GLQ0|A0A9W7GLQ0_9STRA   84.55%    passed      8.03%
4017  UP001165082|tr|A0A9W6ZLP2|A0A9W6ZLP2_9STRA   88.06%    passed     21.73%
4018  UP000751190|tr|A0A8J6CB28|A0A8J6CB28_DIALT   84.47%    failed      3.55%
4019  UP000660262|tr|A0A830H620|A0A830H620_9CHLO   83.18%    failed      0.00%
4020  UP000241890|tr|A0A2R5G5U2|A0A2R5G5U2_9STRA   83.21%    passed     50.11%
4021  UP000007460|tr|D5BRR9|D5BRR9_PUNMI           85.32%    passed     30.62%
4022  UP000008312|tr|D8MAW7|D8MAW7_BLAHO           78.42%    failed      0.00%
4023  UP000078348|tr|A0A196SE13|A0A196SE13_BLAHN   84.61%    passed     36.93%
4024  UP000014760|tr|R7T4Y2|R7T4Y2_CAPTE           85.62%    passed      7.96%
4025  UP000321595|tr|A0A5B8XNS0|A0A5B8XNS0_9DELT   85.35%    passed     80.30%
4026  UP000000542|sp|E9AE57|FUM2_LEIMA             84.44%    passed     96.76%
4027  UP000008153|tr|A2CIN0|A2CIN0_LEIIN           84.44%    passed     97.72%
4028  UP000274082|tr|A2CIN8|A2CIN8_LEIDO           84.44%    passed     97.72%
4029  UP000673552|tr|A0A836GF47|A0A836GF47_9TRYP   84.44%    passed     91.97%
4030  UP000674318|tr|A0A836L6X0|A0A836L6X0_9TRYP   84.44%    passed     83.66%
4031  UP000007258|tr|A4HHJ6|A4HHJ6_LEIBR           84.44%    passed     97.00%
4032  UP000063063|tr|A0A088RY11|A0A088RY11_LEIPA   84.44%    passed     92.98%
4033  UP001443563|tr|A0AAW3BFW9|A0AAW3BFW9_9TRYP   84.44%    passed     95.38%
4034  UP001500131|tr|A0AAW3A470|A0AAW3A470_9TRYP   84.44%    passed     96.59%
4035  UP001482455|tr|A0AAW3A727|A0AAW3A727_9TRYP   84.44%    passed     94.87%
4036  UP001501274|tr|A0AAW3BIW4|A0AAW3BIW4_9TRYP   84.44%    passed     93.54%
4037  UP001430356|tr|A0AAW0F4V4|A0AAW0F4V4_9TRYP   84.44%    passed     94.10%
4038  UP000037923|tr|A0A0N0DVM3|A0A0N0DVM3_LEPPY   84.44%    passed     97.92%
4039  UP000038009|tr|A0A0N1I631|A0A0N1I631_LEPSE   84.44%    passed     91.99%
4040  UP000002296|tr|Q4DJH1|Q4DJH1_TRYCC           84.52%    passed     98.44%
4041  UP000007350|tr|K2MCQ8|K2MCQ8_TRYCR           80.44%    passed     82.99%
4042  UP000283634|tr|A0A3S5IRI9|A0A3S5IRI9_TRYRA   84.52%    passed     99.70%
4043  UP000284403|tr|A0A3R7NKN9|A0A3R7NKN9_9TRYP   84.52%    passed     97.39%
4044  UP000192257|tr|A0A1X0NZZ8|A0A1X0NZZ8_9TRYP   84.74%    passed     97.77%
4045  UP000008524|tr|Q580J2|Q580J2_TRYB2           84.52%    passed     96.15%
4046  UP000195570|tr|A0A1G4I5V2|A0A1G4I5V2_TRYEQ   84.52%    passed     96.15%
4047  UP000004947|tr|A6DQ21|A6DQ21_9BACT           85.29%    passed     43.60%
4048  UP001214250|tr|A0ABY7VXZ7|A0ABY7VXZ7_9BACT   85.29%    passed     36.56%
4049  UP000008080|tr|Q6ML67|Q6ML67_BDEBA           83.26%    failed      4.93%
4050  UP000830116|tr|A0ABY4CAC3|A0ABY4CAC3_9BACT   85.26%    failed      2.44%
4051  UP001152321|tr|A0ABT6DHS3|A0ABT6DHS3_9BACT   85.26%    passed      8.09%
4052  UP000005801|tr|A6G985|A6G985_9BACT           84.61%    passed     13.02%
4053  UP000198870|tr|A0A1G5JPJ4|A0A1G5JPJ4_9BACT   85.26%    passed      9.04%
4054  UP000507962|tr|A0A4U8YQ33|A0A4U8YQ33_9BACT   85.26%    failed      2.28%
4055  UP001320148|tr|A0ABM7PM14|A0ABM7PM14_9BACT   85.26%    passed     20.63%
4056  UP000198341|tr|K8ECS0|K8ECS0_9CHLO           82.96%    failed      0.97%
4057  UP000000757|tr|A0QWL6|A0QWL6_MYCS2           85.07%    failed      0.00%
4058  UP000696413|tr|A0ABS6HZK2|A0ABS6HZK2_MYCGD   85.07%    failed      0.00%
4059  UP000036499|tr|A0ABR5FS60|A0ABR5FS60_9MYCO   85.07%    failed      0.00%
4060  UP000825598|tr|A0ACD1FAY7|A0ACD1FAY7_MYCFR   85.07%    failed      0.00%
4061  UP000193811|tr|A0ABX3VAN7|A0ABX3VAN7_9MYCO   85.07%    failed      0.00%
4062  UP001558474|tr|A0ABV3VE57|A0ABV3VE57_9MYCO   85.07%    failed      0.00%
4063  UP000465622|tr|A0ABM7I1C9|A0ABM7I1C9_MYCME   85.05%    failed      0.00%
4064  UP000069620|tr|A0A100W5K5|A0A100W5K5_9MYCO   85.05%    failed      0.00%
4065  UP000192448|tr|A0A1X0AY98|A0A1X0AY98_9MYCO   85.05%    failed      0.00%
4066  UP000195331|tr|A0A1Y0C5S1|A0A1Y0C5S1_9MYCO   85.05%    failed      0.00%
4067  UP001635816|tr|A0ABW9L5Q2|A0ABW9L5Q2_9MYCO   85.05%    failed      0.00%
4068  UP000070612|tr|A0A132PRF0|A0A132PRF0_9MYCO   84.96%    failed      0.00%
4069  UP001140293|tr|A0A9X2Y6B9|A0A9X2Y6B9_9MYCO   84.96%    failed      0.00%
4070  UP001168823|tr|A0ABT8UEA4|A0ABT8UEA4_9MYCO   84.96%    failed      0.00%
4071  UP001501612|tr|A0ABP5A9J8|A0ABP5A9J8_9ACTN   84.36%    failed      0.00%
4072  UP000199258|tr|A0A1G8HT00|A0A1G8HT00_9MICC   84.74%    failed      0.08%
4073  UP000199681|tr|A0A1I2ZL76|A0A1I2ZL76_9MICO   84.88%    failed      0.96%
4074  UP000297983|tr|A0A4R9AZM0|A0A4R9AZM0_9MICO   84.88%    failed      0.18%
4075  UP000524237|tr|A0A7W3JV95|A0A7W3JV95_9MICO   84.88%    failed      3.31%
4076  UP000246894|tr|A0A2Z3S1M9|A0A2Z3S1M9_9MICO   84.94%    passed     12.98%
4077  UP000199597|tr|A0A1H1LXF7|A0A1H1LXF7_9MICO   84.06%    failed      0.00%
4078  UP000632322|tr|A0ABQ1MAD9|A0ABQ1MAD9_9MICO   84.03%    failed      0.02%
4079  UP001565435|tr|A0ABV4ELA4|A0ABV4ELA4_BREEP   84.11%    failed      0.03%
4080  UP001064879|tr|A0ABY5STU1|A0ABY5STU1_9MICO   85.07%    failed      0.40%
4081  UP001498238|tr|A0ABP3CC64|A0ABP3CC64_9MICO   92.60%    failed      2.05%
4082  UP000199700|tr|A0A1H1QT73|A0A1H1QT73_BRESA   84.36%    failed      0.34%
4083  UP000316406|tr|A0A556C5X3|A0A556C5X3_BREAU   84.36%    failed      0.62%
4084  UP000234525|tr|A0A2H1JU12|A0A2H1JU12_BREAU   84.06%    failed      0.09%
4085  UP001501791|tr|A0ABN2CB02|A0ABN2CB02_9MICO   84.06%    failed      0.51%
4086  UP000576792|tr|A0A846RNJ1|A0A846RNJ1_9MICO   84.06%    failed      0.14%
4087  UP001500642|tr|A0ABP8J210|A0ABP8J210_9MICO   84.47%    failed      0.00%
4088  UP001501586|tr|A0ABP8EHU3|A0ABP8EHU3_9MICO   84.61%    failed      0.00%
4089  UP001500755|tr|A0ABN2TEK2|A0ABN2TEK2_9MICO   84.42%    failed      0.00%
4090  UP001500984|tr|A0ABN2WVS6|A0ABN2WVS6_9MICO   84.58%    failed      0.00%
4091  UP000589036|tr|A0A852TWX6|A0A852TWX6_9ACTN   84.91%    failed      0.00%
4092  UP000229498|tr|A0A2M9G309|A0A2M9G309_9PROT   85.24%    passed     38.94%
4093  UP000273626|tr|A0ABX9SGQ8|A0ABX9SGQ8_PARPN   85.37%    failed      0.00%
4094  UP000477782|tr|A0A6M0QQY2|A0A6M0QQY2_9RHOB   85.84%    failed      0.17%
4095  UP000679352|tr|A0A975PB47|A0A975PB47_9RHOB   85.59%    failed      0.10%
4096  UP000628984|tr|A0A918J0G5|A0A918J0G5_9RHOB   86.06%    failed      0.00%
4097  UP000766629|tr|A0ABS7NIP4|A0ABS7NIP4_9RHOB   85.51%    failed      0.06%
4098  UP000609531|tr|A0A934MJ80|A0A934MJ80_9HYPH   85.10%    failed      0.00%
4099  UP000761264|tr|A0A967F034|A0A967F034_9PROT   85.21%    failed      0.00%
4100  UP001215503|tr|A0ABT5YNN4|A0ABT5YNN4_9PROT   85.24%    failed      0.00%
4101  UP001595799|tr|A0ABV8UP82|A0ABV8UP82_9PROT   85.43%    failed      0.04%
4102  UP001595528|tr|A0ABV7KZU4|A0ABV7KZU4_9PROT   85.26%    passed     13.22%
4103  UP000236333|tr|A0A2J8A2C5|A0A2J8A2C5_9CHLO   90.80%    passed     26.05%
4104  UP000815325|tr|A0ABQ7H370|A0ABQ7H370_DUNSA   83.24%    passed     18.09%
4105  UP000008561|tr|A8ZUU0|A8ZUU0_DESOH           85.26%    failed      4.39%
4106  UP000001949|tr|Q4N0N8|Q4N0N8_THEPA           82.99%    failed      0.00%
4107  UP000001950|tr|Q4UCY6|Q4UCY6_THEAN           82.96%    failed      0.00%
4108  UP000002173|tr|A7AWA8|A7AWA8_BABBO           84.22%    passed     11.72%
4109  UP000033188|tr|A0A061DCD0|A0A061DCD0_BABBI   83.07%    passed     28.80%
4110  UP000236319|tr|A0A2H6KEB2|A0A2H6KEB2_9APIC   84.14%    passed     49.17%
4111  UP001497744|tr|A0AAV4LW65|A0AAV4LW65_BABCB   89.29%    passed     55.05%
4112  UP001057455|tr|A0A9W5TDI4|A0A9W5TDI4_BABOV   84.22%    passed     24.25%
4113  UP001195914|tr|A0AAD9GKQ2|A0AAD9GKQ2_BABDI   83.40%    passed     26.99%
4114  UP001230268|tr|A0AAD8P8Z2|A0AAD8P8Z2_BABGI   84.11%    passed     19.54%
4115  UP000003786|tr|J4C440|J4C440_THEOR           71.24%    failed      0.00%
4116  UP000031512|tr|L1LE39|L1LE39_THEEQ           87.18%    passed     34.03%
4117  UP001214638|tr|A0AAD9UQ70|A0AAD9UQ70_9APIC   84.17%    failed      2.17%
4118  UP000002899|tr|I7IQ98|I7IQ98_BABMR           84.33%    failed      4.19%
4119  UP000318307|tr|A0A562RQ44|A0A562RQ44_9BACT   85.24%    failed      2.62%
4120  UP000321899|tr|A0A5S5MDN4|A0A5S5MDN4_9BACT   85.24%    failed      4.38%
4121  UP001209681|tr|A0ABT3N6D9|A0ABT3N6D9_9BACT   85.32%    passed      9.33%
4122  UP000007800|tr|C5K9M9|C5K9M9_PERM5           84.77%    passed      8.06%
4123  UP000553632|tr|A0A7J6SPZ7|A0A7J6SPZ7_PEROL   84.80%    passed     30.80%
4124  UP000591131|tr|A0A7J6L729|A0A7J6L729_PERCH   84.77%    passed     18.47%
4125  UP000604046|tr|A0A812KJ19|A0A812KJ19_9DINO   86.41%    failed      0.38%
4126  UP000001497|tr|C9RL56|C9RL56_FIBSS           85.07%    passed      5.73%
4127  UP000184275|tr|A0A1M6Z7D1|A0A1M6Z7D1_9BACT   85.07%    passed     13.13%
4128  UP000245523|tr|A0ABX5LLR5|A0ABX5LLR5_9BACT   85.07%    passed      5.83%
4129  UP000231134|tr|A0A2M9AAM4|A0A2M9AAM4_9BACT   85.07%    passed     10.00%
4130  UP000008076|tr|B0E8A9|B0E8A9_ENTDS           84.85%    failed      2.31%
4131  UP001628156|tr|A0ABQ0DCW3|A0ABQ0DCW3_9EUKA   84.85%    passed      7.27%
4132  UP000516349|tr|A0A7H1NR15|A0A7H1NR15_9PROT   67.49%    failed      0.00%
4133  UP000001450|tr|Q8I2N6|Q8I2N6_PLAF7           81.35%    failed      0.00%
4134  UP000030673|tr|W7K5B7|W7K5B7_PLAFO           81.35%    failed      0.00%
4135  UP000027581|tr|A0A060RST2|A0A060RST2_PLARE   81.32%    failed      0.00%
4136  UP000831156|tr|A0ABY1UN51|A0ABY1UN51_9APIC   81.40%    failed      0.00%
4137  UP000220158|tr|A0A1J1H7C8|A0A1J1H7C8_PLARL   82.47%    failed      0.00%
4138  UP000220797|tr|I2FKD0|I2FKD0_PLAGA           82.44%    failed      0.00%
4139  UP000078555|tr|A0A1A8YQ04|A0A1A8YQ04_PLAOA   78.72%    failed      0.00%
4140  UP000242942|tr|A0A1D3U801|A0A1D3U801_PLAOA   82.44%    failed      0.00%
4141  UP000219813|tr|A0A1A8WUK1|A0A1A8WUK1_PLAMA   81.27%    failed      0.00%
4142  UP001056978|tr|A0ACB9YC06|A0ACB9YC06_PLABR   82.09%    failed      0.00%
4143  UP000008553|tr|Q7RE85|Q7RE85_PLAYO           81.73%    failed      0.00%
4144  UP000018538|tr|V7PN12|V7PN12_PLAYE           81.70%    failed      0.00%
4145  UP000071118|tr|A0A4V0K7P0|A0A4V0K7P0_PLACU   81.70%    failed      0.00%
4146  UP000515268|tr|W7AJZ7|W7AJZ7_PLAVN           81.70%    failed      0.00%
4147  UP000074855|tr|A0A509AHA4|A0A509AHA4_PLABA   81.51%    failed      0.00%
4148  UP000006319|tr|K6V9J5|K6V9J5_PLACD           80.96%    failed      0.00%
4149  UP000031513|tr|A0A384LJD4|A0A384LJD4_PLAKH   81.57%    failed      0.00%
4150  UP000092716|tr|A0A1B1DY41|A0A1B1DY41_9APIC   80.96%    failed      0.00%
4151  UP000054561|tr|A0A0D9QKV4|A0A0D9QKV4_PLAFR   81.84%    failed      0.00%
4152  UP000008333|tr|A5K6Z2|A5K6Z2_PLAVS           80.55%    failed      0.00%
4153  UP000030640|tr|W7A8V1|W7A8V1_9APIC           81.29%    failed      0.00%
4154  UP000195521|tr|A0A1Y1JCW6|A0A1Y1JCW6_PLAGO   79.46%    failed      0.00%
4155  UP000001460|tr|B6ABD7|B6ABD7_CRYMR           84.36%    failed      0.02%
4156  UP000186804|tr|A0A1J4MSI0|A0A1J4MSI0_9CRYT   83.68%    failed      0.00%
4157  UP001057375|tr|A0ABQ5K8A6|A0ABQ5K8A6_9EUKA   84.09%    passed     24.74%
4158  UP000051952|tr|A0A0S4ILH3|A0A0S4ILH3_BODSA   90.88%    passed     60.11%
4159  UP000000503|tr|F8F0J2|F8F0J2_GRAC1           83.89%    failed      0.00%
4160  UP000009222|tr|F5YEZ1|F5YEZ1_LEAAZ           84.99%    failed      0.01%
4161  UP000014605|tr|S3LUG7|S3LUG7_9SPIR           84.47%    failed      0.02%
4162  UP000663454|tr|A0ABX7LX19|A0ABX7LX19_TREMD   85.02%    failed      0.16%
4163  UP001198163|tr|A0AAE3JK47|A0AAE3JK47_9SPIR   85.40%    failed      0.12%
4164  UP000003571|tr|H7ENS4|H7ENS4_9SPIR           85.57%    failed      0.51%
4165  UP000518887|tr|A0A7W8G7T2|A0A7W8G7T2_9SPIR   85.46%    failed      0.00%
4166  UP000030750|tr|U6LQS9|U6LQS9_9EIME           88.39%    failed      0.00%
WARNING: 4166 sequences contain more than 50% gaps/ambiguity
****  TOTAL                                        84.90%  797 sequences failed composition chi2 test (p-value<5%; df=19)
NOTE: UP001219309|tr|A0ABY8EB94|A0ABY8EB94_9ENTR is identical to UP000236063|tr|A0A2J7S4G5|A0A2J7S4G5_9ENTR but kept for subsequent analysis
NOTE: UP000000747|tr|B7M9W5|B7M9W5_ECO45 is identical to UP000000625|sp|P0AC33|FUMA_ECOLI but kept for subsequent analysis
NOTE: UP000002529|tr|Q3Z1W5|Q3Z1W5_SHISS is identical to UP000001030|tr|B2U2B0|B2U2B0_SHIB3 but kept for subsequent analysis
NOTE: UP000008962|tr|A0A0H3NGF6|A0A0H3NGF6_SALTS is identical to UP000002695|tr|A0A0F6B162|A0A0F6B162_SALT1 but kept for subsequent analysis
NOTE: UP000187148|tr|A0A807LF23|A0A807LF23_9ENTR is identical to UP000017834|tr|A0ABN0Q3L6|A0ABN0Q3L6_ENTCL but kept for subsequent analysis
NOTE: UP000019183|tr|W1DJ17|W1DJ17_KLEPN is identical to UP000007841|tr|A0A0H3GP67|A0A0H3GP67_KLEPH but kept for subsequent analysis
NOTE: UP001300015|tr|A0ABT1VJ58|A0ABT1VJ58_9GAMM is identical to UP000198841|tr|A0A1I3QWI7|A0A1I3QWI7_9GAMM but kept for subsequent analysis
NOTE: UP000002634|tr|A0AAU8P416|A0AAU8P416_EDWPI is identical to UP000002230|tr|A0A0H3DUB2|A0A0H3DUB2_EDWTF but kept for subsequent analysis
NOTE: UP000268669|tr|A0ABN5R210|A0ABN5R210_YERPU is identical to UP000000815|tr|A0A2U2H0M8|A0A2U2H0M8_YERPE but kept for subsequent analysis
NOTE: UP001058167|tr|A0AAI9L4X0|A0AAI9L4X0_PECCC is identical to UP000806577|tr|A0A9Q2ENC2|A0A9Q2ENC2_9GAMM but kept for subsequent analysis
NOTE: UP000250186|tr|A0ABX9ESA5|A0ABX9ESA5_9GAMM is identical to UP000249893|tr|A0ACD1JF83|A0ACD1JF83_9GAMM but kept for subsequent analysis
NOTE: UP000746420|tr|A0A949Q606|A0A949Q606_9ENTR is identical to UP000659047|tr|A0A8K0V458|A0A8K0V458_9ENTR but kept for subsequent analysis
NOTE: UP000473905|tr|A0A139LF22|A0A139LF22_BACOV is identical to UP000435059|tr|A0A1H4BMF1|A0A1H4BMF1_9BACE but kept for subsequent analysis
NOTE: UP001215398|tr|A0ABT5H8M1|A0ABT5H8M1_9BACE is identical to UP000600600|tr|A0ABR7CCF8|A0ABR7CCF8_9BACE but kept for subsequent analysis
NOTE: UP000310532|tr|A0A4S2B233|A0A4S2B233_9BACE is identical to UP000004110|tr|A0ABC9N8M1|A0ABC9N8M1_BACUC but kept for subsequent analysis
NOTE: UP001185704|tr|A0ABU4A934|A0ABU4A934_9BACE is identical to UP000005101|tr|A0ABN0BDV8|A0ABN0BDV8_BACFG but kept for subsequent analysis
NOTE: UP001167871|tr|A0ABT7X4E3|A0ABT7X4E3_9BACE is identical to UP000620874|tr|A0ABR8YAK4|A0ABR8YAK4_9BACT but kept for subsequent analysis
NOTE: UP000782117|tr|A0ABS2F877|A0ABS2F877_9BACE is identical to UP000616346|tr|A0ABR8VCJ8|A0ABR8VCJ8_9BACT but kept for subsequent analysis
NOTE: UP000766986|tr|A0ABS2E103|A0ABS2E103_9BACT is identical to UP000698924|tr|A0AA41DCC6|A0AA41DCC6_9BACT but kept for subsequent analysis
NOTE: UP001196342|tr|A0ABS5X2L2|A0ABS5X2L2_BACUN is identical to UP000005974|tr|I9Q8N2|I9Q8N2_9BACT but kept for subsequent analysis
NOTE: UP000469462|tr|A0AAI9SCE8|A0AAI9SCE8_9BURK is identical to UP000308889|tr|A0ABX5VB38|A0ABX5VB38_9BURK but kept for subsequent analysis
NOTE: UP001589688|tr|A0ABV5ZHF2|A0ABV5ZHF2_9BACT is identical to UP000010862|tr|F9D4C5|F9D4C5_PREDD but kept for subsequent analysis
NOTE: UP000216189|tr|A0AA37MJ99|A0AA37MJ99_SEGBR is identical to UP000004524|tr|D8DVN2|D8DVN2_9BACT but kept for subsequent analysis
NOTE: UP001589665|tr|A0ABV5JYV7|A0ABV5JYV7_9FLAO is identical to UP000298517|tr|A0A4Y8AW09|A0A4Y8AW09_9FLAO but kept for subsequent analysis
NOTE: UP000316916|tr|A0A521E861|A0A521E861_9FLAO is identical to UP000316437|tr|A0A543E4R8|A0A543E4R8_9FLAO but kept for subsequent analysis
NOTE: UP000256512|tr|A0A3D9BV98|A0A3D9BV98_9FLAO is identical to UP000190669|tr|A0ABY1L712|A0ABY1L712_9FLAO but kept for subsequent analysis
NOTE: UP000561681|tr|A0A7W7IW63|A0A7W7IW63_9FLAO is identical to UP000533549|tr|A0ABR6Q7S3|A0ABR6Q7S3_9FLAO but kept for subsequent analysis
NOTE: UP000596157|tr|A0ABX7ADY4|A0ABX7ADY4_9GAMM is identical to UP000179588|tr|A0A1S1HT48|A0A1S1HT48_PROST but kept for subsequent analysis
NOTE: UP001201629|tr|A0ABS9MUF7|A0ABS9MUF7_9ACTN is identical to UP000249045|tr|A0A328N2R6|A0A328N2R6_9ACTN but kept for subsequent analysis
NOTE: UP001596207|tr|A0ABW1HNP0|A0ABW1HNP0_9ACTN is identical to UP000032254|tr|A0A0D0VPT7|A0A0D0VPT7_9ACTN but kept for subsequent analysis
NOTE: UP000624709|tr|A0ABQ4BJD0|A0ABQ4BJD0_9ACTN is identical to UP000053244|tr|A0A117MNV5|A0A117MNV5_9ACTN but kept for subsequent analysis
NOTE: UP001501584|tr|A0ABP5SIZ5|A0ABP5SIZ5_9ACTN is identical to UP001183604|tr|A0A9X3PJ77|A0A9X3PJ77_9ACTN but kept for subsequent analysis
NOTE: UP000430079|tr|A0A640SUT8|A0A640SUT8_9ACTN is identical to UP000194225|tr|A0AAE6NM48|A0AAE6NM48_STRPT but kept for subsequent analysis
NOTE: UP001307760|tr|A0ABU7NSA2|A0ABU7NSA2_9ACTN is identical to UP001059597|tr|A0ABM8A1I3|A0ABM8A1I3_STRNI but kept for subsequent analysis
NOTE: UP000037185|tr|A0ACC4W429|A0ACC4W429_STRFR is identical to UP000028058|tr|A0A3R7FAH1|A0A3R7FAH1_9ACTN but kept for subsequent analysis
NOTE: UP001595990|tr|A0ABV9BRY3|A0ABV9BRY3_9ACTN is identical to UP000267900|tr|A0A3S9PLS9|A0A3S9PLS9_STRLT but kept for subsequent analysis
NOTE: UP000671836|tr|A0ABX7RX20|A0ABX7RX20_9ACTN is identical to UP000664781|tr|A0A939JRY1|A0A939JRY1_9ACTN but kept for subsequent analysis
NOTE: UP001499989|tr|A0ABN3TJ38|A0ABN3TJ38_9ACTN is identical to UP000001973|tr|Q9FBN4|Q9FBN4_STRCO but kept for subsequent analysis
NOTE: UP001301132|tr|A0ABT4P6C8|A0ABT4P6C8_9ACTN is identical to UP000028682|tr|A0ABM5R0C9|A0ABM5R0C9_STRLI but kept for subsequent analysis
NOTE: UP001596321|tr|A0ABW1Y1P8|A0ABW1Y1P8_STRPL is identical to UP001064390|tr|A0ABY6BYA8|A0ABY6BYA8_9ACTN but kept for subsequent analysis
NOTE: UP001595913|tr|A0ABV9IGD0|A0ABV9IGD0_9ACTN is identical to UP001595839|tr|A0ABV9ANG7|A0ABV9ANG7_9ACTN but kept for subsequent analysis
NOTE: UP001500442|tr|A0ABP5QV32|A0ABP5QV32_9ACTN is identical to UP000620156|tr|A0A918EQ87|A0A918EQ87_9ACTN but kept for subsequent analysis
NOTE: UP001052655|tr|A0ABQ3Q1T2|A0ABQ3Q1T2_9ACTN is identical to UP000653493|tr|A0A918GAQ8|A0A918GAQ8_STRGD but kept for subsequent analysis
NOTE: UP000597853|tr|A0ABQ2SP20|A0ABQ2SP20_STREZ is identical to UP000011732|tr|M3CX32|M3CX32_STREZ but kept for subsequent analysis
NOTE: UP001500728|tr|A0ABP6R5I1|A0ABP6R5I1_9ACTN is identical to UP000629911|tr|A0ABQ2TV92|A0ABQ2TV92_9ACTN but kept for subsequent analysis
NOTE: UP000556843|tr|A0ACC7XTZ8|A0ACC7XTZ8_9ACTN is identical to UP000027443|tr|A0ABR4S663|A0ABR4S663_9ACTN but kept for subsequent analysis
NOTE: UP001353952|tr|A0ABU6M4Y1|A0ABU6M4Y1_9ACTN is identical to UP000579531|tr|A0AA89QAQ5|A0AA89QAQ5_STRCU but kept for subsequent analysis
NOTE: UP001501391|tr|A0ABN3C1A0|A0ABN3C1A0_9ACTN is identical to UP001299012|tr|A0ABS9JMZ6|A0ABS9JMZ6_9ACTN but kept for subsequent analysis
NOTE: UP001553148|tr|A0ABV3KM08|A0ABV3KM08_STRGS is identical to UP000247634|tr|A0A2U9P7V8|A0A2U9P7V8_STRAS but kept for subsequent analysis
NOTE: UP001611397|tr|A0ABW7VDW6|A0ABW7VDW6_STROI is identical to UP000053398|tr|A0A117QIS1|A0A117QIS1_STRCK but kept for subsequent analysis
NOTE: UP000577386|tr|A0A7W3RNR1|A0A7W3RNR1_STRMR is identical to UP000276379|tr|A0A3R8RB07|A0A3R8RB07_9ACTN but kept for subsequent analysis
NOTE: UP001501721|tr|A0ABN3KT62|A0ABN3KT62_9ACTN is identical to UP001500691|tr|A0ABP8SMC7|A0ABP8SMC7_9ACTN but kept for subsequent analysis
NOTE: UP001598300|tr|A0ABW6DXP6|A0ABW6DXP6_9ACTN is identical to UP000175971|tr|A0A1E7LFH7|A0A1E7LFH7_9ACTN but kept for subsequent analysis
NOTE: UP001056079|tr|A0ABY4USL2|A0ABY4USL2_STRFL is identical to UP000323242|tr|A0A5D4IIB7|A0A5D4IIB7_9ACTN but kept for subsequent analysis
NOTE: UP001595871|tr|A0ABV8N689|A0ABV8N689_9ACTN is identical to UP001183777|tr|A0ABU2RPV2|A0ABU2RPV2_9ACTN but kept for subsequent analysis
NOTE: UP001331624|tr|A0ABU7YFM6|A0ABU7YFM6_9ACTN is identical to UP001278571|tr|A0ABU4KFS6|A0ABU4KFS6_9ACTN but kept for subsequent analysis
NOTE: UP001596066|tr|A0ABW0VFC8|A0ABW0VFC8_9ACTN is identical to UP001206483|tr|A0ABT1IQF6|A0ABT1IQF6_9ACTN but kept for subsequent analysis
NOTE: UP001592582|tr|A0ABV6VGT3|A0ABV6VGT3_9ACTN is identical to UP001592529|tr|A0ABV6WLT2|A0ABV6WLT2_9ACTN but kept for subsequent analysis
NOTE: UP000309033|tr|A0A5R8YLS9|A0A5R8YLS9_9ACTN is identical to UP000262538|tr|A0ABX9LG02|A0ABX9LG02_9ACTN but kept for subsequent analysis
NOTE: UP000653480|tr|A0A8H9H4L3|A0A8H9H4L3_9ACTN is identical to UP000653231|tr|A0ABR8L235|A0ABR8L235_9ACTN but kept for subsequent analysis
NOTE: UP000696294|tr|A0ABX1AZL1|A0ABX1AZL1_9ACTN is identical to UP000190797|tr|A0A1V0AM53|A0A1V0AM53_9ACTN but kept for subsequent analysis
NOTE: UP000479526|tr|A0A7C9J7M0|A0A7C9J7M0_9ACTN is identical to UP000308705|tr|A0A4U3LX02|A0A4U3LX02_9ACTN but kept for subsequent analysis
NOTE: UP000556611|tr|A0ABX1LL03|A0ABX1LL03_9ACTN is identical to UP000319375|tr|A0A5C5S351|A0A5C5S351_9ACTN but kept for subsequent analysis
NOTE: UP001501170|tr|A0ABN3HGI7|A0ABN3HGI7_9ACTN is identical to UP000035083|tr|L7LLX1|L7LLX1_9ACTN but kept for subsequent analysis
NOTE: UP001601442|tr|A0ABW6P8Y7|A0ABW6P8Y7_9NOCA is identical to UP001251217|tr|A0ABU1X9F9|A0ABU1X9F9_9NOCA but kept for subsequent analysis
NOTE: UP001601948|tr|A0ABW6QRQ0|A0ABW6QRQ0_9NOCA is identical to UP000321424|tr|A0A511MSF1|A0A511MSF1_9NOCA but kept for subsequent analysis
NOTE: UP000662986|tr|A0A974ZSX6|A0A974ZSX6_9NOCA is identical to UP000287519|tr|A0A402BZ04|A0A402BZ04_RHOWR but kept for subsequent analysis
NOTE: UP001589535|tr|A0ABV5U236|A0ABV5U236_9PSEU is identical to UP000649955|tr|A0ABQ3KUA9|A0ABQ3KUA9_9PSEU but kept for subsequent analysis
NOTE: UP001597542|tr|A0ABW5IDE9|A0ABW5IDE9_9PSEU is identical to UP000526734|tr|A0A7W3ZA58|A0A7W3ZA58_9PSEU but kept for subsequent analysis
NOTE: UP000215223|tr|A0A229SGK4|A0A229SGK4_9PSEU is identical to UP000188551|tr|M2NP27|M2NP27_9PSEU but kept for subsequent analysis
NOTE: UP001163203|tr|A0ABY7B5J8|A0ABY7B5J8_9PSEU is identical to UP000320011|tr|A0A558CNT2|A0A558CNT2_9PSEU but kept for subsequent analysis
NOTE: UP001500192|tr|A0ABP9QM60|A0ABP9QM60_9PSEU is identical to UP000199025|tr|A0A1I3W6F5|A0A1I3W6F5_9PSEU but kept for subsequent analysis
NOTE: UP001500729|tr|A0ABN1DJJ7|A0ABN1DJJ7_SACER is identical to UP000006728|tr|A4FAM5|A4FAM5_SACEN but kept for subsequent analysis
NOTE: UP000320693|tr|A0ABQ0S1L4|A0ABQ0S1L4_9PSEU is identical to UP000194360|tr|A0A1Y2MP47|A0A1Y2MP47_PSEAH but kept for subsequent analysis
NOTE: UP001367513|tr|A0ABU9AEZ7|A0ABU9AEZ7_PSEA5 is identical to UP000549695|tr|A0A852WGI6|A0A852WGI6_PSEA5 but kept for subsequent analysis
NOTE: UP001160301|tr|A0ABT6P8M9|A0ABT6P8M9_9BACT is identical to UP000309215|tr|A0A4V5PK92|A0A4V5PK92_9BACT but kept for subsequent analysis
NOTE: UP000002719|tr|Q2YNT5|Q2YNT5_BRUA2 is identical to UP000000419|tr|Q8YGY9|Q8YGY9_BRUME but kept for subsequent analysis
NOTE: UP000179454|tr|A0ABD6H4L2|A0ABD6H4L2_AGRVI is identical to UP000001596|tr|B9JW53|B9JW53_ALLAM but kept for subsequent analysis
NOTE: UP001157117|tr|A0ABQ6E6E1|A0ABQ6E6E1_9SPHN is identical to UP000321717|tr|A0A512HCE3|A0A512HCE3_9HYPH but kept for subsequent analysis
NOTE: UP000182703|tr|A0AAC9NZT2|A0AAC9NZT2_9HYPH is identical to UP000182178|tr|A0ABM9U1N8|A0ABM9U1N8_9HYPH but kept for subsequent analysis
NOTE: UP000586722|tr|A0A7X5F247|A0A7X5F247_9HYPH is identical to UP000541347|tr|A0ABW9ZD09|A0ABW9ZD09_9HYPH but kept for subsequent analysis
NOTE: UP000256725|tr|A0ABX9JAF5|A0ABX9JAF5_9BRAD is identical to UP000256343|tr|A0A336JQ75|A0A336JQ75_9BRAD but kept for subsequent analysis
NOTE: UP001549291|tr|A0ABV2RVF6|A0ABV2RVF6_BRAJP is identical to UP001430990|tr|A0ABY3QF63|A0ABY3QF63_9BRAD but kept for subsequent analysis
NOTE: UP000274082|tr|A2CIN8|A2CIN8_LEIDO is identical to UP000008153|tr|A2CIN0|A2CIN0_LEIIN but kept for subsequent analysis
NOTE: UP000195570|tr|A0A1G4I5V2|A0A1G4I5V2_TRYEQ is identical to UP000008524|tr|Q580J2|Q580J2_TRYB2 but kept for subsequent analysis
NOTE: UP000030673|tr|W7K5B7|W7K5B7_PLAFO is identical to UP000001450|tr|Q8I2N6|Q8I2N6_PLAF7 but kept for subsequent analysis
NOTE: 19 identical sequences (see below) will be ignored for subsequent analysis
NOTE: UP000001122|tr|A7ZM72|A7ZM72_ECO24 (identical to UP000000625|sp|P0AC33|FUMA_ECOLI) is ignored but added at the end
NOTE: UP000001410|sp|P0AC34|FUMA_ECOL6 (identical to UP000000625|sp|P0AC33|FUMA_ECOLI) is ignored but added at the end
NOTE: UP000008205|tr|B7URV2|B7URV2_ECO27 (identical to UP000000625|sp|P0AC33|FUMA_ECOLI) is ignored but added at the end
NOTE: UP000008216|tr|A0A0H2YZF0|A0A0H2YZF0_ECOK1 (identical to UP000000625|sp|P0AC33|FUMA_ECOLI) is ignored but added at the end
NOTE: UP000008614|tr|A0A0H3EHQ5|A0A0H3EHQ5_ECO8N (identical to UP000000625|sp|P0AC33|FUMA_ECOLI) is ignored but added at the end
NOTE: UP001617689|tr|A0ABW8GCM6|A0ABW8GCM6_9GAMM (identical to UP000806577|tr|A0A9Q2ENC2|A0A9Q2ENC2_9GAMM) is ignored but added at the end
NOTE: UP001269297|tr|A0ABU3IVE6|A0ABU3IVE6_9BACE (identical to UP000435059|tr|A0A1H4BMF1|A0A1H4BMF1_9BACE) is ignored but added at the end
NOTE: UP000600230|tr|A0ABR7BZY9|A0ABR7BZY9_9BACE (identical to UP000004110|tr|A0ABC9N8M1|A0ABC9N8M1_BACUC) is ignored but added at the end
NOTE: UP001143192|tr|A0A9X2NT89|A0A9X2NT89_9BACE (identical to UP000004110|tr|A0ABC9N8M1|A0ABC9N8M1_BACUC) is ignored but added at the end
NOTE: UP001491715|tr|A0ABV0I0K4|A0ABV0I0K4_9BACE (identical to UP000004110|tr|A0ABC9N8M1|A0ABC9N8M1_BACUC) is ignored but added at the end
NOTE: UP001184376|tr|A0ACC6IZ90|A0ACC6IZ90_9FLAO (identical to UP000316437|tr|A0A543E4R8|A0A543E4R8_9FLAO) is ignored but added at the end
NOTE: UP001611162|tr|A0ABW7SXL1|A0ABW7SXL1_9ACTN (identical to UP000267900|tr|A0A3S9PLS9|A0A3S9PLS9_STRLT) is ignored but added at the end
NOTE: UP001303608|tr|A0ACD4WKQ1|A0ACD4WKQ1_STRVN (identical to UP000028682|tr|A0ABM5R0C9|A0ABM5R0C9_STRLI) is ignored but added at the end
NOTE: UP001622731|tr|A0ABZ1M1V4|A0ABZ1M1V4_9ACTN (identical to UP000028682|tr|A0ABM5R0C9|A0ABM5R0C9_STRLI) is ignored but added at the end
NOTE: UP001605990|tr|A0AAX3ZNN5|A0AAX3ZNN5_STRRO (identical to UP001064390|tr|A0ABY6BYA8|A0ABY6BYA8_9ACTN) is ignored but added at the end
NOTE: UP001231675|tr|A0ABT9LJF2|A0ABT9LJF2_STRGD (identical to UP000653493|tr|A0A918GAQ8|A0A918GAQ8_STRGD) is ignored but added at the end
NOTE: UP001501423|tr|A0ABP6JSV6|A0ABP6JSV6_9ACTN (identical to UP000629911|tr|A0ABQ2TV92|A0ABQ2TV92_9ACTN) is ignored but added at the end
NOTE: UP001617511|tr|A0ABW8FA32|A0ABW8FA32_9ACTN (identical to UP000579531|tr|A0AA89QAQ5|A0AA89QAQ5_STRCU) is ignored but added at the end
NOTE: UP000322810|tr|A0ABY3LS13|A0ABY3LS13_9ACTN (identical to UP000262538|tr|A0ABX9LG02|A0ABX9LG02_9ACTN) is ignored but added at the end
Alignment was printed to results/trees/class1/AA_.uniqueseq.phy

For your convenience alignment with unique sequences printed to results/trees/class1/AA_.uniqueseq.phy

NOTE: Restoring information from model checkpoint file results/trees/class1/AA_.model.gz

CHECKPOINT: Initial tree restored
Measuring multi-threading efficiency up to 16 CPU cores
2 trees examined
Threads: 1 / Time: 64.414 sec / Speedup: 1.000 / Efficiency: 100% / LogL: -2099862
Threads: 2 / Time: 38.276 sec / Speedup: 1.683 / Efficiency: 84% / LogL: -2099862
Threads: 3 / Time: 31.225 sec / Speedup: 2.063 / Efficiency: 69% / LogL: -2099862
Threads: 4 / Time: 24.978 sec / Speedup: 2.579 / Efficiency: 64% / LogL: -2099862
Threads: 5 / Time: 22.804 sec / Speedup: 2.825 / Efficiency: 56% / LogL: -2099862
Threads: 6 / Time: 20.217 sec / Speedup: 3.186 / Efficiency: 53% / LogL: -2099862
Threads: 7 / Time: 19.072 sec / Speedup: 3.377 / Efficiency: 48% / LogL: -2099862
BEST NUMBER OF THREADS: 6

Perform fast likelihood tree search using LG+I+G model...
CHECKPOINT: Tree restored, LogL: -556619.455
NOTE: ModelFinder requires 13565 MB RAM!
ModelFinder will test up to 1232 protein models (sample size: 3651 epsilon: 0.100) ...
 No. Model         -LnL         df  AIC          AICc         BIC
  1  LG            616764.191   8291 1250110.382  138748054.382 1301537.435
  2  LG+I          611597.153   8292 1239778.306  138770890.306 1291211.562
  3  LG+G4         554667.016   8292 1125918.031  138657030.031 1177351.287
  4  LG+I+G4       554308.350   8293 1125202.701  138689486.701 1176642.159
  5  LG+R2         569372.774   8293 1155331.547  138719615.547 1206771.006
  6  LG+R3         559451.646   8295 1135493.292  138766133.292 1186945.156
  7  LG+R4         556156.238   8297 1128906.476  138825918.476 1180370.745
  8  LG+R5         554139.669   8299 1124877.338  138888277.338 1176354.014
  9  LG+R6         552764.634   8301 1122131.268  138951935.268 1173620.349
 10  LG+R7         551615.768   8303 1119837.537  139016061.537 1171339.023
 11  LG+R8         550904.081   8305 1118418.163  139081078.163 1169932.054
 12  LG+R9         550596.929   8307 1117807.858  139146919.858 1169334.156
 13  LG+R10        550474.976   8309 1117567.952  139213147.952 1169106.655
 14  LG+I+R2       567967.801   8294 1152523.602  138749983.602 1203969.263
 15  LG+I+R3       558718.211   8296 1134028.422  138797852.422 1185486.489
 16  LG+I+R4       555633.648   8298 1127863.297  138858067.297 1179333.769
 17  LG+I+R5       553724.529   8300 1124049.057  138920649.057 1175531.935
 18  LG+I+R6       552409.319   8302 1121422.639  138984434.639 1172917.922
 19  LG+I+R7       551346.982   8304 1119301.965  139048741.965 1170809.654
 20  LG+I+R8       550689.827   8306 1117991.654  139113875.654 1169511.749
 21  LG+I+R9       550476.463   8308 1117568.927  139179912.927 1169101.427
 22  LG+I+R10      550358.432   8310 1117336.864  139246156.864 1168881.770
 44  LG+F+I+R10    551113.548   8329 1118885.095  139880025.095 1170547.853
 66  WAG+I+R10     553174.799   8310 1122969.598  139251789.598 1174514.503
 88  WAG+F+I+R10   553917.782   8329 1124493.563  139885633.563 1176156.321
110  JTT+I+R10     556336.220   8310 1129292.440  139258112.440 1180837.346
132  JTT+F+I+R10   556878.624   8329 1130415.247  139891555.247 1182078.005
WARNING: Normalizing state frequencies so that sum of them equals to 1
154  Q.pfam+I+R10  550152.495   8310 1116924.989  139245744.989 1168469.895
WARNING: Normalizing state frequencies so that sum of them equals to 1
176  Q.pfam+F+I+R10 552039.811   8329 1120737.622  139881877.622 1172400.380
WARNING: Normalizing state frequencies so that sum of them equals to 1
198  Q.bird+I+R10  571485.385   8310 1159590.770  139288410.770 1211135.676
WARNING: Normalizing state frequencies so that sum of them equals to 1
220  Q.bird+F+I+R10 573682.598   8329 1164023.196  139925163.196 1215685.954
WARNING: Normalizing state frequencies so that sum of them equals to 1
242  Q.mammal+I+R10 565180.032   8310 1146980.064  139275800.064 1198524.970
WARNING: Normalizing state frequencies so that sum of them equals to 1
264  Q.mammal+F+I+R10 567427.348   8329 1151512.695  139912652.695 1203175.453
286  Q.insect+I+R10 552084.938   8310 1120789.876  139249609.876 1172334.781
308  Q.insect+F+I+R10 553344.714   8329 1123347.428  139884487.428 1175010.186
WARNING: Normalizing state frequencies so that sum of them equals to 1
330  Q.plant+I+R10 557861.519   8310 1132343.039  139261163.039 1183887.944
WARNING: Normalizing state frequencies so that sum of them equals to 1
352  Q.plant+F+I+R10 559336.710   8329 1135331.420  139896471.420 1186994.178
WARNING: Normalizing state frequencies so that sum of them equals to 1
374  Q.yeast+I+R10 551704.516   8310 1120029.032  139248849.032 1171573.937
WARNING: Normalizing state frequencies so that sum of them equals to 1
